,Date,BicenntenialBikeway,BicentennialBikewayPedestriansInbound,BicentennialBikewayPedestriansOutbound,BicentennialBikewayCyclistsInbound,BicentennialBikewayCyclistsOutbound,NorthBrisbaneBikewayMannParkWindsorPedestrianInbound,NorthBrisbaneBikewayMannParkWindsorPedestrianOutbound,NorthBrisbaneBikewayMannParkWindsorCyclistsInbound,SchulzCanalBridgePedestriansInbound,SchulzCanalBridgePedestriansOutbound,SchulzCanalBridgeCyclistsInbound,SchulzCanalBridgeCyclistsOutbound,StoryBridgeEastPedestrianInbound,StoryBridgeEastPedestrianOutbound,StoryBridgeEastCyclistsInbound,StoryBridgeEastCyclistsOutbound,StoryBridgeWestPedestrianInbound,StoryBridgeWestPedestrianOutbound,StoryBridgeWestCyclistsInbound,BureauOfMeteorologyStationNumber,RainfallAmount_millimetres_,PeriodOverWhichRainfallWasMeasured_days_,MaximumTemperature_DegreeC_,DaysOfAccumulationOfMaximumTemperature,DailyGlobalSolarExposure_MJ_m_m_
169,2014-06-19,4223.0,1630.0,1900.0,360.0,333.0,0.0,0.0,0.0,22.0,20.0,60.0,55.0,0.0,0.0,0.0,0.0,0.0,0.0,0.0,40913,0.0,1.0,20.3,1.0,8.0
170,2014-06-20,3619.0,1170.0,1586.0,460.0,403.0,0.0,0.0,0.0,21.0,20.0,45.0,49.0,0.0,0.0,0.0,0.0,0.0,0.0,0.0,40913,5.8,1.0,22.5,1.0,9.1
171,2014-06-21,4423.0,1289.0,1847.0,645.0,642.0,0.0,0.0,0.0,28.0,33.0,72.0,67.0,0.0,0.0,0.0,0.0,0.0,0.0,0.0,40913,0.0,1.0,25.6,1.0,12.9
172,2014-06-22,5023.0,1542.0,2126.0,720.0,635.0,0.0,0.0,0.0,26.0,21.0,82.0,76.0,0.0,0.0,0.0,0.0,0.0,0.0,0.0,40913,5.2,1.0,24.2,1.0,13.0
173,2014-06-23,5329.0,1862.0,2180.0,656.0,631.0,0.0,0.0,0.0,23.0,24.0,74.0,69.0,0.0,0.0,0.0,0.0,0.0,0.0,0.0,40913,0.2,1.0,24.1,1.0,13.6
174,2014-06-24,5210.0,1938.0,2250.0,512.0,510.0,0.0,0.0,0.0,30.0,29.0,81.0,81.0,0.0,0.0,0.0,0.0,0.0,0.0,0.0,40913,0.0,1.0,20.9,1.0,7.6
175,2014-06-25,5094.0,1849.0,2131.0,573.0,541.0,0.0,0.0,0.0,34.0,21.0,72.0,73.0,0.0,0.0,0.0,0.0,0.0,0.0,0.0,40913,0.0,1.0,21.8,1.0,13.6
176,2014-06-26,4949.0,1801.0,2131.0,521.0,496.0,0.0,0.0,0.0,21.0,24.0,64.0,56.0,0.0,0.0,0.0,0.0,0.0,0.0,0.0,40913,0.0,1.0,24.2,1.0,14.2
177,2014-06-27,4448.0,1498.0,2076.0,442.0,432.0,0.0,0.0,0.0,30.0,30.0,67.0,66.0,0.0,0.0,0.0,0.0,0.0,0.0,0.0,40913,0.0,1.0,23.6,1.0,14.2
178,2014-06-28,4022.0,1127.0,1837.0,530.0,528.0,0.0,0.0,0.0,33.0,22.0,47.0,46.0,0.0,0.0,0.0,0.0,0.0,0.0,0.0,40913,0.0,1.0,24.9,1.0,10.6
179,2014-06-29,3735.0,997.0,1688.0,527.0,523.0,37.0,17.0,9.0,21.0,13.0,87.0,82.0,0.0,0.0,0.0,0.0,0.0,0.0,0.0,40913,1.6,1.0,19.9,1.0,14.4
180,2014-06-30,4340.0,1473.0,1824.0,509.0,534.0,73.0,69.0,62.0,26.0,20.0,59.0,67.0,0.0,0.0,0.0,0.0,0.0,0.0,0.0,40913,0.2,1.0,19.1,1.0,14.1
181,2014-07-01,5171.0,1806.0,2272.0,514.0,579.0,54.0,35.0,74.0,29.0,21.0,82.0,67.0,0.0,0.0,0.0,0.0,0.0,0.0,0.0,40913,0.0,1.0,19.8,1.0,14.5
182,2014-07-02,4895.0,1639.0,2073.0,572.0,611.0,57.0,36.0,67.0,27.0,22.0,84.0,76.0,0.0,0.0,0.0,0.0,0.0,0.0,0.0,40913,0.0,1.0,21.2,1.0,14.1
183,2014-07-03,4699.0,1585.0,1939.0,572.0,603.0,50.0,40.0,75.0,29.0,21.0,80.0,75.0,0.0,0.0,0.0,0.0,0.0,0.0,0.0,40913,0.0,1.0,22.6,1.0,13.7
184,2014-07-04,4193.0,1387.0,1888.0,459.0,459.0,58.0,35.0,43.0,23.0,15.0,61.0,64.0,0.0,0.0,0.0,0.0,0.0,0.0,0.0,40913,0.0,1.0,23.9,1.0,12.3
185,2014-07-05,3918.0,1114.0,1794.0,504.0,506.0,31.0,32.0,26.0,13.0,19.0,58.0,56.0,0.0,0.0,0.0,0.0,0.0,0.0,0.0,40913,0.4,1.0,24.4,1.0,12.8
186,2014-07-06,4183.0,1189.0,1828.0,584.0,582.0,42.0,49.0,39.0,23.0,21.0,92.0,77.0,0.0,0.0,0.0,0.0,0.0,0.0,0.0,40913,0.0,1.0,20.5,1.0,14.5
187,2014-07-07,4650.0,1565.0,1824.0,616.0,645.0,59.0,57.0,82.0,26.0,28.0,70.0,60.0,0.0,0.0,0.0,0.0,0.0,0.0,0.0,40913,0.0,1.0,19.9,1.0,14.4
188,2014-07-08,5439.0,1809.0,2320.0,615.0,695.0,79.0,67.0,92.0,28.0,34.0,81.0,68.0,0.0,0.0,0.0,0.0,0.0,0.0,0.0,40913,0.0,1.0,21.7,1.0,14.7
189,2014-07-09,5044.0,1763.0,2076.0,576.0,629.0,49.0,33.0,62.0,27.0,24.0,82.0,73.0,0.0,0.0,0.0,0.0,0.0,0.0,0.0,40913,0.0,1.0,23.4,1.0,14.7
190,2014-07-10,4313.0,1450.0,1816.0,511.0,536.0,38.0,39.0,68.0,17.0,13.0,67.0,67.0,0.0,0.0,0.0,0.0,0.0,0.0,0.0,40913,0.0,1.0,20.0,1.0,14.7
191,2014-07-11,4320.0,1438.0,1978.0,452.0,452.0,59.0,38.0,66.0,26.0,19.0,73.0,65.0,583.0,306.0,0.0,0.0,0.0,0.0,0.0,40913,0.0,1.0,22.4,1.0,15.0
192,2014-07-12,4100.0,1153.0,1894.0,526.0,527.0,40.0,35.0,43.0,26.0,23.0,72.0,58.0,441.0,209.0,0.0,0.0,0.0,0.0,0.0,40913,0.0,1.0,22.6,1.0,15.0
193,2014-07-13,4675.0,1313.0,2065.0,652.0,645.0,37.0,33.0,37.0,75.0,36.0,97.0,94.0,339.0,127.0,0.0,0.0,0.0,0.0,0.0,40913,0.0,1.0,21.8,1.0,14.3
194,2014-07-14,4803.0,1667.0,1907.0,583.0,646.0,49.0,42.0,72.0,24.0,25.0,57.0,55.0,284.0,165.0,0.0,0.0,0.0,0.0,0.0,40913,0.0,1.0,21.4,1.0,13.4
195,2014-07-15,4548.0,1587.0,1887.0,518.0,556.0,53.0,41.0,72.0,36.0,23.0,70.0,63.0,139.0,72.0,0.0,0.0,0.0,0.0,0.0,40913,0.0,1.0,20.5,1.0,9.0
196,2014-07-16,4710.0,1626.0,1994.0,535.0,555.0,59.0,46.0,61.0,21.0,19.0,59.0,65.0,216.0,134.0,0.0,0.0,0.0,0.0,0.0,40913,0.8,1.0,22.0,1.0,8.4
197,2014-07-17,5355.0,1795.0,2296.0,621.0,643.0,69.0,46.0,76.0,36.0,23.0,77.0,72.0,396.0,228.0,0.0,0.0,0.0,0.0,0.0,40913,2.0,1.0,22.2,1.0,15.0
198,2014-07-18,3984.0,1338.0,1813.0,423.0,410.0,38.0,36.0,51.0,22.0,24.0,63.0,56.0,307.0,174.0,0.0,0.0,0.0,0.0,0.0,40913,0.2,1.0,18.7,1.0,15.2
199,2014-07-19,3756.0,916.0,1742.0,544.0,554.0,39.0,44.0,42.0,33.0,33.0,63.0,56.0,27.0,48.0,0.0,0.0,0.0,0.0,0.0,40913,0.0,1.0,20.3,1.0,15.2
200,2014-07-20,4882.0,1306.0,2161.0,698.0,717.0,37.0,46.0,41.0,32.0,32.0,98.0,85.0,0.0,0.0,0.0,0.0,0.0,0.0,0.0,40913,0.0,1.0,23.2,1.0,13.7
201,2014-07-21,5204.0,1864.0,2057.0,611.0,672.0,66.0,54.0,76.0,29.0,20.0,60.0,60.0,0.0,0.0,0.0,0.0,0.0,0.0,0.0,40913,0.0,1.0,22.2,1.0,10.1
202,2014-07-22,5125.0,1843.0,2172.0,556.0,554.0,53.0,42.0,74.0,26.0,27.0,76.0,75.0,0.0,0.0,0.0,0.0,0.0,0.0,0.0,40913,0.0,1.0,22.6,1.0,10.9
203,2014-07-23,5587.0,1951.0,2377.0,612.0,647.0,63.0,36.0,64.0,79.0,25.0,70.0,68.0,0.0,0.0,0.0,0.0,0.0,0.0,0.0,40913,2.4,1.0,22.8,1.0,14.2
204,2014-07-24,5390.0,1900.0,2328.0,547.0,615.0,64.0,43.0,91.0,27.0,28.0,84.0,81.0,0.0,0.0,0.0,0.0,0.0,0.0,0.0,40913,0.2,1.0,23.3,1.0,13.8
205,2014-07-25,4911.0,1668.0,2189.0,525.0,529.0,47.0,39.0,69.0,22.0,21.0,74.0,61.0,0.0,0.0,0.0,0.0,5.0,0.0,0.0,40913,0.0,1.0,23.8,1.0,14.7
206,2014-07-26,3919.0,1127.0,1815.0,500.0,477.0,32.0,28.0,39.0,17.0,10.0,50.0,51.0,1.0,1.0,0.0,0.0,914.0,1328.0,7.0,40913,0.0,1.0,22.7,1.0,9.4
207,2014-07-27,5204.0,1451.0,2377.0,687.0,689.0,37.0,49.0,46.0,25.0,25.0,85.0,83.0,0.0,0.0,0.0,0.0,0.0,0.0,0.0,40913,8.0,1.0,24.4,1.0,15.7
208,2014-07-28,5585.0,2001.0,2156.0,688.0,740.0,63.0,56.0,98.0,24.0,18.0,67.0,62.0,0.0,0.0,0.0,0.0,2.0,2.0,0.0,40913,0.2,1.0,23.7,1.0,15.7
209,2014-07-29,6166.0,2148.0,2645.0,650.0,723.0,77.0,73.0,110.0,28.0,29.0,79.0,72.0,0.0,0.0,0.0,0.0,1.0,2.0,0.0,40913,0.0,1.0,25.1,1.0,16.1
210,2014-07-30,5965.0,2023.0,2531.0,663.0,748.0,63.0,59.0,70.0,29.0,23.0,84.0,85.0,0.0,0.0,0.0,0.0,7.0,5.0,1.0,40913,0.0,1.0,25.9,1.0,16.5
211,2014-07-31,5690.0,1962.0,2415.0,635.0,678.0,68.0,47.0,83.0,43.0,25.0,79.0,70.0,0.0,0.0,0.0,0.0,2.0,2.0,0.0,40913,0.0,1.0,25.4,1.0,16.1
212,2014-08-01,5211.0,1804.0,2324.0,552.0,531.0,45.0,36.0,76.0,26.0,24.0,75.0,69.0,0.0,0.0,0.0,0.0,1.0,4.0,0.0,40913,0.0,1.0,28.5,1.0,14.8
213,2014-08-02,4600.0,1277.0,2164.0,571.0,588.0,29.0,19.0,46.0,24.0,19.0,84.0,44.0,0.0,0.0,0.0,0.0,152.0,95.0,42.0,40913,0.0,1.0,21.4,1.0,16.6
214,2014-08-03,5580.0,928.0,1307.0,2786.0,559.0,24.0,27.0,46.0,34.0,23.0,97.0,97.0,0.0,0.0,0.0,0.0,427.0,1878.0,103.0,40913,0.0,1.0,21.4,1.0,12.4
215,2014-08-04,4401.0,1460.0,1693.0,578.0,670.0,57.0,46.0,91.0,20.0,15.0,51.0,47.0,0.0,0.0,0.0,0.0,2.0,1.0,0.0,40913,2.0,1.0,20.2,1.0,11.5
216,2014-08-05,5835.0,2044.0,2408.0,655.0,728.0,72.0,46.0,91.0,40.0,26.0,69.0,68.0,0.0,0.0,0.0,0.0,10.0,8.0,2.0,40913,0.4,1.0,21.8,1.0,13.7
218,2014-08-07,5762.0,2007.0,2463.0,608.0,684.0,72.0,49.0,84.0,23.0,24.0,103.0,99.0,0.0,0.0,0.0,0.0,9.0,6.0,0.0,40913,0.0,1.0,24.0,1.0,16.6
219,2014-08-08,4967.0,1656.0,2264.0,524.0,523.0,60.0,62.0,84.0,26.0,14.0,73.0,76.0,0.0,0.0,0.0,0.0,11.0,14.0,5.0,40913,0.0,1.0,23.3,1.0,14.4
220,2014-08-09,4091.0,1097.0,1957.0,523.0,514.0,29.0,28.0,45.0,20.0,21.0,70.0,49.0,0.0,0.0,0.0,0.0,7.0,2.0,2.0,40913,0.0,1.0,21.9,1.0,11.1
221,2014-08-10,5298.0,1439.0,2368.0,764.0,727.0,34.0,52.0,46.0,32.0,29.0,92.0,87.0,0.0,0.0,0.0,0.0,0.0,1.0,0.0,40913,0.0,1.0,24.6,1.0,16.3
222,2014-08-11,5687.0,1978.0,2231.0,674.0,804.0,61.0,46.0,95.0,38.0,27.0,79.0,76.0,0.0,0.0,0.0,0.0,5.0,6.0,6.0,40913,0.0,1.0,25.9,1.0,17.0
223,2014-08-12,5692.0,2028.0,2422.0,631.0,611.0,72.0,64.0,95.0,34.0,24.0,66.0,70.0,0.0,0.0,0.0,0.0,5.0,7.0,8.0,40913,0.0,1.0,22.1,1.0,13.7
224,2014-08-13,5701.0,1650.0,2569.0,736.0,746.0,39.0,36.0,54.0,40.0,29.0,105.0,111.0,0.0,0.0,0.0,0.0,0.0,3.0,0.0,40913,0.0,1.0,22.6,1.0,15.8
225,2014-08-14,5076.0,1810.0,2120.0,549.0,597.0,66.0,52.0,84.0,28.0,28.0,73.0,73.0,0.0,0.0,0.0,0.0,3.0,3.0,0.0,40913,0.0,1.0,21.6,1.0,11.7
226,2014-08-15,4202.0,1385.0,1898.0,443.0,476.0,36.0,24.0,60.0,25.0,20.0,42.0,42.0,0.0,0.0,0.0,0.0,2.0,1.0,0.0,40913,0.0,1.0,20.9,1.0,10.1
227,2014-08-16,710.0,129.0,183.0,182.0,216.0,9.0,14.0,10.0,13.0,10.0,10.0,7.0,0.0,0.0,0.0,0.0,0.0,1.0,0.0,40913,4.0,1.0,17.4,1.0,4.9
228,2014-08-17,3944.0,966.0,1407.0,799.0,772.0,54.0,34.0,37.0,21.0,23.0,63.0,45.0,0.0,0.0,0.0,0.0,1.0,1.0,0.0,40913,51.6,1.0,22.5,1.0,16.8
229,2014-08-18,5004.0,1740.0,2095.0,570.0,599.0,63.0,57.0,94.0,28.0,30.0,73.0,70.0,0.0,0.0,0.0,0.0,10.0,6.0,1.0,40913,0.0,1.0,20.9,1.0,16.1
230,2014-08-19,6161.0,2115.0,2545.0,725.0,776.0,81.0,48.0,103.0,37.0,28.0,76.0,70.0,0.0,0.0,0.0,0.0,333.0,381.0,108.0,40913,0.0,1.0,24.3,1.0,18.0
231,2014-08-20,6203.0,2152.0,2614.0,699.0,738.0,75.0,45.0,91.0,40.0,31.0,75.0,84.0,0.0,0.0,0.0,0.0,908.0,811.0,870.0,40913,0.0,1.0,24.2,1.0,17.3
232,2014-08-21,5532.0,1973.0,2358.0,589.0,612.0,65.0,47.0,104.0,36.0,29.0,78.0,79.0,0.0,0.0,0.0,0.0,792.0,765.0,759.0,40913,0.0,1.0,23.2,1.0,15.5
233,2014-08-22,1747.0,651.0,678.0,204.0,214.0,21.0,21.0,28.0,12.0,9.0,23.0,26.0,0.0,0.0,0.0,0.0,321.0,301.0,226.0,40913,3.2,1.0,17.1,1.0,4.2
234,2014-08-23,853.0,143.0,194.0,254.0,262.0,11.0,7.0,1.0,7.0,9.0,7.0,8.0,0.0,0.0,0.0,0.0,449.0,384.0,58.0,40913,22.4,1.0,18.5,1.0,6.7
235,2014-08-24,4271.0,989.0,1690.0,813.0,779.0,38.0,32.0,31.0,52.0,16.0,45.0,37.0,0.0,0.0,0.0,0.0,1006.0,920.0,358.0,40913,6.0,1.0,22.8,1.0,13.6
236,2014-08-25,5885.0,2029.0,2347.0,718.0,791.0,61.0,56.0,93.0,39.0,34.0,67.0,57.0,0.0,0.0,0.0,0.0,932.0,784.0,795.0,40913,0.0,1.0,24.0,1.0,13.0
237,2014-08-26,6692.0,2295.0,2815.0,766.0,816.0,65.0,48.0,130.0,40.0,35.0,75.0,75.0,0.0,0.0,0.0,0.0,868.0,827.0,920.0,40913,0.0,1.0,23.9,1.0,17.1
238,2014-08-27,5116.0,1890.0,2216.0,508.0,502.0,49.0,41.0,97.0,25.0,24.0,68.0,69.0,0.0,0.0,0.0,0.0,757.0,617.0,752.0,40913,0.0,1.0,23.8,1.0,15.3
239,2014-08-28,4431.0,1546.0,1796.0,520.0,569.0,58.0,56.0,74.0,30.0,17.0,48.0,43.0,0.0,0.0,0.0,0.0,772.0,708.0,568.0,40913,3.6,1.0,23.7,1.0,12.5
240,2014-08-29,5419.0,1766.0,2526.0,540.0,587.0,49.0,47.0,98.0,22.0,21.0,74.0,69.0,0.0,0.0,0.0,0.0,766.0,694.0,782.0,40913,0.0,1.0,23.9,1.0,19.3
241,2014-08-30,4666.0,1318.0,2099.0,627.0,622.0,24.0,23.0,30.0,20.0,18.0,84.0,81.0,0.0,0.0,0.0,0.0,875.0,775.0,560.0,40913,0.0,1.0,24.3,1.0,18.3
242,2014-08-31,5635.0,1558.0,2622.0,727.0,728.0,31.0,22.0,54.0,32.0,27.0,96.0,89.0,0.0,0.0,0.0,0.0,953.0,824.0,700.0,40913,0.0,1.0,25.8,1.0,18.9
243,2014-09-01,6071.0,2108.0,2419.0,711.0,833.0,68.0,67.0,106.0,31.0,25.0,69.0,62.0,0.0,0.0,0.0,0.0,847.0,811.0,850.0,40913,0.0,1.0,25.3,1.0,18.1
244,2014-09-02,6674.0,2195.0,2855.0,779.0,845.0,84.0,58.0,111.0,41.0,25.0,91.0,85.0,0.0,0.0,0.0,0.0,880.0,792.0,889.0,40913,0.0,1.0,29.1,1.0,14.9
245,2014-09-03,6031.0,2080.0,2521.0,686.0,744.0,68.0,44.0,96.0,24.0,19.0,82.0,84.0,0.0,0.0,0.0,0.0,886.0,864.0,843.0,40913,0.0,1.0,23.1,1.0,20.9
246,2014-09-04,5807.0,1997.0,2507.0,617.0,686.0,70.0,53.0,122.0,31.0,27.0,94.0,87.0,0.0,0.0,0.0,0.0,869.0,795.0,793.0,40913,0.0,1.0,23.9,1.0,20.9
247,2014-09-05,5368.0,1826.0,2385.0,559.0,598.0,187.0,43.0,84.0,47.0,28.0,92.0,79.0,0.0,0.0,0.0,0.0,746.0,611.0,777.0,40913,0.0,1.0,23.8,1.0,20.5
248,2014-09-06,4501.0,1301.0,2135.0,537.0,528.0,118.0,25.0,40.0,29.0,39.0,61.0,72.0,0.0,0.0,0.0,0.0,838.0,624.0,550.0,40913,0.0,1.0,23.4,1.0,15.6
249,2014-09-07,3931.0,1115.0,1756.0,538.0,522.0,68.0,35.0,43.0,35.0,20.0,41.0,44.0,0.0,0.0,0.0,0.0,683.0,680.0,427.0,40913,0.0,1.0,23.1,1.0,15.9
250,2014-09-08,4259.0,1463.0,1661.0,526.0,609.0,56.0,48.0,91.0,67.0,24.0,40.0,43.0,0.0,0.0,0.0,0.0,722.0,680.0,583.0,40913,3.0,1.0,23.0,1.0,13.6
251,2014-09-09,6471.0,2230.0,2738.0,722.0,781.0,91.0,45.0,116.0,72.0,33.0,84.0,77.0,0.0,0.0,0.0,0.0,905.0,828.0,832.0,40913,0.0,1.0,23.6,1.0,17.2
252,2014-09-10,6439.0,2236.0,2786.0,681.0,736.0,86.0,66.0,99.0,37.0,24.0,84.0,84.0,0.0,0.0,0.0,0.0,831.0,823.0,910.0,40913,0.0,1.0,28.3,1.0,19.7
253,2014-09-11,6335.0,2139.0,2742.0,691.0,763.0,83.0,47.0,109.0,38.0,26.0,100.0,80.0,0.0,0.0,0.0,0.0,785.0,774.0,914.0,40913,0.0,1.0,27.0,1.0,21.7
254,2014-09-12,5473.0,1815.0,2484.0,577.0,597.0,60.0,51.0,82.0,72.0,25.0,67.0,69.0,0.0,0.0,0.0,0.0,807.0,625.0,807.0,40913,0.0,1.0,25.2,1.0,17.1
255,2014-09-13,4513.0,1215.0,2093.0,593.0,612.0,54.0,20.0,42.0,22.0,26.0,52.0,48.0,0.0,0.0,0.0,0.0,796.0,597.0,550.0,40913,0.0,1.0,24.2,1.0,14.5
256,2014-09-14,5017.0,1399.0,2207.0,713.0,698.0,66.0,39.0,35.0,28.0,30.0,68.0,56.0,0.0,0.0,0.0,0.0,855.0,840.0,620.0,40913,0.0,1.0,24.7,1.0,20.3
257,2014-09-15,6110.0,2108.0,2443.0,723.0,836.0,106.0,46.0,93.0,32.0,16.0,77.0,77.0,0.0,0.0,0.0,0.0,783.0,837.0,841.0,40913,0.0,1.0,26.3,1.0,21.1
258,2014-09-16,6438.0,2216.0,2826.0,659.0,737.0,76.0,60.0,113.0,23.0,19.0,87.0,82.0,0.0,0.0,0.0,0.0,710.0,761.0,964.0,40913,0.0,1.0,26.9,1.0,20.6
259,2014-09-17,6729.0,2252.0,2963.0,722.0,792.0,103.0,77.0,130.0,32.0,25.0,105.0,96.0,0.0,0.0,0.0,0.0,777.0,739.0,1033.0,40913,0.0,1.0,29.5,1.0,23.0
260,2014-09-18,6270.0,2189.0,2731.0,638.0,712.0,68.0,63.0,116.0,29.0,27.0,88.0,84.0,0.0,0.0,0.0,0.0,854.0,788.0,927.0,40913,0.0,1.0,27.3,1.0,23.2
261,2014-09-19,5665.0,1857.0,2661.0,561.0,586.0,55.0,39.0,85.0,24.0,18.0,77.0,81.0,0.0,0.0,0.0,0.0,726.0,603.0,752.0,40913,0.0,1.0,24.7,1.0,22.5
262,2014-09-20,4478.0,1311.0,2052.0,556.0,559.0,33.0,33.0,64.0,18.0,13.0,67.0,51.0,0.0,0.0,0.0,0.0,846.0,679.0,564.0,40913,0.0,1.0,24.0,1.0,15.7
263,2014-09-21,5015.0,1401.0,2330.0,641.0,643.0,122.0,51.0,44.0,29.0,23.0,68.0,70.0,0.0,0.0,0.0,0.0,999.0,930.0,685.0,40913,0.0,1.0,24.4,1.0,18.9
264,2014-09-22,5012.0,1801.0,2062.0,561.0,588.0,102.0,53.0,99.0,32.0,21.0,71.0,62.0,0.0,0.0,0.0,0.0,699.0,642.0,774.0,40913,0.6,1.0,23.4,1.0,15.5
265,2014-09-23,6386.0,2110.0,2675.0,764.0,837.0,120.0,64.0,123.0,32.0,33.0,77.0,72.0,0.0,0.0,0.0,0.0,940.0,806.0,907.0,40913,3.0,1.0,23.9,1.0,17.5
266,2014-09-24,6224.0,2144.0,2677.0,676.0,727.0,58.0,52.0,113.0,20.0,26.0,94.0,85.0,0.0,0.0,0.0,0.0,846.0,786.0,840.0,40913,0.8,1.0,23.4,1.0,14.8
267,2014-09-25,5051.0,1837.0,2194.0,530.0,490.0,74.0,45.0,88.0,30.0,44.0,75.0,80.0,0.0,0.0,0.0,0.0,548.0,476.0,531.0,40913,0.0,1.0,26.3,1.0,15.2
268,2014-09-26,5419.0,1748.0,2490.0,578.0,603.0,58.0,40.0,92.0,30.0,24.0,69.0,62.0,0.0,0.0,0.0,0.0,7.0,14.0,9.0,40913,9.8,1.0,25.5,1.0,17.9
269,2014-09-27,5242.0,1468.0,2288.0,752.0,734.0,72.0,22.0,48.0,25.0,21.0,96.0,65.0,0.0,0.0,0.0,0.0,118.0,31.0,25.0,40913,0.0,1.0,26.6,1.0,20.6
270,2014-09-28,5089.0,1373.0,2287.0,734.0,695.0,142.0,34.0,56.0,61.0,23.0,97.0,98.0,0.0,0.0,0.0,0.0,634.0,497.0,303.0,40913,10.4,1.0,23.9,1.0,18.9
271,2014-09-29,5445.0,1958.0,2377.0,586.0,524.0,146.0,54.0,113.0,47.0,27.0,93.0,76.0,0.0,0.0,0.0,0.0,791.0,863.0,761.0,40913,0.0,1.0,24.9,1.0,23.3
272,2014-09-30,5376.0,2221.0,2921.0,145.0,89.0,139.0,54.0,104.0,50.0,32.0,110.0,103.0,0.0,0.0,0.0,0.0,773.0,782.0,1002.0,40913,0.0,1.0,26.2,1.0,23.5
273,2014-10-01,4946.0,2140.0,2690.0,56.0,60.0,85.0,40.0,115.0,20.0,21.0,112.0,102.0,0.0,0.0,0.0,0.0,727.0,620.0,941.0,40913,0.0,1.0,31.4,1.0,23.8
274,2014-10-02,4603.0,2009.0,2482.0,59.0,53.0,66.0,71.0,105.0,26.0,29.0,112.0,106.0,0.0,0.0,0.0,0.0,667.0,566.0,740.0,40913,0.0,1.0,23.2,1.0,15.6
275,2014-10-03,4243.0,1718.0,2452.0,25.0,48.0,75.0,35.0,92.0,56.0,26.0,70.0,58.0,0.0,0.0,0.0,0.0,497.0,393.0,433.0,40913,0.0,1.0,26.0,1.0,23.8
276,2014-10-04,3298.0,1159.0,2054.0,39.0,46.0,42.0,29.0,49.0,25.0,25.0,101.0,67.0,0.0,0.0,0.0,0.0,502.0,457.0,291.0,40913,0.0,1.0,25.8,1.0,19.6
277,2014-10-05,3437.0,1290.0,2040.0,56.0,51.0,50.0,32.0,60.0,32.0,16.0,96.0,91.0,0.0,0.0,0.0,0.0,517.0,450.0,298.0,40913,0.0,1.0,26.9,1.0,24.1
278,2014-10-06,4312.0,1690.0,2490.0,65.0,67.0,86.0,40.0,83.0,32.0,24.0,118.0,108.0,0.0,0.0,0.0,0.0,588.0,474.0,369.0,40913,0.0,1.0,27.2,1.0,24.5
279,2014-10-07,5104.0,2213.0,2779.0,51.0,61.0,101.0,60.0,105.0,43.0,26.0,86.0,99.0,0.0,0.0,0.0,0.0,481.0,476.0,448.0,40913,0.0,1.0,26.9,1.0,24.6
280,2014-10-08,5396.0,2438.0,2910.0,25.0,23.0,81.0,57.0,129.0,25.0,25.0,96.0,108.0,0.0,0.0,0.0,0.0,510.0,352.0,461.0,40913,0.0,1.0,31.7,1.0,23.4
281,2014-10-09,4827.0,2126.0,2663.0,13.0,25.0,54.0,31.0,108.0,26.0,23.0,74.0,86.0,0.0,0.0,0.0,0.0,553.0,421.0,429.0,40913,0.0,1.0,25.3,1.0,14.4
282,2014-10-10,4617.0,1935.0,2646.0,12.0,24.0,79.0,41.0,103.0,23.0,27.0,90.0,84.0,0.0,0.0,0.0,0.0,491.0,377.0,339.0,40913,0.0,1.0,25.4,1.0,17.4
283,2014-10-11,3824.0,1396.0,2384.0,21.0,23.0,79.0,26.0,56.0,14.0,23.0,102.0,85.0,0.0,0.0,0.0,0.0,600.0,527.0,309.0,40913,0.0,1.0,26.4,1.0,21.3
284,2014-10-12,4299.0,1557.0,2704.0,14.0,24.0,34.0,25.0,47.0,17.0,24.0,94.0,80.0,0.0,0.0,0.0,0.0,572.0,704.0,377.0,40913,0.0,1.0,26.2,1.0,23.8
285,2014-10-13,4259.0,2007.0,2220.0,14.0,18.0,61.0,54.0,117.0,25.0,22.0,74.0,73.0,0.0,0.0,0.0,0.0,453.0,389.0,400.0,40913,0.0,1.0,26.9,1.0,25.3
286,2014-10-14,4427.0,1996.0,2394.0,13.0,24.0,69.0,49.0,119.0,16.0,26.0,83.0,73.0,0.0,0.0,0.0,0.0,526.0,450.0,363.0,40913,3.2,1.0,27.7,1.0,22.0
287,2014-10-15,5401.0,2446.0,2910.0,12.0,33.0,67.0,44.0,143.0,36.0,48.0,111.0,116.0,0.0,0.0,0.0,0.0,613.0,503.0,415.0,40913,0.0,1.0,26.2,1.0,25.8
288,2014-10-16,4875.0,2170.0,2674.0,9.0,22.0,141.0,36.0,139.0,41.0,34.0,94.0,98.0,0.0,0.0,0.0,0.0,784.0,677.0,916.0,40913,0.0,1.0,26.7,1.0,20.5
289,2014-10-17,4489.0,1937.0,2516.0,12.0,24.0,66.0,35.0,93.0,21.0,23.0,90.0,84.0,0.0,0.0,0.0,0.0,1833.0,600.0,889.0,40913,0.0,1.0,30.2,1.0,25.7
290,2014-10-18,3374.0,1311.0,2013.0,29.0,21.0,61.0,36.0,55.0,27.0,22.0,97.0,81.0,0.0,0.0,0.0,0.0,832.0,663.0,590.0,40913,0.0,1.0,26.5,1.0,23.5
291,2014-10-19,3606.0,1540.0,2006.0,34.0,26.0,40.0,27.0,47.0,20.0,23.0,73.0,60.0,0.0,0.0,0.0,0.0,921.0,946.0,652.0,40913,0.0,1.0,26.9,1.0,24.3
292,2014-10-20,4392.0,2052.0,2301.0,17.0,22.0,156.0,67.0,100.0,27.0,22.0,98.0,87.0,0.0,0.0,0.0,0.0,772.0,745.0,832.0,40913,0.0,1.0,26.6,1.0,27.3
293,2014-10-21,4778.0,2236.0,2520.0,9.0,13.0,74.0,50.0,113.0,30.0,22.0,82.0,74.0,0.0,0.0,0.0,0.0,844.0,731.0,854.0,40913,0.0,1.0,27.1,1.0,15.0
294,2014-10-22,5200.0,2405.0,2742.0,19.0,34.0,70.0,63.0,114.0,37.0,22.0,85.0,93.0,0.0,0.0,0.0,0.0,856.0,722.0,956.0,40913,0.0,1.0,25.5,1.0,21.5
295,2014-10-23,4759.0,2142.0,2570.0,17.0,30.0,109.0,44.0,120.0,31.0,25.0,105.0,114.0,0.0,0.0,0.0,0.0,739.0,735.0,904.0,40913,0.0,1.0,27.0,1.0,27.9
296,2014-10-24,4428.0,1870.0,2506.0,19.0,33.0,121.0,46.0,91.0,32.0,19.0,78.0,77.0,0.0,0.0,0.0,0.0,649.0,612.0,842.0,40913,0.0,1.0,27.3,1.0,27.5
297,2014-10-25,3629.0,1354.0,2224.0,25.0,26.0,56.0,22.0,84.0,18.0,19.0,84.0,69.0,0.0,0.0,0.0,0.0,751.0,603.0,647.0,40913,0.0,1.0,28.6,1.0,27.2
298,2014-10-26,3736.0,1415.0,2282.0,18.0,21.0,63.0,33.0,84.0,20.0,14.0,70.0,59.0,0.0,0.0,0.0,0.0,725.0,753.0,590.0,40913,0.0,1.0,29.0,1.0,27.4
299,2014-10-27,3998.0,1912.0,2049.0,19.0,18.0,49.0,45.0,112.0,24.0,27.0,66.0,80.0,0.0,0.0,0.0,0.0,474.0,420.0,862.0,40913,0.0,1.0,34.0,1.0,26.8
300,2014-10-28,5044.0,2134.0,2862.0,26.0,22.0,70.0,45.0,137.0,32.0,33.0,107.0,94.0,0.0,0.0,0.0,0.0,691.0,595.0,978.0,40913,2.6,1.0,34.2,1.0,27.6
301,2014-10-29,4967.0,2154.0,2767.0,17.0,29.0,91.0,52.0,129.0,32.0,20.0,91.0,85.0,0.0,0.0,0.0,0.0,742.0,556.0,1032.0,40913,0.0,1.0,30.7,1.0,27.4
302,2014-10-30,4755.0,2100.0,2604.0,20.0,31.0,132.0,35.0,135.0,34.0,26.0,108.0,98.0,0.0,0.0,0.0,0.0,753.0,626.0,1045.0,40913,0.0,1.0,28.8,1.0,27.5
303,2014-10-31,4059.0,1714.0,2294.0,22.0,29.0,64.0,39.0,120.0,21.0,32.0,88.0,79.0,0.0,0.0,0.0,0.0,527.0,391.0,784.0,40913,0.0,1.0,30.4,1.0,25.1
304,2014-11-01,3289.0,1227.0,1998.0,29.0,35.0,23.0,26.0,58.0,18.0,17.0,97.0,60.0,0.0,0.0,0.0,0.0,459.0,421.0,290.0,40913,0.0,1.0,30.9,1.0,25.4
305,2014-11-02,3312.0,1211.0,2045.0,26.0,30.0,58.0,32.0,69.0,14.0,16.0,102.0,93.0,0.0,0.0,0.0,0.0,493.0,340.0,342.0,40913,0.0,1.0,31.2,1.0,24.7
306,2014-11-03,4257.0,1973.0,2226.0,19.0,39.0,45.0,48.0,107.0,23.0,24.0,83.0,74.0,0.0,0.0,0.0,0.0,592.0,470.0,455.0,40913,0.0,1.0,23.8,1.0,5.4
307,2014-11-04,5029.0,2257.0,2725.0,17.0,30.0,69.0,59.0,109.0,21.0,26.0,102.0,92.0,0.0,0.0,0.0,0.0,550.0,422.0,455.0,40913,0.0,1.0,26.4,1.0,18.5
308,2014-11-05,4941.0,2276.0,2616.0,12.0,37.0,79.0,57.0,137.0,27.0,22.0,98.0,89.0,0.0,0.0,0.0,0.0,581.0,483.0,458.0,40913,0.0,1.0,27.0,1.0,25.1
309,2014-11-06,4531.0,2089.0,2368.0,29.0,45.0,88.0,44.0,117.0,24.0,33.0,85.0,81.0,0.0,0.0,0.0,0.0,410.0,336.0,439.0,40913,0.0,1.0,28.4,1.0,27.1
310,2014-11-07,4370.0,1900.0,2427.0,16.0,27.0,202.0,39.0,121.0,36.0,30.0,96.0,97.0,0.0,0.0,0.0,0.0,410.0,346.0,459.0,40913,9.2,1.0,29.1,1.0,23.3
311,2014-11-08,3470.0,1272.0,2136.0,33.0,29.0,191.0,23.0,63.0,21.0,22.0,71.0,65.0,0.0,0.0,0.0,0.0,555.0,379.0,340.0,40913,0.0,1.0,29.1,1.0,29.3
312,2014-11-09,3731.0,1404.0,2272.0,27.0,28.0,201.0,25.0,72.0,21.0,22.0,103.0,95.0,0.0,0.0,0.0,0.0,509.0,443.0,353.0,40913,0.0,1.0,28.5,1.0,30.0
313,2014-11-10,4396.0,2081.0,2259.0,26.0,30.0,84.0,48.0,120.0,21.0,20.0,102.0,96.0,0.0,0.0,0.0,0.0,490.0,429.0,458.0,40913,0.0,1.0,29.2,1.0,27.4
314,2014-11-11,4786.0,2125.0,2597.0,34.0,30.0,92.0,60.0,131.0,33.0,20.0,109.0,108.0,0.0,0.0,0.0,0.0,462.0,372.0,513.0,40913,0.0,1.0,29.9,1.0,27.9
315,2014-11-12,4424.0,1987.0,2397.0,12.0,28.0,56.0,56.0,114.0,28.0,18.0,95.0,102.0,0.0,0.0,0.0,0.0,453.0,303.0,499.0,40913,0.0,1.0,28.3,1.0,17.2
316,2014-11-13,2997.0,1367.0,1588.0,16.0,26.0,57.0,36.0,115.0,44.0,17.0,55.0,63.0,0.0,0.0,0.0,0.0,331.0,267.0,358.0,40913,9.2,1.0,28.6,1.0,21.5
317,2014-11-14,2962.0,1157.0,1719.0,65.0,21.0,41.0,38.0,68.0,23.0,29.0,70.0,69.0,0.0,0.0,0.0,0.0,293.0,286.0,272.0,40913,0.2,1.0,30.0,1.0,28.6
318,2014-11-15,2356.0,936.0,1354.0,47.0,19.0,12.0,8.0,54.0,9.0,15.0,55.0,48.0,0.0,0.0,0.0,0.0,289.0,234.0,218.0,40913,0.0,1.0,32.2,1.0,28.5
319,2014-11-16,2124.0,781.0,1313.0,14.0,16.0,106.0,7.0,36.0,12.0,14.0,49.0,37.0,0.0,0.0,0.0,0.0,280.0,186.0,223.0,40913,0.0,1.0,38.9,1.0,24.3
320,2014-11-17,4014.0,1864.0,2063.0,53.0,34.0,52.0,44.0,119.0,22.0,21.0,75.0,70.0,0.0,0.0,0.0,0.0,388.0,275.0,415.0,40913,0.0,1.0,30.3,1.0,26.9
321,2014-11-18,3597.0,1624.0,1926.0,14.0,33.0,48.0,32.0,93.0,24.0,21.0,83.0,77.0,0.0,0.0,0.0,0.0,419.0,315.0,338.0,40913,2.6,1.0,28.3,1.0,13.1
322,2014-11-19,3784.0,1701.0,2001.0,41.0,41.0,36.0,35.0,100.0,20.0,20.0,69.0,73.0,0.0,0.0,0.0,0.0,359.0,263.0,317.0,40913,13.8,1.0,30.0,1.0,12.0
323,2014-11-20,4105.0,1773.0,2285.0,15.0,32.0,69.0,50.0,103.0,31.0,32.0,65.0,51.0,0.0,0.0,0.0,0.0,438.0,341.0,416.0,40913,56.0,1.0,28.9,1.0,21.8
324,2014-11-21,4100.0,1667.0,2346.0,38.0,49.0,32.0,21.0,109.0,23.0,29.0,84.0,81.0,0.0,0.0,0.0,0.0,334.0,266.0,356.0,40913,0.0,1.0,30.4,1.0,26.6
325,2014-11-22,3055.0,1116.0,1898.0,21.0,20.0,25.0,21.0,69.0,16.0,15.0,85.0,54.0,0.0,0.0,0.0,0.0,22.0,53.0,6.0,40913,0.0,1.0,31.5,1.0,27.7
326,2014-11-23,3346.0,1243.0,2015.0,66.0,22.0,22.0,19.0,48.0,16.0,12.0,65.0,66.0,0.0,0.0,0.0,0.0,0.0,0.0,0.0,40913,0.0,1.0,30.4,1.0,28.5
327,2014-11-24,4507.0,2045.0,2313.0,104.0,45.0,53.0,37.0,138.0,24.0,27.0,95.0,87.0,0.0,0.0,0.0,0.0,0.0,1.0,0.0,40913,0.0,1.0,30.5,1.0,29.3
328,2014-11-25,5058.0,2161.0,2801.0,61.0,35.0,78.0,36.0,181.0,34.0,28.0,123.0,110.0,0.0,0.0,0.0,0.0,2.0,2.0,1.0,40913,0.0,1.0,31.1,1.0,29.4
329,2014-11-26,3921.0,1801.0,2063.0,19.0,38.0,43.0,42.0,102.0,31.0,27.0,92.0,91.0,0.0,0.0,0.0,0.0,4.0,5.0,3.0,40913,3.6,1.0,29.1,1.0,16.0
330,2014-11-27,4389.0,1927.0,2251.0,96.0,115.0,122.0,32.0,114.0,18.0,24.0,91.0,78.0,0.0,0.0,0.0,0.0,26.0,2.0,7.0,40913,3.0,1.0,32.0,1.0,23.4
331,2014-11-28,2261.0,1008.0,1192.0,21.0,40.0,54.0,31.0,65.0,14.0,17.0,70.0,61.0,0.0,0.0,0.0,0.0,8.0,12.0,3.0,40913,43.4,1.0,27.4,1.0,15.1
332,2014-11-29,2860.0,1067.0,1723.0,45.0,25.0,102.0,28.0,67.0,16.0,12.0,69.0,62.0,0.0,0.0,0.0,0.0,0.0,0.0,0.0,40913,1.0,1.0,27.3,1.0,30.2
333,2014-11-30,3469.0,1279.0,2115.0,49.0,26.0,84.0,19.0,67.0,24.0,26.0,101.0,90.0,0.0,0.0,0.0,0.0,0.0,4.0,0.0,40913,0.0,1.0,27.8,1.0,29.3
334,2014-12-01,4369.0,1946.0,2376.0,11.0,36.0,67.0,42.0,154.0,24.0,22.0,86.0,71.0,0.0,0.0,0.0,0.0,0.0,5.0,0.0,40913,0.0,1.0,28.4,1.0,27.2
335,2014-12-02,41.0,0.0,0.0,12.0,29.0,55.0,43.0,149.0,25.0,33.0,74.0,69.0,0.0,0.0,0.0,0.0,0.0,0.0,3.0,40913,0.0,1.0,29.1,1.0,17.1
336,2014-12-03,101.0,0.0,0.0,59.0,42.0,59.0,36.0,157.0,33.0,35.0,103.0,103.0,0.0,0.0,0.0,0.0,4.0,9.0,3.0,40913,0.2,1.0,29.8,1.0,28.6
337,2014-12-04,74.0,0.0,0.0,32.0,42.0,51.0,43.0,150.0,35.0,29.0,75.0,81.0,0.0,0.0,0.0,0.0,3.0,1.0,1.0,40913,0.0,1.0,30.3,1.0,27.7
338,2014-12-05,57.0,0.0,0.0,22.0,35.0,35.0,25.0,88.0,24.0,23.0,72.0,61.0,0.0,0.0,0.0,0.0,1.0,0.0,4.0,40913,0.0,1.0,30.0,1.0,17.3
339,2014-12-06,26.0,0.0,0.0,12.0,14.0,16.0,12.0,22.0,13.0,12.0,39.0,44.0,0.0,0.0,0.0,0.0,111.0,172.0,43.0,40913,11.6,1.0,28.4,1.0,11.2
340,2014-12-07,58.0,0.0,0.0,20.0,38.0,80.0,13.0,40.0,17.0,22.0,72.0,54.0,0.0,0.0,0.0,0.0,284.0,371.0,190.0,40913,1.4,1.0,30.3,1.0,25.6
341,2014-12-08,54.0,0.0,0.0,15.0,39.0,32.0,21.0,100.0,27.0,29.0,71.0,64.0,0.0,0.0,0.0,0.0,253.0,208.0,215.0,40913,0.0,1.0,30.4,1.0,11.4
342,2014-12-09,60.0,0.0,0.0,15.0,45.0,75.0,34.0,124.0,34.0,25.0,90.0,97.0,0.0,0.0,0.0,0.0,329.0,162.0,293.0,40913,25.2,1.0,33.2,1.0,22.2
343,2014-12-10,69.0,0.0,0.0,18.0,51.0,52.0,38.0,105.0,26.0,26.0,92.0,86.0,0.0,0.0,0.0,0.0,302.0,171.0,321.0,40913,0.6,1.0,29.9,1.0,23.2
344,2014-12-11,49.0,0.0,0.0,25.0,24.0,40.0,23.0,107.0,19.0,24.0,63.0,61.0,0.0,0.0,0.0,0.0,233.0,142.0,239.0,40913,0.0,1.0,32.2,1.0,10.0
345,2014-12-12,37.0,0.0,0.0,7.0,30.0,54.0,36.0,59.0,18.0,22.0,44.0,41.0,0.0,0.0,0.0,0.0,333.0,236.0,216.0,40913,27.0,1.0,24.7,1.0,7.4
346,2014-12-13,45.0,0.0,0.0,16.0,29.0,19.0,20.0,40.0,31.0,16.0,50.0,47.0,0.0,0.0,0.0,0.0,411.0,372.0,163.0,40913,3.8,1.0,24.9,1.0,8.0
347,2014-12-14,33.0,0.0,0.0,15.0,18.0,59.0,30.0,57.0,23.0,22.0,72.0,58.0,0.0,0.0,0.0,0.0,448.0,355.0,279.0,40913,0.0,1.0,26.3,1.0,13.6
348,2014-12-15,55.0,0.0,0.0,14.0,41.0,117.0,48.0,124.0,30.0,36.0,92.0,89.0,0.0,0.0,0.0,0.0,371.0,179.0,380.0,40913,0.0,1.0,28.8,1.0,31.1
349,2014-12-16,65.0,0.0,0.0,31.0,34.0,67.0,45.0,148.0,36.0,32.0,106.0,97.0,0.0,0.0,0.0,0.0,361.0,274.0,393.0,40913,0.0,1.0,30.0,1.0,30.0
350,2014-12-17,61.0,0.0,0.0,21.0,40.0,79.0,27.0,110.0,28.0,30.0,82.0,75.0,0.0,0.0,0.0,0.0,294.0,157.0,317.0,40913,0.0,1.0,35.0,1.0,30.9
351,2014-12-18,69.0,0.0,0.0,28.0,41.0,120.0,27.0,95.0,19.0,25.0,65.0,69.0,0.0,0.0,0.0,0.0,238.0,132.0,261.0,40913,1.2,1.0,32.4,1.0,23.5
352,2014-12-19,49.0,0.0,0.0,12.0,37.0,210.0,22.0,66.0,34.0,28.0,50.0,50.0,0.0,0.0,0.0,0.0,285.0,157.0,258.0,40913,16.8,1.0,34.7,1.0,29.3
353,2014-12-20,149.0,0.0,0.0,75.0,74.0,66.0,20.0,43.0,42.0,16.0,62.0,70.0,0.0,0.0,0.0,0.0,346.0,244.0,160.0,40913,0.0,1.0,29.1,1.0,20.3
354,2014-12-21,147.0,0.0,0.0,76.0,71.0,39.0,22.0,73.0,27.0,15.0,69.0,62.0,0.0,0.0,0.0,0.0,359.0,248.0,225.0,40913,0.0,1.0,29.3,1.0,20.5
355,2014-12-22,528.0,90.0,219.0,109.0,110.0,86.0,52.0,77.0,22.0,14.0,71.0,61.0,0.0,0.0,0.0,0.0,299.0,175.0,279.0,40913,0.0,1.0,28.5,1.0,28.0
356,2014-12-23,2221.0,2047.0,0.0,82.0,92.0,69.0,45.0,72.0,19.0,22.0,76.0,59.0,0.0,0.0,0.0,0.0,270.0,152.0,236.0,40913,0.0,1.0,28.8,1.0,24.8
357,2014-12-24,157.0,0.0,2.0,79.0,76.0,55.0,15.0,56.0,17.0,19.0,70.0,63.0,0.0,0.0,0.0,0.0,207.0,151.0,194.0,40913,0.0,1.0,30.3,1.0,29.9
358,2014-12-25,173.0,0.0,0.0,83.0,90.0,36.0,25.0,19.0,10.0,10.0,23.0,25.0,0.0,0.0,0.0,0.0,155.0,117.0,105.0,40913,0.0,1.0,30.2,1.0,24.0
359,2014-12-26,208.0,0.0,0.0,97.0,111.0,26.0,13.0,48.0,16.0,16.0,52.0,47.0,0.0,0.0,0.0,0.0,203.0,154.0,148.0,40913,0.0,1.0,31.7,1.0,16.1
360,2014-12-27,95.0,0.0,0.0,46.0,49.0,3.0,17.0,13.0,8.0,10.0,11.0,11.0,0.0,0.0,0.0,0.0,170.0,110.0,26.0,40913,7.2,1.0,23.4,1.0,3.5
361,2014-12-28,188.0,0.0,0.0,92.0,96.0,2.0,3.0,34.0,14.0,10.0,25.0,19.0,0.0,0.0,0.0,0.0,372.0,235.0,94.0,40913,22.4,1.0,27.0,1.0,6.6
362,2014-12-29,287.0,0.0,0.0,161.0,126.0,0.0,0.0,52.0,18.0,16.0,43.0,41.0,0.0,0.0,0.0,0.0,255.0,191.0,180.0,40913,6.0,1.0,29.9,1.0,13.7
363,2014-12-30,451.0,0.0,0.0,304.0,147.0,0.0,0.0,66.0,19.0,21.0,62.0,49.0,0.0,0.0,0.0,0.0,295.0,162.0,216.0,40913,1.0,1.0,35.5,1.0,29.9
364,2014-12-31,265.0,0.0,0.0,159.0,106.0,12.0,0.0,57.0,25.0,14.0,86.0,63.0,0.0,0.0,0.0,0.0,272.0,218.0,156.0,40913,0.0,1.0,33.9,1.0,26.7
365,2015-01-01,298.0,0.0,0.0,154.0,144.0,1.0,0.0,43.0,18.0,25.0,40.0,30.0,0.0,0.0,0.0,0.0,395.0,425.0,170.0,40913,12.2,1.0,31.3,1.0,23.4
366,2015-01-02,218.0,0.0,0.0,110.0,108.0,0.0,0.0,64.0,26.0,17.0,64.0,65.0,0.0,0.0,0.0,0.0,250.0,161.0,224.0,40913,0.2,1.0,30.5,1.0,23.2
367,2015-01-03,289.0,0.0,1.0,147.0,141.0,0.0,0.0,59.0,14.0,15.0,73.0,42.0,0.0,0.0,0.0,0.0,384.0,198.0,196.0,40913,1.2,1.0,28.9,1.0,11.7
368,2015-01-04,497.0,0.0,0.0,324.0,173.0,0.0,0.0,55.0,25.0,15.0,84.0,69.0,0.0,0.0,0.0,0.0,484.0,330.0,311.0,40913,16.8,1.0,30.2,1.0,24.8
369,2015-01-05,275.0,0.0,0.0,111.0,164.0,0.0,0.0,113.0,26.0,23.0,67.0,71.0,0.0,0.0,0.0,0.0,359.0,234.0,279.0,40913,0.0,1.0,28.1,1.0,10.9
370,2015-01-06,642.0,0.0,0.0,420.0,222.0,0.0,0.0,107.0,31.0,21.0,64.0,68.0,0.0,0.0,0.0,0.0,407.0,283.0,364.0,40913,21.6,1.0,29.5,1.0,28.3
371,2015-01-07,659.0,0.0,1.0,428.0,230.0,0.0,0.0,136.0,51.0,28.0,82.0,83.0,0.0,0.0,0.0,0.0,451.0,326.0,392.0,40913,0.0,1.0,27.1,1.0,14.6
372,2015-01-08,462.0,0.0,0.0,246.0,216.0,0.0,0.0,119.0,37.0,38.0,78.0,81.0,0.0,0.0,0.0,0.0,437.0,268.0,333.0,40913,1.8,1.0,28.4,1.0,15.7
373,2015-01-09,1225.0,0.0,0.0,1013.0,212.0,6.0,0.0,123.0,28.0,24.0,88.0,78.0,0.0,0.0,0.0,0.0,367.0,240.0,342.0,40913,3.6,1.0,29.5,1.0,25.7
374,2015-01-10,425.0,0.0,0.0,238.0,187.0,0.0,0.0,64.0,16.0,12.0,113.0,88.0,0.0,0.0,0.0,0.0,416.0,262.0,252.0,40913,0.0,1.0,30.2,1.0,28.0
375,2015-01-11,427.0,0.0,0.0,213.0,214.0,60.0,3.0,61.0,21.0,21.0,76.0,64.0,0.0,0.0,0.0,0.0,447.0,322.0,236.0,40913,0.0,1.0,28.2,1.0,9.8
376,2015-01-12,490.0,0.0,0.0,224.0,266.0,0.0,0.0,124.0,30.0,30.0,77.0,74.0,0.0,0.0,0.0,0.0,431.0,340.0,319.0,40913,14.6,1.0,30.4,1.0,10.0
377,2015-01-13,529.0,0.0,0.0,209.0,320.0,0.0,0.0,130.0,28.0,28.0,105.0,73.0,0.0,0.0,0.0,0.0,403.0,293.0,366.0,40913,38.6,1.0,28.4,1.0,11.8
378,2015-01-14,483.0,0.0,0.0,218.0,265.0,0.0,0.0,113.0,19.0,23.0,79.0,78.0,0.0,0.0,0.0,0.0,390.0,285.0,383.0,40913,0.2,1.0,30.3,1.0,13.1
380,2015-01-16,427.0,0.0,0.0,232.0,195.0,0.0,0.0,120.0,23.0,29.0,77.0,64.0,0.0,0.0,0.0,0.0,337.0,167.0,301.0,40913,0.0,1.0,32.5,1.0,30.8
381,2015-01-17,609.0,256.0,0.0,198.0,155.0,0.0,0.0,59.0,23.0,13.0,80.0,58.0,0.0,0.0,0.0,0.0,348.0,229.0,196.0,40913,0.0,1.0,35.3,1.0,27.3
382,2015-01-18,435.0,0.0,0.0,275.0,160.0,0.0,0.0,43.0,47.0,25.0,114.0,102.0,0.0,0.0,0.0,0.0,360.0,243.0,197.0,40913,0.0,1.0,36.7,1.0,28.3
383,2015-01-19,586.0,0.0,0.0,313.0,273.0,0.0,0.0,130.0,31.0,25.0,83.0,74.0,0.0,0.0,0.0,0.0,342.0,196.0,326.0,40913,0.0,1.0,31.8,1.0,24.3
384,2015-01-20,6280.0,5632.0,0.0,298.0,350.0,0.0,0.0,125.0,40.0,23.0,89.0,75.0,0.0,0.0,0.0,0.0,430.0,309.0,395.0,40913,35.8,1.0,29.2,1.0,21.4
385,2015-01-21,4880.0,4224.0,0.0,346.0,310.0,0.0,0.0,124.0,24.0,30.0,90.0,79.0,0.0,0.0,0.0,0.0,431.0,267.0,348.0,40913,0.2,1.0,30.0,1.0,24.4
386,2015-01-22,4667.0,4224.0,0.0,191.0,252.0,0.0,0.0,106.0,28.0,18.0,74.0,59.0,0.0,0.0,0.0,0.0,352.0,260.0,322.0,40913,1.0,1.0,28.6,1.0,10.6
387,2015-01-23,9140.0,8960.0,128.0,32.0,20.0,0.0,0.0,24.0,5.0,3.0,15.0,6.0,0.0,0.0,0.0,0.0,98.0,84.0,74.0,40913,100.4,1.0,24.8,1.0,2.6
388,2015-01-24,7856.0,7424.0,0.0,210.0,222.0,0.0,0.0,36.0,15.0,9.0,36.0,21.0,0.0,0.0,0.0,0.0,347.0,200.0,126.0,40913,65.2,1.0,30.8,1.0,17.1
389,2015-01-25,6051.0,4992.0,0.0,807.0,252.0,0.0,0.0,65.0,29.0,16.0,98.0,91.0,0.0,0.0,0.0,0.0,351.0,285.0,245.0,40913,0.0,1.0,36.7,1.0,28.1
390,2015-01-26,4232.0,3584.0,0.0,489.0,159.0,0.0,0.0,54.0,54.0,16.0,62.0,42.0,0.0,0.0,0.0,0.0,343.0,267.0,189.0,40913,0.0,1.0,33.1,1.0,24.4
391,2015-01-27,2872.0,1920.0,0.0,587.0,365.0,0.0,0.0,137.0,47.0,22.0,89.0,76.0,0.0,0.0,0.0,0.0,306.0,202.0,348.0,40913,0.0,1.0,30.2,1.0,21.0
392,2015-01-28,12877.0,12288.0,0.0,248.0,341.0,0.0,0.0,104.0,48.0,28.0,74.0,80.0,0.0,0.0,0.0,0.0,454.0,368.0,270.0,40913,5.2,1.0,28.1,1.0,9.9
393,2015-01-29,9005.0,8064.0,0.0,536.0,405.0,0.0,0.0,146.0,36.0,30.0,104.0,94.0,0.0,0.0,0.0,0.0,466.0,282.0,437.0,40913,0.0,1.0,28.9,1.0,22.4
394,2015-01-30,7512.0,6784.0,0.0,438.0,290.0,0.0,0.0,116.0,35.0,30.0,100.0,97.0,0.0,0.0,0.0,0.0,344.0,282.0,384.0,40913,3.8,1.0,29.0,1.0,26.8
395,2015-01-31,6849.0,6016.0,0.0,599.0,234.0,0.0,0.0,77.0,26.0,19.0,87.0,66.0,0.0,0.0,0.0,0.0,464.0,323.0,234.0,40913,0.0,1.0,31.8,1.0,29.1
396,2015-02-01,5335.0,4224.0,0.0,735.0,376.0,0.0,0.0,66.0,21.0,17.0,78.0,50.0,0.0,0.0,0.0,0.0,474.0,372.0,300.0,40913,17.2,1.0,34.4,1.0,30.3
397,2015-02-02,3284.0,1664.0,0.0,1180.0,440.0,0.0,0.0,148.0,31.0,28.0,89.0,84.0,0.0,0.0,0.0,0.0,435.0,311.0,370.0,40913,0.0,1.0,29.6,1.0,26.2
400,2015-02-05,8060.0,6912.0,0.0,717.0,431.0,0.0,0.0,150.0,25.0,23.0,99.0,88.0,0.0,0.0,0.0,0.0,510.0,330.0,436.0,40913,0.0,1.0,29.2,1.0,26.7
401,2015-02-06,7824.0,5452.0,1409.0,522.0,441.0,0.0,0.0,116.0,63.0,26.0,75.0,62.0,1.0,0.0,202.0,181.0,425.0,299.0,293.0,40913,2.8,1.0,28.3,1.0,26.5
402,2015-02-07,4257.0,1316.0,2326.0,315.0,300.0,0.0,0.0,91.0,26.0,19.0,97.0,76.0,0.0,0.0,320.0,283.0,577.0,362.0,278.0,40913,0.2,1.0,29.3,1.0,20.1
403,2015-02-08,4956.0,1514.0,2714.0,352.0,376.0,0.0,0.0,81.0,23.0,25.0,124.0,65.0,0.0,0.0,336.0,297.0,544.0,419.0,311.0,40913,0.2,1.0,29.9,1.0,25.7
404,2015-02-09,5232.0,2056.0,2298.0,376.0,502.0,0.0,0.0,158.0,51.0,38.0,105.0,97.0,0.0,0.0,515.0,467.0,504.0,305.0,413.0,40913,0.0,1.0,30.3,1.0,25.7
405,2015-02-10,5495.0,2040.0,2610.0,382.0,463.0,0.0,0.0,141.0,68.0,39.0,89.0,84.0,0.0,0.0,464.0,426.0,506.0,340.0,361.0,40913,5.2,1.0,29.0,1.0,23.0
406,2015-02-11,3649.0,1337.0,1582.0,330.0,400.0,0.0,0.0,113.0,151.0,30.0,74.0,68.0,0.0,0.0,343.0,305.0,397.0,257.0,303.0,40913,12.2,1.0,28.9,1.0,21.9
407,2015-02-12,5590.0,2068.0,2699.0,381.0,442.0,0.0,0.0,149.0,50.0,39.0,96.0,99.0,0.0,0.0,522.0,483.0,445.0,311.0,415.0,40913,8.4,1.0,28.9,1.0,18.6
408,2015-02-13,4724.0,1749.0,2340.0,323.0,312.0,0.0,0.0,120.0,62.0,33.0,93.0,84.0,0.0,0.0,414.0,366.0,353.0,257.0,353.0,40913,1.6,1.0,29.6,1.0,22.8
409,2015-02-14,4240.0,1290.0,2219.0,370.0,361.0,0.0,0.0,71.0,36.0,10.0,86.0,70.0,0.0,0.0,291.0,250.0,439.0,291.0,264.0,40913,0.4,1.0,29.0,1.0,24.2
410,2015-02-15,4499.0,1399.0,2265.0,420.0,415.0,0.0,0.0,88.0,33.0,34.0,112.0,80.0,0.0,0.0,270.0,230.0,552.0,432.0,330.0,40913,0.2,1.0,28.8,1.0,19.3
411,2015-02-16,5353.0,2016.0,2453.0,388.0,496.0,0.0,0.0,142.0,25.0,28.0,108.0,90.0,0.0,0.0,520.0,482.0,519.0,311.0,387.0,40913,0.4,1.0,29.4,1.0,25.3
412,2015-02-17,6421.0,2384.0,3011.0,483.0,543.0,0.0,0.0,165.0,31.0,27.0,122.0,110.0,0.0,0.0,573.0,524.0,556.0,357.0,420.0,40913,0.4,1.0,29.1,1.0,20.7
413,2015-02-18,5174.0,2051.0,2420.0,357.0,346.0,0.0,0.0,137.0,20.0,21.0,86.0,82.0,0.0,0.0,472.0,443.0,398.0,319.0,307.0,40913,0.2,1.0,29.2,1.0,16.4
414,2015-02-19,2622.0,995.0,1201.0,216.0,210.0,0.0,0.0,80.0,16.0,17.0,37.0,35.0,0.0,0.0,269.0,223.0,299.0,188.0,213.0,40913,4.6,1.0,26.8,1.0,6.5
415,2015-02-20,808.0,329.0,349.0,69.0,61.0,0.0,0.0,34.0,9.0,15.0,17.0,8.0,0.0,0.0,100.0,66.0,88.0,85.0,70.0,40913,54.0,1.0,22.6,1.0,2.6
416,2015-02-21,474.0,85.0,111.0,139.0,139.0,0.0,0.0,15.0,11.0,13.0,4.0,7.0,0.0,0.0,36.0,7.0,189.0,159.0,33.0,40913,89.2,1.0,27.3,1.0,3.1
417,2015-02-22,4902.0,1359.0,2367.0,635.0,541.0,0.0,0.0,50.0,33.0,25.0,52.0,51.0,0.0,0.0,301.0,252.0,635.0,462.0,272.0,40913,68.4,1.0,31.4,1.0,19.0
418,2015-02-23,4849.0,1789.0,2088.0,425.0,547.0,0.0,0.0,133.0,30.0,24.0,78.0,70.0,0.0,0.0,379.0,336.0,456.0,259.0,341.0,40913,4.4,1.0,30.6,1.0,22.8
419,2015-02-24,6527.0,2467.0,3044.0,446.0,570.0,0.0,0.0,155.0,33.0,30.0,100.0,89.0,0.0,0.0,532.0,491.0,438.0,294.0,400.0,40913,0.4,1.0,30.8,1.0,20.3
420,2015-02-25,5873.0,2219.0,2757.0,404.0,493.0,0.0,0.0,157.0,32.0,26.0,85.0,88.0,0.0,0.0,521.0,478.0,429.0,308.0,382.0,40913,0.0,1.0,29.8,1.0,21.6
421,2015-02-26,5758.0,2130.0,2731.0,425.0,472.0,0.0,0.0,167.0,47.0,28.0,99.0,99.0,0.0,0.0,517.0,469.0,421.0,314.0,388.0,40913,0.2,1.0,29.8,1.0,19.7
422,2015-02-27,3299.0,1151.0,1428.0,390.0,330.0,0.0,0.0,83.0,24.0,17.0,58.0,47.0,0.0,0.0,319.0,273.0,328.0,229.0,261.0,40913,1.8,1.0,30.2,1.0,20.1
423,2015-02-28,4256.0,1219.0,2235.0,406.0,396.0,0.0,0.0,63.0,16.0,14.0,61.0,54.0,0.0,0.0,279.0,233.0,485.0,421.0,225.0,40913,0.2,1.0,30.1,1.0,21.2
424,2015-03-01,4910.0,1499.0,2485.0,487.0,439.0,0.0,0.0,83.0,24.0,29.0,97.0,92.0,0.0,0.0,281.0,253.0,485.0,381.0,316.0,40913,0.0,1.0,31.3,1.0,25.3
425,2015-03-02,5522.0,2095.0,2434.0,454.0,539.0,0.0,0.0,161.0,35.0,29.0,93.0,86.0,0.0,0.0,460.0,422.0,434.0,268.0,392.0,40913,0.0,1.0,31.6,1.0,20.1
426,2015-03-03,6486.0,2408.0,3101.0,439.0,538.0,0.0,0.0,155.0,33.0,24.0,115.0,102.0,0.0,0.0,546.0,503.0,383.0,262.0,392.0,40913,0.0,1.0,30.6,1.0,26.0
427,2015-03-04,6249.0,2390.0,2905.0,440.0,514.0,0.0,0.0,161.0,45.0,41.0,95.0,93.0,0.0,0.0,563.0,518.0,381.0,295.0,422.0,40913,0.0,1.0,30.5,1.0,25.4
428,2015-03-05,5369.0,2068.0,2554.0,348.0,399.0,0.0,0.0,159.0,30.0,27.0,89.0,78.0,0.0,0.0,470.0,427.0,312.0,167.0,383.0,40913,0.0,1.0,36.1,1.0,24.9
429,2015-03-06,4925.0,1819.0,2431.0,325.0,350.0,0.0,0.0,120.0,31.0,33.0,82.0,81.0,0.0,0.0,461.0,423.0,309.0,225.0,325.0,40913,0.0,1.0,28.6,1.0,18.1
430,2015-03-07,4257.0,1352.0,2106.0,390.0,409.0,0.0,0.0,78.0,64.0,20.0,95.0,52.0,0.0,0.0,279.0,243.0,432.0,326.0,232.0,40913,0.0,1.0,30.2,1.0,23.5
431,2015-03-08,4669.0,1519.0,2291.0,398.0,461.0,0.0,0.0,64.0,44.0,27.0,96.0,89.0,0.0,0.0,301.0,255.0,373.0,316.0,291.0,40913,0.0,1.0,30.9,1.0,25.0
432,2015-03-09,5760.0,2244.0,2485.0,454.0,577.0,0.0,0.0,155.0,36.0,34.0,101.0,72.0,0.0,0.0,493.0,453.0,369.0,212.0,395.0,40913,0.0,1.0,31.6,1.0,22.5
433,2015-03-10,6452.0,2362.0,3081.0,451.0,558.0,0.0,0.0,173.0,39.0,29.0,116.0,107.0,0.0,0.0,538.0,493.0,479.0,238.0,413.0,40913,0.0,1.0,30.6,1.0,21.9
434,2015-03-11,6012.0,2280.0,2805.0,422.0,505.0,0.0,0.0,159.0,28.0,28.0,100.0,100.0,0.0,0.0,542.0,505.0,407.0,250.0,413.0,40913,0.0,1.0,30.1,1.0,17.3
435,2015-03-12,5832.0,2157.0,2723.0,444.0,508.0,0.0,0.0,155.0,31.0,40.0,115.0,103.0,0.0,0.0,534.0,483.0,442.0,251.0,383.0,40913,0.0,1.0,29.9,1.0,21.6
436,2015-03-13,5099.0,1889.0,2463.0,357.0,390.0,0.0,0.0,129.0,23.0,17.0,72.0,65.0,0.0,0.0,426.0,382.0,399.0,240.0,320.0,40913,0.0,1.0,29.5,1.0,22.0
437,2015-03-14,4167.0,1222.0,2044.0,417.0,484.0,0.0,0.0,86.0,31.0,17.0,90.0,63.0,0.0,0.0,279.0,224.0,480.0,285.0,259.0,40913,0.0,1.0,28.8,1.0,21.2
438,2015-03-15,3823.0,1447.0,2376.0,0.0,0.0,0.0,0.0,82.0,25.0,23.0,103.0,82.0,0.0,0.0,299.0,262.0,489.0,337.0,333.0,40913,0.0,1.0,32.3,1.0,20.9
439,2015-03-16,4631.0,2080.0,2551.0,0.0,0.0,0.0,0.0,162.0,42.0,35.0,83.0,93.0,0.0,0.0,529.0,481.0,444.0,280.0,368.0,40913,0.0,1.0,28.5,1.0,21.8
440,2015-03-17,4924.0,1666.0,3258.0,0.0,0.0,0.0,0.0,170.0,28.0,23.0,105.0,99.0,0.0,0.0,559.0,518.0,444.0,324.0,413.0,40913,0.0,1.0,28.8,1.0,17.7
441,2015-03-18,6508.0,3722.0,2786.0,0.0,0.0,0.0,0.0,142.0,29.0,21.0,106.0,95.0,0.0,0.0,527.0,480.0,429.0,344.0,352.0,40913,0.0,1.0,28.9,1.0,12.7
442,2015-03-19,6165.0,3312.0,2853.0,0.0,0.0,0.0,0.0,137.0,37.0,48.0,101.0,95.0,0.0,0.0,524.0,482.0,375.0,204.0,405.0,40913,7.6,1.0,33.5,1.0,23.5
443,2015-03-20,4115.0,1764.0,2351.0,0.0,0.0,0.0,0.0,107.0,24.0,22.0,77.0,69.0,0.0,0.0,424.0,378.0,300.0,219.0,291.0,40913,0.0,1.0,32.4,1.0,20.7
444,2015-03-21,8470.0,6827.0,1643.0,0.0,0.0,0.0,0.0,39.0,16.0,10.0,59.0,45.0,0.0,0.0,214.0,175.0,352.0,219.0,168.0,40913,0.2,1.0,30.3,1.0,4.3
445,2015-03-22,2149.0,867.0,1282.0,0.0,0.0,0.0,0.0,48.0,32.0,15.0,64.0,54.0,0.0,0.0,155.0,114.0,390.0,264.0,155.0,40913,68.0,1.0,26.3,1.0,7.6
446,2015-03-23,3392.0,1598.0,1794.0,0.0,0.0,0.0,0.0,124.0,37.0,33.0,61.0,54.0,0.0,0.0,396.0,345.0,405.0,317.0,276.0,40913,81.8,1.0,28.3,1.0,17.7
447,2015-03-24,5436.0,2376.0,3060.0,0.0,0.0,0.0,0.0,166.0,49.0,41.0,109.0,92.0,0.0,0.0,538.0,494.0,432.0,312.0,442.0,40913,0.0,1.0,30.5,1.0,20.3
448,2015-03-25,5111.0,2187.0,2924.0,0.0,0.0,0.0,0.0,148.0,34.0,34.0,85.0,83.0,0.0,0.0,493.0,444.0,376.0,253.0,412.0,40913,0.0,1.0,31.7,1.0,21.7
449,2015-03-26,3904.0,1753.0,2151.0,0.0,0.0,0.0,0.0,135.0,23.0,32.0,73.0,57.0,0.0,0.0,425.0,395.0,288.0,257.0,353.0,40913,3.8,1.0,30.7,1.0,17.2
450,2015-03-27,4254.0,1825.0,2429.0,0.0,0.0,0.0,0.0,107.0,39.0,32.0,85.0,78.0,0.0,0.0,417.0,374.0,315.0,212.0,326.0,40913,0.0,1.0,31.1,1.0,17.9
451,2015-03-28,3198.0,1171.0,2027.0,0.0,0.0,0.0,0.0,61.0,14.0,12.0,58.0,50.0,0.0,0.0,247.0,204.0,473.0,352.0,251.0,40913,0.0,1.0,28.5,1.0,15.0
452,2015-03-29,3745.0,1430.0,2315.0,0.0,0.0,0.0,0.0,67.0,22.0,22.0,84.0,79.0,0.0,0.0,266.0,227.0,441.0,379.0,282.0,40913,0.0,1.0,28.5,1.0,20.4
453,2015-03-30,4448.0,2022.0,2426.0,0.0,0.0,0.0,0.0,145.0,28.0,29.0,79.0,76.0,0.0,0.0,495.0,449.0,441.0,340.0,371.0,40913,0.0,1.0,28.1,1.0,13.8
454,2015-03-31,4939.0,2168.0,2771.0,0.0,0.0,0.0,0.0,151.0,37.0,43.0,87.0,86.0,0.0,0.0,487.0,444.0,473.0,351.0,371.0,40913,0.0,1.0,26.1,1.0,10.3
455,2015-04-01,1466.0,735.0,731.0,0.0,0.0,0.0,0.0,57.0,15.0,15.0,16.0,9.0,0.0,0.0,169.0,130.0,269.0,226.0,149.0,40913,68.2,1.0,24.8,1.0,7.4
456,2015-04-02,2789.0,1302.0,1487.0,0.0,0.0,0.0,0.0,86.0,19.0,14.0,41.0,43.0,0.0,0.0,308.0,266.0,244.0,189.0,232.0,40913,8.8,1.0,26.7,1.0,14.3
457,2015-04-03,1634.0,664.0,970.0,0.0,0.0,0.0,0.0,38.0,14.0,11.0,28.0,36.0,0.0,0.0,136.0,98.0,417.0,343.0,178.0,40913,38.4,1.0,27.7,1.0,13.6
458,2015-04-04,2577.0,982.0,1595.0,0.0,0.0,0.0,0.0,43.0,25.0,28.0,68.0,43.0,0.0,0.0,199.0,163.0,466.0,293.0,197.0,40913,0.4,1.0,28.5,1.0,14.2
459,2015-04-05,2240.0,883.0,1357.0,0.0,0.0,0.0,0.0,56.0,23.0,19.0,55.0,44.0,0.0,0.0,219.0,179.0,528.0,424.0,257.0,40913,1.8,1.0,28.5,1.0,17.2
461,2015-04-07,4215.0,1819.0,2396.0,0.0,0.0,0.0,0.0,145.0,32.0,35.0,73.0,67.0,0.0,0.0,442.0,406.0,410.0,293.0,351.0,40913,0.0,1.0,28.4,1.0,14.5
462,2015-04-08,4868.0,2080.0,2788.0,0.0,0.0,0.0,0.0,126.0,36.0,44.0,90.0,87.0,0.0,0.0,508.0,461.0,528.0,469.0,353.0,40913,0.0,1.0,26.5,1.0,21.5
463,2015-04-09,4498.0,1937.0,2561.0,0.0,0.0,0.0,0.0,152.0,33.0,24.0,73.0,75.0,0.0,0.0,439.0,396.0,452.0,372.0,385.0,40913,0.0,1.0,26.9,1.0,21.1
464,2015-04-10,4100.0,1726.0,2374.0,0.0,0.0,0.0,0.0,118.0,32.0,27.0,75.0,79.0,0.0,0.0,389.0,351.0,423.0,361.0,328.0,40913,0.0,1.0,27.2,1.0,19.0
465,2015-04-11,3300.0,1215.0,2085.0,0.0,0.0,0.0,0.0,72.0,26.0,26.0,82.0,59.0,0.0,0.0,305.0,258.0,566.0,411.0,246.0,40913,0.0,1.0,26.5,1.0,16.0
466,2015-04-12,4065.0,1662.0,2403.0,0.0,0.0,0.0,0.0,64.0,35.0,36.0,103.0,95.0,0.0,0.0,364.0,323.0,656.0,457.0,355.0,40913,0.0,1.0,28.7,1.0,19.5
467,2015-04-13,4654.0,2166.0,2488.0,0.0,0.0,0.0,0.0,137.0,44.0,31.0,72.0,68.0,0.0,0.0,457.0,419.0,512.0,336.0,347.0,40913,0.0,1.0,27.0,1.0,16.8
468,2015-04-14,5222.0,2306.0,2916.0,0.0,0.0,0.0,0.0,159.0,34.0,29.0,95.0,86.0,0.0,0.0,557.0,517.0,509.0,364.0,437.0,40913,0.0,1.0,26.6,1.0,15.9
469,2015-04-15,5064.0,2256.0,2808.0,0.0,0.0,0.0,0.0,151.0,36.0,37.0,103.0,93.0,0.0,0.0,476.0,433.0,524.0,399.0,423.0,40913,0.0,1.0,26.3,1.0,13.9
470,2015-04-16,4942.0,2112.0,2830.0,0.0,0.0,0.0,0.0,166.0,61.0,42.0,82.0,87.0,0.0,0.0,468.0,436.0,559.0,350.0,381.0,40913,0.2,1.0,28.2,1.0,18.1
471,2015-04-17,4446.0,1942.0,2504.0,0.0,0.0,0.0,0.0,120.0,34.0,24.0,80.0,67.0,0.0,0.0,417.0,378.0,448.0,293.0,337.0,40913,0.0,1.0,28.0,1.0,17.8
472,2015-04-18,3766.0,1584.0,2182.0,0.0,0.0,0.0,0.0,73.0,27.0,21.0,69.0,44.0,0.0,0.0,295.0,254.0,555.0,394.0,274.0,40913,3.4,1.0,27.7,1.0,15.3
473,2015-04-19,3779.0,1536.0,2243.0,0.0,0.0,0.0,0.0,72.0,39.0,30.0,106.0,95.0,0.0,0.0,303.0,262.0,506.0,845.0,275.0,40913,0.4,1.0,29.0,1.0,16.1
474,2015-04-20,2379.0,1132.0,1247.0,0.0,0.0,0.0,0.0,113.0,33.0,40.0,46.0,40.0,0.0,0.0,323.0,280.0,334.0,284.0,206.0,40913,14.6,1.0,21.3,1.0,3.8
475,2015-04-21,4804.0,2189.0,2615.0,0.0,0.0,0.0,0.0,151.0,44.0,53.0,84.0,65.0,0.0,0.0,497.0,457.0,635.0,472.0,312.0,40913,2.0,1.0,21.3,1.0,18.5
476,2015-04-22,5166.0,2248.0,2918.0,0.0,0.0,0.0,0.0,164.0,27.0,25.0,95.0,74.0,0.0,0.0,489.0,450.0,520.0,446.0,365.0,40913,0.2,1.0,23.8,1.0,18.8
477,2015-04-23,4818.0,2136.0,2682.0,0.0,0.0,0.0,0.0,167.0,29.0,28.0,94.0,85.0,0.0,0.0,494.0,453.0,541.0,408.0,397.0,40913,0.0,1.0,25.7,1.0,18.8
478,2015-04-24,4414.0,1855.0,2559.0,0.0,0.0,0.0,0.0,137.0,27.0,20.0,81.0,85.0,0.0,0.0,413.0,379.0,474.0,389.0,379.0,40913,0.0,1.0,28.3,1.0,17.6
479,2015-04-25,3775.0,1520.0,2255.0,0.0,0.0,0.0,0.0,73.0,19.0,20.0,92.0,73.0,0.0,0.0,296.0,250.0,559.0,513.0,315.0,40913,0.0,1.0,29.4,1.0,18.2
480,2015-04-26,3401.0,1238.0,2163.0,0.0,0.0,22.0,0.0,49.0,33.0,27.0,81.0,100.0,0.0,0.0,258.0,215.0,727.0,495.0,239.0,40913,0.0,1.0,23.4,1.0,19.0
481,2015-04-27,4490.0,2048.0,2442.0,0.0,0.0,0.0,0.0,157.0,37.0,32.0,74.0,65.0,0.0,0.0,462.0,420.0,507.0,462.0,312.0,40913,0.0,1.0,25.2,1.0,18.1
482,2015-04-28,5243.0,2283.0,2960.0,0.0,0.0,0.0,0.0,176.0,36.0,36.0,111.0,90.0,0.0,0.0,531.0,480.0,552.0,392.0,406.0,40913,0.0,1.0,25.2,1.0,17.0
484,2015-04-30,1353.0,704.0,649.0,0.0,0.0,0.0,0.0,62.0,3.0,8.0,20.0,16.0,0.0,0.0,164.0,118.0,178.0,120.0,137.0,40913,7.8,1.0,18.0,1.0,3.7
485,2015-05-01,783.0,411.0,372.0,0.0,0.0,0.0,0.0,38.0,6.0,5.0,10.0,7.0,0.0,0.0,92.0,67.0,102.0,56.0,69.0,40913,56.2,1.0,21.0,1.0,3.7
486,2015-05-02,2338.0,971.0,1367.0,0.0,0.0,0.0,0.0,34.0,24.0,19.0,29.0,31.0,0.0,0.0,209.0,167.0,559.0,424.0,232.0,40913,182.6,1.0,24.9,1.0,16.8
487,2015-05-03,4112.0,1498.0,2614.0,0.0,0.0,0.0,0.0,63.0,24.0,19.0,64.0,55.0,0.0,0.0,294.0,254.0,678.0,560.0,261.0,40913,0.0,1.0,24.2,1.0,13.2
488,2015-05-04,4303.0,1952.0,2351.0,0.0,0.0,0.0,0.0,154.0,33.0,28.0,86.0,72.0,0.0,0.0,480.0,431.0,584.0,467.0,336.0,40913,0.0,1.0,27.3,1.0,16.1
491,2015-05-07,4793.0,2122.0,2671.0,0.0,0.0,0.0,0.0,163.0,44.0,32.0,87.0,76.0,0.0,0.0,620.0,574.0,298.0,274.0,136.0,40913,0.0,1.0,26.1,1.0,16.3
493,2015-05-09,3308.0,1221.0,2087.0,0.0,0.0,1.0,0.0,64.0,24.0,26.0,69.0,47.0,0.0,0.0,299.0,258.0,550.0,373.0,241.0,40913,0.0,1.0,23.7,1.0,14.4
494,2015-05-10,3131.0,1307.0,1824.0,0.0,0.0,4.0,0.0,78.0,29.0,21.0,63.0,45.0,0.0,0.0,262.0,217.0,567.0,459.0,236.0,40913,0.0,1.0,25.1,1.0,16.3
495,2015-05-11,4485.0,2118.0,2367.0,0.0,0.0,43.0,0.0,152.0,33.0,28.0,85.0,87.0,0.0,0.0,547.0,509.0,299.0,317.0,115.0,40913,0.0,1.0,26.0,1.0,16.3
496,2015-05-12,5236.0,2389.0,2847.0,0.0,0.0,3.0,0.0,171.0,34.0,33.0,98.0,92.0,0.0,0.0,618.0,577.0,270.0,289.0,158.0,40913,0.0,1.0,25.9,1.0,15.9
497,2015-05-13,4959.0,2184.0,2775.0,0.0,0.0,38.0,0.0,163.0,36.0,29.0,91.0,83.0,0.0,0.0,621.0,581.0,263.0,262.0,101.0,40913,0.0,1.0,24.9,1.0,16.0
498,2015-05-14,4399.0,1943.0,2456.0,0.0,0.0,32.0,2.0,163.0,33.0,25.0,69.0,63.0,0.0,0.0,549.0,509.0,244.0,285.0,77.0,40913,0.0,1.0,20.9,1.0,16.1
499,2015-05-15,3916.0,1671.0,2245.0,0.0,0.0,6.0,0.0,128.0,43.0,25.0,69.0,63.0,0.0,0.0,468.0,426.0,203.0,174.0,111.0,40913,0.0,1.0,24.1,1.0,14.5
500,2015-05-16,2976.0,1075.0,1901.0,0.0,0.0,1.0,1.0,53.0,28.0,22.0,57.0,44.0,0.0,0.0,249.0,212.0,506.0,357.0,178.0,40913,0.0,1.0,24.0,1.0,11.8
501,2015-05-17,2723.0,1026.0,1697.0,0.0,0.0,1.0,0.0,45.0,22.0,22.0,53.0,43.0,0.0,0.0,199.0,159.0,571.0,444.0,188.0,40913,1.0,1.0,23.0,1.0,11.3
502,2015-05-18,1978.0,924.0,1054.0,0.0,0.0,9.0,0.0,86.0,19.0,22.0,40.0,37.0,0.0,0.0,254.0,208.0,389.0,337.0,145.0,40913,6.6,1.0,22.9,1.0,8.7
503,2015-05-19,4769.0,2092.0,2677.0,0.0,0.0,0.0,0.0,166.0,32.0,31.0,72.0,72.0,0.0,0.0,578.0,535.0,342.0,297.0,112.0,40913,0.8,1.0,22.7,1.0,9.5
504,2015-05-20,5059.0,2283.0,2776.0,0.0,0.0,1.0,0.0,172.0,28.0,32.0,85.0,80.0,0.0,0.0,590.0,551.0,283.0,293.0,146.0,40913,0.0,1.0,26.8,1.0,13.2
505,2015-05-21,4297.0,1907.0,2390.0,0.0,0.0,0.0,0.0,145.0,31.0,33.0,83.0,74.0,0.0,0.0,562.0,521.0,204.0,235.0,79.0,40913,0.2,1.0,25.2,1.0,9.2
506,2015-05-22,3732.0,1612.0,2120.0,0.0,0.0,85.0,0.0,110.0,21.0,35.0,69.0,58.0,0.0,0.0,406.0,362.0,346.0,284.0,196.0,40913,1.4,1.0,19.9,1.0,15.1
507,2015-05-23,3268.0,1178.0,2090.0,0.0,0.0,51.0,1.0,80.0,17.0,20.0,64.0,63.0,0.0,0.0,266.0,227.0,578.0,426.0,195.0,40913,0.0,1.0,22.8,1.0,13.9
508,2015-05-24,3743.0,1418.0,2325.0,0.0,0.0,8.0,0.0,83.0,42.0,25.0,89.0,75.0,0.0,0.0,329.0,289.0,644.0,542.0,266.0,40913,0.0,1.0,23.6,1.0,14.3
509,2015-05-25,4348.0,1976.0,2372.0,0.0,0.0,3.0,0.0,146.0,29.0,30.0,68.0,65.0,0.0,0.0,471.0,431.0,444.0,385.0,243.0,40913,0.0,1.0,23.5,1.0,12.3
512,2015-05-28,4518.0,2023.0,2495.0,0.0,0.0,2.0,0.0,149.0,36.0,21.0,75.0,69.0,0.0,0.0,464.0,424.0,516.0,425.0,321.0,40913,0.0,1.0,25.1,1.0,13.8
513,2015-05-29,4266.0,1771.0,2495.0,0.0,0.0,0.0,0.0,130.0,23.0,33.0,69.0,70.0,0.0,0.0,409.0,368.0,458.0,308.0,279.0,40913,0.0,1.0,25.5,1.0,13.6
514,2015-05-30,3513.0,1312.0,2201.0,0.0,0.0,0.0,0.0,90.0,24.0,19.0,70.0,68.0,0.0,0.0,276.0,223.0,594.0,532.0,248.0,40913,0.0,1.0,27.6,1.0,13.4
515,2015-05-31,2667.0,806.0,1093.0,422.0,346.0,0.0,0.0,64.0,26.0,20.0,89.0,95.0,0.0,0.0,309.0,262.0,601.0,471.0,286.0,40913,0.0,1.0,26.1,1.0,9.5
516,2015-06-01,4372.0,513.0,570.0,1709.0,1580.0,0.0,0.0,148.0,21.0,23.0,75.0,66.0,0.0,0.0,515.0,470.0,308.0,318.0,167.0,40913,0.0,1.0,20.5,1.0,9.0
517,2015-06-02,4941.0,587.0,662.0,1832.0,1860.0,0.0,0.0,156.0,29.0,27.0,91.0,73.0,0.0,0.0,201.0,176.0,848.0,606.0,701.0,40913,0.0,1.0,19.5,1.0,14.8
518,2015-06-03,4652.0,526.0,597.0,1739.0,1790.0,1.0,0.0,177.0,18.0,25.0,82.0,76.0,90.0,172.0,132.0,288.0,659.0,514.0,607.0,40913,0.0,1.0,19.7,1.0,12.6
519,2015-06-04,4251.0,485.0,535.0,1642.0,1589.0,0.0,0.0,136.0,26.0,27.0,69.0,65.0,116.0,155.0,129.0,279.0,667.0,475.0,556.0,40913,0.0,1.0,22.3,1.0,14.2
520,2015-06-05,3574.0,411.0,433.0,1370.0,1360.0,38.0,0.0,100.0,30.0,20.0,76.0,70.0,90.0,105.0,118.0,203.0,576.0,513.0,505.0,40913,0.0,1.0,21.4,1.0,14.2
521,2015-06-06,3253.0,503.0,550.0,1037.0,1163.0,1.0,0.0,63.0,31.0,23.0,51.0,48.0,200.0,153.0,265.0,143.0,619.0,403.0,253.0,40913,0.0,1.0,22.1,1.0,13.0
522,2015-06-07,3391.0,539.0,541.0,1085.0,1226.0,3.0,0.0,97.0,41.0,27.0,90.0,72.0,224.0,212.0,255.0,160.0,622.0,496.0,256.0,40913,0.0,1.0,22.8,1.0,13.5
523,2015-06-08,4103.0,639.0,643.0,1391.0,1430.0,15.0,0.0,75.0,42.0,34.0,95.0,102.0,192.0,212.0,330.0,219.0,700.0,547.0,309.0,40913,0.2,1.0,24.5,1.0,12.8
524,2015-06-09,4534.0,539.0,597.0,1739.0,1659.0,0.0,0.0,146.0,21.0,25.0,78.0,76.0,102.0,170.0,129.0,287.0,658.0,490.0,588.0,40913,0.0,1.0,24.2,1.0,11.6
525,2015-06-10,4891.0,570.0,596.0,1847.0,1878.0,2.0,0.0,142.0,37.0,35.0,115.0,105.0,120.0,185.0,117.0,321.0,662.0,509.0,752.0,40913,0.0,1.0,24.2,1.0,12.8
526,2015-06-11,3786.0,393.0,384.0,1604.0,1405.0,0.0,0.0,132.0,30.0,29.0,68.0,77.0,94.0,183.0,122.0,226.0,549.0,373.0,536.0,40913,0.0,1.0,21.8,1.0,8.0
527,2015-06-12,3493.0,388.0,405.0,1266.0,1434.0,0.0,0.0,106.0,17.0,22.0,59.0,59.0,81.0,114.0,87.0,180.0,523.0,422.0,463.0,40913,4.6,1.0,20.1,1.0,9.3
528,2015-06-13,2646.0,422.0,452.0,891.0,881.0,2.0,0.0,59.0,10.0,15.0,58.0,33.0,168.0,143.0,175.0,109.0,469.0,395.0,155.0,40913,1.2,1.0,21.4,1.0,10.9
529,2015-06-14,2510.0,512.0,506.0,826.0,666.0,58.0,0.0,49.0,23.0,20.0,60.0,47.0,173.0,135.0,153.0,110.0,455.0,382.0,170.0,40913,4.2,1.0,22.2,1.0,10.4
530,2015-06-15,3360.0,506.0,562.0,1262.0,1030.0,133.0,0.0,109.0,35.0,29.0,49.0,42.0,86.0,170.0,137.0,205.0,574.0,478.0,351.0,40913,4.0,1.0,23.2,1.0,10.3
531,2015-06-16,3466.0,440.0,463.0,1425.0,1138.0,0.0,0.0,132.0,22.0,18.0,43.0,42.0,139.0,189.0,276.0,278.0,393.0,313.0,269.0,40913,1.0,1.0,21.5,1.0,7.6
532,2015-06-17,2550.0,328.0,381.0,1027.0,814.0,0.0,0.0,102.0,21.0,19.0,41.0,37.0,128.0,159.0,247.0,210.0,376.0,334.0,178.0,40913,3.4,1.0,21.0,1.0,4.6
533,2015-06-18,4239.0,543.0,576.0,1675.0,1445.0,86.0,0.0,144.0,47.0,34.0,65.0,71.0,404.0,310.0,588.0,398.0,286.0,279.0,107.0,40913,2.4,1.0,22.7,1.0,13.5
534,2015-06-19,3967.0,419.0,438.0,1559.0,1551.0,27.0,0.0,126.0,27.0,14.0,64.0,68.0,286.0,261.0,440.0,355.0,340.0,284.0,223.0,40913,0.0,1.0,21.6,1.0,13.2
535,2015-06-20,3380.0,602.0,602.0,997.0,1179.0,15.0,0.0,75.0,33.0,29.0,50.0,40.0,256.0,175.0,287.0,183.0,600.0,539.0,213.0,40913,0.0,1.0,20.9,1.0,13.8
536,2015-06-21,3805.0,567.0,579.0,1229.0,1430.0,33.0,0.0,78.0,36.0,25.0,50.0,63.0,259.0,220.0,308.0,188.0,751.0,551.0,262.0,40913,0.0,1.0,21.1,1.0,13.6
537,2015-06-22,3993.0,508.0,580.0,1478.0,1427.0,0.0,0.0,122.0,21.0,20.0,63.0,55.0,207.0,242.0,339.0,319.0,460.0,370.0,241.0,40913,0.0,1.0,20.5,1.0,10.0
538,2015-06-23,4356.0,551.0,574.0,1699.0,1532.0,0.0,0.0,137.0,26.0,30.0,64.0,72.0,203.0,224.0,419.0,366.0,535.0,435.0,302.0,40913,0.0,1.0,20.6,1.0,10.1
539,2015-06-24,4105.0,505.0,564.0,1552.0,1484.0,0.0,0.0,137.0,38.0,30.0,69.0,71.0,194.0,234.0,390.0,347.0,492.0,429.0,282.0,40913,0.0,1.0,19.6,1.0,9.6
540,2015-06-25,4071.0,481.0,537.0,1514.0,1539.0,0.0,0.0,142.0,40.0,35.0,74.0,81.0,206.0,219.0,383.0,346.0,535.0,443.0,278.0,40913,0.0,1.0,19.6,1.0,8.2
541,2015-06-26,3689.0,459.0,449.0,1380.0,1401.0,0.0,0.0,106.0,29.0,30.0,53.0,54.0,163.0,154.0,328.0,269.0,432.0,315.0,235.0,40913,0.2,1.0,22.7,1.0,12.4
542,2015-06-27,3165.0,542.0,522.0,938.0,1163.0,0.0,0.0,75.0,41.0,31.0,65.0,56.0,216.0,178.0,279.0,201.0,643.0,480.0,224.0,40913,0.0,1.0,22.6,1.0,11.0
543,2015-06-28,3537.0,635.0,638.0,1206.0,1058.0,0.0,0.0,77.0,25.0,23.0,69.0,64.0,194.0,196.0,261.0,169.0,604.0,533.0,224.0,40913,2.4,1.0,22.2,1.0,10.5
544,2015-06-29,1805.0,273.0,331.0,655.0,546.0,0.0,0.0,63.0,12.0,9.0,32.0,28.0,101.0,142.0,150.0,126.0,303.0,274.0,115.0,40913,7.0,1.0,18.4,1.0,7.3
545,2015-06-30,4159.0,578.0,624.0,1632.0,1325.0,0.0,0.0,137.0,29.0,29.0,71.0,66.0,97.0,169.0,146.0,266.0,716.0,505.0,589.0,40913,4.0,1.0,23.1,1.0,12.3
546,2015-07-01,4453.0,575.0,578.0,1753.0,1547.0,0.0,0.0,126.0,27.0,26.0,67.0,65.0,107.0,204.0,146.0,275.0,690.0,600.0,631.0,40913,0.2,1.0,23.3,1.0,12.7
547,2015-07-02,4246.0,535.0,586.0,1586.0,1539.0,0.0,0.0,130.0,34.0,25.0,75.0,76.0,94.0,165.0,113.0,267.0,764.0,593.0,596.0,40913,0.0,1.0,19.6,1.0,13.0
548,2015-07-03,3466.0,409.0,407.0,1263.0,1387.0,0.0,0.0,109.0,38.0,25.0,56.0,59.0,72.0,95.0,96.0,173.0,650.0,502.0,517.0,40913,0.0,1.0,20.7,1.0,14.1
549,2015-07-04,3162.0,463.0,442.0,1064.0,1193.0,0.0,0.0,64.0,25.0,24.0,77.0,49.0,175.0,168.0,300.0,164.0,534.0,466.0,249.0,40913,0.0,1.0,21.3,1.0,13.5
550,2015-07-05,3540.0,607.0,584.0,1143.0,1206.0,0.0,0.0,68.0,13.0,16.0,69.0,46.0,754.0,1630.0,190.0,151.0,404.0,1300.0,42.0,40913,0.0,1.0,22.8,1.0,13.6
551,2015-07-06,3969.0,566.0,616.0,1557.0,1230.0,0.0,0.0,128.0,32.0,24.0,60.0,62.0,84.0,178.0,107.0,223.0,722.0,618.0,539.0,40913,0.0,1.0,24.1,1.0,14.0
552,2015-07-07,4697.0,634.0,651.0,1765.0,1647.0,0.0,0.0,148.0,39.0,35.0,67.0,81.0,100.0,161.0,110.0,275.0,707.0,550.0,650.0,40913,0.0,1.0,23.0,1.0,14.5
553,2015-07-08,4041.0,486.0,491.0,1518.0,1546.0,0.0,0.0,122.0,20.0,32.0,68.0,52.0,92.0,187.0,94.0,236.0,673.0,500.0,534.0,40913,0.0,1.0,20.4,1.0,10.8
554,2015-07-09,3800.0,522.0,555.0,1411.0,1312.0,0.0,0.0,123.0,32.0,23.0,59.0,45.0,76.0,153.0,89.0,209.0,590.0,485.0,601.0,40913,0.0,1.0,19.4,1.0,9.8
555,2015-07-10,3189.0,378.0,330.0,1356.0,1125.0,0.0,0.0,89.0,16.0,25.0,72.0,61.0,63.0,115.0,68.0,154.0,508.0,471.0,488.0,40913,0.2,1.0,20.2,1.0,10.2
556,2015-07-11,3110.0,519.0,491.0,1090.0,1010.0,0.0,1.0,65.0,23.0,19.0,63.0,61.0,181.0,176.0,305.0,223.0,570.0,489.0,226.0,40913,0.4,1.0,21.2,1.0,11.3
557,2015-07-12,2688.0,596.0,549.0,603.0,940.0,26.0,30.0,55.0,17.0,20.0,19.0,19.0,152.0,172.0,165.0,105.0,635.0,541.0,208.0,40913,0.6,1.0,18.3,1.0,14.9
558,2015-07-13,3387.0,488.0,518.0,1257.0,1124.0,61.0,34.0,143.0,29.0,28.0,67.0,66.0,71.0,152.0,73.0,224.0,588.0,487.0,471.0,40913,0.2,1.0,18.2,1.0,14.4
559,2015-07-14,4132.0,523.0,578.0,1559.0,1472.0,44.0,63.0,118.0,21.0,23.0,65.0,56.0,88.0,180.0,95.0,245.0,692.0,532.0,600.0,40913,0.0,1.0,19.2,1.0,14.8
560,2015-07-15,3858.0,493.0,495.0,1462.0,1408.0,52.0,57.0,93.0,12.0,21.0,63.0,58.0,76.0,179.0,123.0,268.0,618.0,491.0,514.0,40913,0.0,1.0,18.2,1.0,12.0
561,2015-07-16,3792.0,437.0,485.0,1502.0,1368.0,57.0,53.0,95.0,25.0,24.0,61.0,66.0,83.0,124.0,93.0,233.0,640.0,568.0,532.0,40913,0.0,1.0,17.4,1.0,11.0
562,2015-07-17,2724.0,348.0,328.0,1011.0,1037.0,35.0,48.0,68.0,15.0,20.0,48.0,45.0,62.0,106.0,81.0,138.0,463.0,396.0,381.0,40913,0.0,1.0,16.1,1.0,14.9
563,2015-07-18,2923.0,537.0,473.0,943.0,970.0,20.0,34.0,55.0,32.0,20.0,56.0,45.0,232.0,165.0,245.0,153.0,579.0,481.0,182.0,40913,0.0,1.0,19.4,1.0,15.0
564,2015-07-19,3221.0,601.0,556.0,1001.0,1063.0,15.0,26.0,33.0,18.0,19.0,56.0,52.0,215.0,191.0,254.0,157.0,563.0,493.0,227.0,40913,0.0,1.0,19.3,1.0,11.8
565,2015-07-20,3871.0,526.0,540.0,1454.0,1351.0,45.0,56.0,106.0,17.0,35.0,56.0,46.0,69.0,174.0,102.0,234.0,622.0,521.0,548.0,40913,0.0,1.0,20.9,1.0,12.9
566,2015-07-21,4049.0,517.0,547.0,1613.0,1372.0,50.0,60.0,97.0,24.0,25.0,81.0,85.0,90.0,178.0,112.0,246.0,624.0,489.0,529.0,40913,0.2,1.0,21.6,1.0,10.3
567,2015-07-22,3066.0,351.0,355.0,1250.0,1110.0,31.0,42.0,94.0,14.0,20.0,56.0,51.0,68.0,155.0,87.0,206.0,423.0,362.0,419.0,40913,2.8,1.0,18.7,1.0,8.9
568,2015-07-23,3596.0,486.0,538.0,1481.0,1091.0,52.0,70.0,97.0,22.0,20.0,52.0,59.0,413.0,289.0,459.0,308.0,249.0,266.0,96.0,40913,4.4,1.0,23.1,1.0,10.8
569,2015-07-24,3809.0,489.0,443.0,1578.0,1299.0,31.0,38.0,110.0,21.0,29.0,69.0,62.0,360.0,264.0,505.0,345.0,190.0,204.0,124.0,40913,0.0,1.0,24.4,1.0,10.4
570,2015-07-25,3413.0,607.0,576.0,1181.0,1049.0,28.0,44.0,51.0,37.0,35.0,69.0,48.0,251.0,173.0,274.0,159.0,614.0,519.0,189.0,40913,0.0,1.0,24.3,1.0,11.8
571,2015-07-26,4065.0,695.0,644.0,1338.0,1388.0,22.0,43.0,65.0,34.0,23.0,63.0,61.0,219.0,208.0,277.0,169.0,625.0,534.0,231.0,40913,0.2,1.0,25.1,1.0,13.3
572,2015-07-27,4655.0,678.0,721.0,1746.0,1510.0,52.0,80.0,121.0,28.0,28.0,80.0,81.0,360.0,325.0,588.0,415.0,247.0,284.0,104.0,40913,0.0,1.0,22.9,1.0,13.9
573,2015-07-28,5093.0,663.0,713.0,1868.0,1849.0,38.0,75.0,150.0,50.0,47.0,102.0,94.0,462.0,348.0,697.0,439.0,291.0,262.0,123.0,40913,0.0,1.0,21.4,1.0,15.5
574,2015-07-29,4676.0,589.0,618.0,1723.0,1746.0,62.0,75.0,168.0,33.0,25.0,102.0,104.0,394.0,351.0,599.0,372.0,227.0,256.0,99.0,40913,0.0,1.0,21.7,1.0,15.7
575,2015-07-30,4646.0,647.0,642.0,1852.0,1505.0,62.0,66.0,137.0,24.0,26.0,83.0,77.0,386.0,330.0,567.0,365.0,229.0,262.0,115.0,40913,0.0,1.0,22.8,1.0,15.2
576,2015-07-31,4107.0,516.0,509.0,1552.0,1530.0,48.0,66.0,116.0,30.0,26.0,72.0,70.0,326.0,270.0,526.0,334.0,198.0,213.0,105.0,40913,0.0,1.0,24.1,1.0,14.8
577,2015-08-01,3887.0,672.0,645.0,1359.0,1211.0,45.0,64.0,75.0,16.0,21.0,86.0,77.0,240.0,185.0,325.0,201.0,605.0,423.0,252.0,40913,0.0,1.0,23.6,1.0,15.9
578,2015-08-02,4711.0,2833.0,525.0,753.0,600.0,15.0,24.0,64.0,26.0,29.0,89.0,74.0,195.0,201.0,320.0,215.0,628.0,2103.0,284.0,40913,0.0,1.0,25.7,1.0,16.0
579,2015-08-03,4782.0,684.0,741.0,1867.0,1490.0,56.0,58.0,168.0,26.0,23.0,91.0,88.0,209.0,209.0,428.0,373.0,459.0,424.0,356.0,40913,0.0,1.0,26.7,1.0,15.8
580,2015-08-04,5119.0,637.0,673.0,2041.0,1768.0,52.0,84.0,154.0,39.0,32.0,93.0,86.0,216.0,238.0,491.0,370.0,577.0,468.0,304.0,40913,0.0,1.0,21.8,1.0,12.2
581,2015-08-05,4568.0,612.0,658.0,1659.0,1639.0,78.0,83.0,104.0,32.0,34.0,94.0,86.0,200.0,229.0,480.0,354.0,447.0,414.0,304.0,40913,0.0,1.0,19.1,1.0,17.0
582,2015-08-06,4421.0,578.0,588.0,1613.0,1642.0,76.0,62.0,123.0,32.0,27.0,75.0,70.0,203.0,205.0,358.0,298.0,497.0,472.0,283.0,40913,0.0,1.0,21.1,1.0,16.7
583,2015-08-07,3803.0,476.0,468.0,1460.0,1399.0,66.0,83.0,97.0,34.0,25.0,70.0,65.0,1018.0,189.0,363.0,263.0,449.0,398.0,244.0,40913,0.0,1.0,21.4,1.0,16.6
584,2015-08-08,3638.0,625.0,590.0,1211.0,1212.0,21.0,41.0,59.0,23.0,18.0,71.0,56.0,261.0,211.0,324.0,185.0,622.0,493.0,224.0,40913,0.0,1.0,22.1,1.0,17.0
585,2015-08-09,4147.0,715.0,665.0,1383.0,1384.0,30.0,34.0,59.0,19.0,26.0,90.0,79.0,200.0,208.0,319.0,236.0,707.0,528.0,282.0,40913,0.0,1.0,22.5,1.0,16.0
586,2015-08-10,4527.0,673.0,718.0,1728.0,1408.0,67.0,74.0,168.0,20.0,22.0,78.0,59.0,232.0,264.0,400.0,337.0,494.0,433.0,281.0,40913,0.0,1.0,23.0,1.0,16.8
587,2015-08-11,4743.0,640.0,636.0,1852.0,1615.0,73.0,60.0,147.0,16.0,23.0,84.0,77.0,251.0,295.0,425.0,335.0,506.0,430.0,325.0,40913,0.0,1.0,26.4,1.0,17.2
588,2015-08-12,4077.0,724.0,648.0,1468.0,1237.0,20.0,39.0,74.0,27.0,29.0,87.0,94.0,192.0,201.0,326.0,176.0,565.0,490.0,287.0,40913,0.2,1.0,28.4,1.0,13.2
589,2015-08-13,4258.0,598.0,615.0,1486.0,1559.0,61.0,75.0,127.0,31.0,35.0,72.0,65.0,187.0,216.0,357.0,349.0,471.0,403.0,278.0,40913,3.6,1.0,22.3,1.0,17.9
590,2015-08-14,4167.0,573.0,561.0,1646.0,1387.0,71.0,79.0,104.0,25.0,24.0,62.0,63.0,233.0,174.0,382.0,275.0,463.0,370.0,281.0,40913,0.0,1.0,23.0,1.0,17.7
591,2015-08-15,3552.0,593.0,575.0,1171.0,1213.0,28.0,37.0,46.0,27.0,27.0,60.0,65.0,210.0,170.0,282.0,174.0,608.0,431.0,259.0,40913,0.0,1.0,22.6,1.0,15.4
592,2015-08-16,5436.0,1428.0,1402.0,1393.0,1213.0,28.0,40.0,49.0,24.0,19.0,67.0,58.0,198.0,192.0,281.0,206.0,590.0,480.0,249.0,40913,0.0,1.0,21.7,1.0,12.3
593,2015-08-17,4756.0,719.0,726.0,1835.0,1476.0,72.0,56.0,145.0,25.0,30.0,82.0,82.0,206.0,231.0,405.0,336.0,517.0,437.0,328.0,40913,0.0,1.0,23.4,1.0,15.6
594,2015-08-18,5341.0,744.0,760.0,2070.0,1767.0,69.0,58.0,178.0,34.0,36.0,90.0,77.0,201.0,234.0,485.0,376.0,553.0,447.0,311.0,40913,0.0,1.0,24.2,1.0,18.1
595,2015-08-19,5008.0,692.0,707.0,1938.0,1671.0,73.0,74.0,137.0,28.0,24.0,80.0,83.0,219.0,257.0,435.0,342.0,511.0,427.0,348.0,40913,0.0,1.0,22.8,1.0,14.6
596,2015-08-20,4478.0,587.0,612.0,1739.0,1540.0,60.0,63.0,112.0,26.0,22.0,90.0,84.0,358.0,329.0,553.0,376.0,241.0,247.0,106.0,40913,0.0,1.0,22.1,1.0,11.5
597,2015-08-21,3057.0,374.0,366.0,1340.0,977.0,51.0,71.0,74.0,23.0,22.0,26.0,35.0,547.0,150.0,305.0,185.0,323.0,271.0,163.0,40913,0.4,1.0,22.4,1.0,11.6
598,2015-08-22,2924.0,644.0,602.0,1049.0,629.0,42.0,32.0,42.0,20.0,14.0,33.0,40.0,208.0,167.0,185.0,139.0,478.0,397.0,204.0,40913,2.2,1.0,24.5,1.0,15.1
599,2015-08-23,4336.0,719.0,697.0,1730.0,1190.0,23.0,35.0,88.0,24.0,28.0,68.0,65.0,217.0,195.0,276.0,199.0,569.0,562.0,256.0,40913,0.0,1.0,24.1,1.0,10.9
600,2015-08-24,5081.0,748.0,812.0,2116.0,1405.0,52.0,53.0,148.0,34.0,31.0,95.0,84.0,234.0,273.0,525.0,370.0,411.0,360.0,275.0,40913,0.0,1.0,25.3,1.0,12.6
601,2015-08-25,5222.0,775.0,811.0,2084.0,1552.0,46.0,58.0,168.0,35.0,40.0,84.0,86.0,199.0,210.0,469.0,356.0,484.0,378.0,367.0,40913,2.2,1.0,29.1,1.0,16.3
602,2015-08-26,5603.0,827.0,832.0,2201.0,1743.0,61.0,63.0,168.0,32.0,20.0,99.0,89.0,214.0,240.0,473.0,345.0,502.0,439.0,385.0,40913,0.0,1.0,28.5,1.0,16.7
603,2015-08-27,3801.0,478.0,453.0,1576.0,1294.0,45.0,61.0,105.0,21.0,24.0,60.0,62.0,196.0,188.0,412.0,247.0,421.0,331.0,270.0,40913,0.0,1.0,23.9,1.0,6.0
604,2015-08-28,3315.0,510.0,479.0,1286.0,1040.0,51.0,45.0,81.0,17.0,16.0,48.0,45.0,181.0,176.0,301.0,246.0,393.0,275.0,271.0,40913,5.0,1.0,24.7,1.0,16.6
605,2015-08-29,3155.0,455.0,414.0,1130.0,1156.0,16.0,25.0,35.0,19.0,17.0,52.0,44.0,157.0,130.0,306.0,138.0,418.0,302.0,257.0,40913,0.2,1.0,22.9,1.0,12.8
606,2015-08-30,3966.0,739.0,674.0,1305.0,1248.0,17.0,43.0,69.0,29.0,20.0,62.0,56.0,208.0,236.0,395.0,190.0,613.0,556.0,284.0,40913,13.6,1.0,23.2,1.0,19.8
607,2015-08-31,4855.0,665.0,738.0,1875.0,1577.0,48.0,64.0,173.0,33.0,23.0,93.0,82.0,191.0,227.0,436.0,359.0,577.0,420.0,330.0,40913,0.2,1.0,23.7,1.0,19.8
608,2015-09-01,5590.0,746.0,786.0,2158.0,1900.0,65.0,72.0,182.0,28.0,28.0,103.0,88.0,222.0,244.0,513.0,411.0,526.0,442.0,403.0,40913,0.0,1.0,25.1,1.0,20.5
610,2015-09-03,3757.0,531.0,607.0,1437.0,1182.0,43.0,49.0,116.0,29.0,26.0,43.0,55.0,180.0,204.0,336.0,276.0,396.0,337.0,285.0,40913,2.4,1.0,25.3,1.0,18.4
611,2015-09-04,4315.0,542.0,537.0,1672.0,1564.0,52.0,62.0,141.0,28.0,26.0,65.0,73.0,173.0,157.0,434.0,246.0,410.0,374.0,326.0,40913,0.2,1.0,24.9,1.0,18.0
612,2015-09-05,3767.0,590.0,561.0,1351.0,1265.0,33.0,30.0,58.0,25.0,18.0,79.0,63.0,650.0,429.0,585.0,249.0,12.0,33.0,3.0,40913,0.0,1.0,23.6,1.0,16.6
613,2015-09-06,3752.0,621.0,578.0,1310.0,1243.0,37.0,47.0,74.0,34.0,24.0,93.0,73.0,521.0,427.0,537.0,301.0,1.0,5.0,0.0,40913,0.0,1.0,24.0,1.0,14.1
614,2015-09-07,4805.0,700.0,771.0,1936.0,1398.0,68.0,73.0,173.0,31.0,27.0,77.0,71.0,520.0,565.0,726.0,502.0,0.0,0.0,6.0,40913,0.0,1.0,25.5,1.0,16.2
615,2015-09-08,5542.0,800.0,837.0,2170.0,1735.0,43.0,48.0,187.0,37.0,30.0,103.0,94.0,560.0,555.0,777.0,605.0,5.0,3.0,2.0,40913,0.0,1.0,28.1,1.0,18.5
616,2015-09-09,5339.0,718.0,772.0,2092.0,1757.0,67.0,61.0,154.0,30.0,24.0,84.0,75.0,571.0,471.0,945.0,444.0,0.0,1.0,0.0,40913,0.0,1.0,25.6,1.0,21.5
617,2015-09-10,5013.0,674.0,713.0,2025.0,1601.0,55.0,64.0,160.0,24.0,30.0,92.0,81.0,543.0,458.0,842.0,449.0,1.0,1.0,0.0,40913,0.0,1.0,25.0,1.0,18.7
618,2015-09-11,4168.0,519.0,511.0,1647.0,1491.0,47.0,49.0,93.0,19.0,13.0,59.0,55.0,416.0,357.0,625.0,400.0,0.0,0.0,0.0,40913,0.0,1.0,21.6,1.0,12.5
619,2015-09-12,3770.0,616.0,605.0,1339.0,1210.0,19.0,21.0,64.0,21.0,20.0,47.0,43.0,520.0,413.0,509.0,272.0,0.0,0.0,0.0,40913,0.0,1.0,24.5,1.0,16.8
620,2015-09-13,4157.0,730.0,644.0,1449.0,1334.0,26.0,34.0,61.0,36.0,34.0,105.0,82.0,555.0,468.0,542.0,297.0,0.0,1.0,0.0,40913,0.0,1.0,25.4,1.0,17.8
621,2015-09-14,4728.0,646.0,785.0,1896.0,1401.0,61.0,70.0,157.0,26.0,27.0,75.0,67.0,523.0,558.0,713.0,561.0,4.0,0.0,0.0,40913,0.0,1.0,25.4,1.0,15.4
622,2015-09-15,5446.0,745.0,807.0,2183.0,1711.0,79.0,64.0,174.0,38.0,34.0,112.0,95.0,603.0,547.0,817.0,573.0,1.0,0.0,1.0,40913,0.0,1.0,25.6,1.0,18.0
623,2015-09-16,4834.0,598.0,614.0,2068.0,1554.0,61.0,53.0,170.0,28.0,19.0,80.0,84.0,448.0,471.0,830.0,392.0,0.0,0.0,0.0,40913,0.0,1.0,27.4,1.0,21.1
624,2015-09-17,1678.0,244.0,242.0,677.0,515.0,30.0,35.0,49.0,18.0,11.0,25.0,24.0,246.0,215.0,307.0,173.0,8.0,8.0,1.0,40913,10.2,1.0,19.9,1.0,6.8
625,2015-09-18,3645.0,495.0,492.0,1396.0,1262.0,56.0,52.0,101.0,18.0,23.0,51.0,53.0,425.0,364.0,613.0,329.0,1.0,0.0,0.0,40913,18.0,1.0,22.8,1.0,16.4
626,2015-09-19,3855.0,659.0,642.0,1258.0,1296.0,46.0,35.0,68.0,28.0,14.0,46.0,53.0,546.0,394.0,604.0,282.0,0.0,2.0,0.0,40913,0.6,1.0,24.0,1.0,19.3
627,2015-09-20,4191.0,705.0,659.0,1434.0,1393.0,30.0,27.0,59.0,25.0,26.0,68.0,62.0,596.0,511.0,562.0,285.0,0.0,0.0,0.0,40913,0.0,1.0,23.3,1.0,16.9
628,2015-09-21,4900.0,737.0,809.0,1899.0,1455.0,55.0,64.0,174.0,22.0,28.0,81.0,71.0,541.0,537.0,675.0,491.0,0.0,0.0,0.0,40913,1.6,1.0,24.3,1.0,17.5
629,2015-09-22,5748.0,762.0,786.0,2252.0,1948.0,73.0,55.0,182.0,23.0,21.0,95.0,88.0,550.0,551.0,759.0,567.0,2.0,4.0,0.0,40913,0.0,1.0,29.4,1.0,21.1
630,2015-09-23,4797.0,580.0,586.0,1935.0,1696.0,112.0,63.0,140.0,31.0,25.0,79.0,91.0,543.0,443.0,822.0,444.0,4.0,3.0,1.0,40913,0.0,1.0,23.5,1.0,16.8
631,2015-09-24,4806.0,660.0,723.0,1866.0,1557.0,70.0,56.0,148.0,24.0,29.0,69.0,57.0,575.0,495.0,798.0,405.0,3.0,0.0,0.0,40913,0.6,1.0,23.1,1.0,23.4
632,2015-09-25,4107.0,536.0,551.0,1581.0,1439.0,65.0,58.0,88.0,25.0,15.0,68.0,60.0,465.0,344.0,644.0,317.0,6.0,4.0,3.0,40913,0.2,1.0,23.4,1.0,15.8
633,2015-09-26,3898.0,763.0,682.0,1300.0,1153.0,20.0,24.0,48.0,19.0,10.0,52.0,46.0,755.0,585.0,480.0,226.0,19.0,14.0,10.0,40913,0.0,1.0,23.1,1.0,15.4
634,2015-09-27,3206.0,540.0,518.0,1157.0,991.0,35.0,38.0,56.0,39.0,37.0,119.0,92.0,489.0,460.0,515.0,201.0,27.0,10.0,2.0,40913,0.4,1.0,24.1,1.0,20.0
635,2015-09-28,4714.0,731.0,812.0,1738.0,1433.0,94.0,70.0,142.0,34.0,29.0,78.0,79.0,575.0,575.0,679.0,479.0,8.0,3.0,1.0,40913,12.2,1.0,24.8,1.0,22.2
636,2015-09-29,4468.0,594.0,605.0,1814.0,1455.0,81.0,53.0,122.0,28.0,18.0,78.0,87.0,545.0,435.0,785.0,349.0,13.0,8.0,5.0,40913,0.0,1.0,25.7,1.0,18.4
637,2015-09-30,4918.0,713.0,762.0,1893.0,1550.0,111.0,69.0,153.0,33.0,28.0,88.0,78.0,579.0,561.0,734.0,499.0,13.0,9.0,4.0,40913,7.8,1.0,26.6,1.0,23.7
638,2015-10-01,4875.0,726.0,746.0,1893.0,1510.0,84.0,72.0,138.0,27.0,20.0,71.0,67.0,581.0,455.0,826.0,394.0,15.0,6.0,2.0,40913,0.0,1.0,27.7,1.0,23.5
639,2015-10-02,4358.0,594.0,552.0,1708.0,1504.0,82.0,55.0,110.0,15.0,19.0,70.0,66.0,542.0,378.0,761.0,333.0,2.0,1.0,1.0,40913,0.0,1.0,29.3,1.0,25.0
640,2015-10-03,3852.0,658.0,592.0,1345.0,1257.0,33.0,17.0,58.0,21.0,16.0,71.0,53.0,534.0,406.0,544.0,214.0,0.0,3.0,0.0,40913,0.0,1.0,27.8,1.0,25.0
641,2015-10-04,3507.0,574.0,581.0,1247.0,1105.0,38.0,22.0,84.0,17.0,19.0,55.0,43.0,529.0,418.0,537.0,252.0,2.0,3.0,0.0,40913,0.0,1.0,29.0,1.0,25.4
642,2015-10-05,4509.0,799.0,715.0,1596.0,1399.0,29.0,18.0,71.0,23.0,19.0,82.0,65.0,475.0,389.0,476.0,267.0,0.0,3.0,0.0,40913,0.0,1.0,33.8,1.0,25.5
643,2015-10-06,5312.0,755.0,805.0,2132.0,1620.0,65.0,52.0,167.0,23.0,17.0,82.0,81.0,526.0,466.0,899.0,385.0,18.0,10.0,4.0,40913,0.0,1.0,30.7,1.0,25.7
644,2015-10-07,5955.0,797.0,835.0,2398.0,1925.0,87.0,68.0,178.0,27.0,26.0,115.0,113.0,507.0,429.0,1021.0,366.0,1.0,0.0,0.0,40913,0.0,1.0,28.3,1.0,25.6
645,2015-10-08,4942.0,564.0,601.0,1928.0,1849.0,63.0,62.0,143.0,18.0,26.0,95.0,75.0,530.0,448.0,883.0,361.0,10.0,11.0,8.0,40913,0.0,1.0,25.7,1.0,14.6
646,2015-10-09,3849.0,528.0,503.0,1510.0,1308.0,50.0,44.0,106.0,14.0,22.0,62.0,53.0,478.0,374.0,697.0,305.0,21.0,14.0,6.0,40913,5.8,1.0,25.1,1.0,14.6
647,2015-10-10,4325.0,697.0,652.0,1601.0,1375.0,42.0,28.0,95.0,30.0,22.0,76.0,71.0,634.0,418.0,657.0,276.0,0.0,0.0,0.0,40913,0.2,1.0,25.6,1.0,19.0
648,2015-10-11,4803.0,754.0,724.0,1837.0,1488.0,42.0,35.0,92.0,36.0,36.0,100.0,90.0,542.0,762.0,648.0,282.0,0.0,2.0,0.0,40913,0.0,1.0,25.9,1.0,23.9
649,2015-10-12,5297.0,740.0,824.0,2136.0,1597.0,78.0,67.0,201.0,18.0,33.0,105.0,89.0,519.0,507.0,988.0,394.0,12.0,11.0,4.0,40913,0.0,1.0,27.4,1.0,25.4
650,2015-10-13,5447.0,698.0,725.0,2269.0,1755.0,60.0,53.0,176.0,29.0,29.0,86.0,87.0,519.0,400.0,985.0,333.0,10.0,8.0,2.0,40913,0.0,1.0,28.0,1.0,22.3
651,2015-10-14,5205.0,666.0,738.0,2094.0,1707.0,65.0,62.0,148.0,40.0,34.0,75.0,72.0,491.0,437.0,923.0,299.0,9.0,8.0,2.0,40913,0.2,1.0,27.3,1.0,22.3
652,2015-10-15,5195.0,701.0,721.0,2043.0,1730.0,85.0,70.0,151.0,45.0,43.0,80.0,79.0,542.0,472.0,965.0,324.0,11.0,14.0,0.0,40913,4.4,1.0,26.9,1.0,20.4
653,2015-10-16,4787.0,578.0,568.0,2025.0,1616.0,85.0,66.0,129.0,26.0,27.0,88.0,86.0,519.0,349.0,930.0,300.0,3.0,1.0,4.0,40913,0.0,1.0,26.6,1.0,22.2
654,2015-10-17,3884.0,652.0,619.0,1376.0,1237.0,546.0,298.0,92.0,525.0,195.0,66.0,47.0,554.0,437.0,546.0,229.0,3.0,2.0,0.0,40913,0.0,1.0,27.6,1.0,25.7
655,2015-10-18,4291.0,667.0,598.0,1638.0,1388.0,28.0,29.0,63.0,29.0,23.0,72.0,57.0,504.0,450.0,620.0,283.0,2.0,4.0,1.0,40913,0.0,1.0,27.1,1.0,20.9
656,2015-10-19,4745.0,677.0,755.0,1859.0,1454.0,66.0,57.0,94.0,68.0,21.0,73.0,72.0,466.0,497.0,849.0,339.0,4.0,4.0,2.0,40913,0.0,1.0,26.5,1.0,21.3
657,2015-10-20,5758.0,759.0,853.0,2262.0,1884.0,82.0,76.0,111.0,38.0,45.0,111.0,92.0,568.0,575.0,965.0,467.0,2.0,2.0,2.0,40913,0.0,1.0,26.8,1.0,22.3
658,2015-10-21,5672.0,716.0,766.0,2283.0,1907.0,86.0,71.0,127.0,31.0,28.0,91.0,96.0,516.0,464.0,990.0,434.0,3.0,4.0,1.0,40913,0.0,1.0,27.2,1.0,26.6
659,2015-10-22,4245.0,505.0,467.0,1766.0,1507.0,67.0,69.0,132.0,27.0,21.0,62.0,73.0,398.0,327.0,789.0,325.0,12.0,1.0,4.0,40913,0.0,1.0,29.3,1.0,19.1
660,2015-10-23,4275.0,552.0,540.0,1600.0,1583.0,66.0,64.0,88.0,24.0,23.0,92.0,37.0,1570.0,441.0,741.0,315.0,8.0,4.0,1.0,40913,20.8,1.0,27.3,1.0,24.1
661,2015-10-24,3432.0,521.0,515.0,1245.0,1151.0,48.0,38.0,52.0,25.0,21.0,54.0,53.0,544.0,426.0,570.0,234.0,0.0,0.0,0.0,40913,0.0,1.0,24.3,1.0,9.0
662,2015-10-25,4417.0,744.0,702.0,1600.0,1371.0,49.0,39.0,82.0,34.0,31.0,81.0,86.0,571.0,507.0,590.0,287.0,0.0,1.0,0.0,40913,1.2,1.0,25.4,1.0,15.5
663,2015-10-26,4579.0,662.0,727.0,1831.0,1359.0,106.0,88.0,125.0,38.0,32.0,99.0,91.0,437.0,467.0,875.0,395.0,7.0,19.0,3.0,40913,0.0,1.0,28.4,1.0,24.4
664,2015-10-27,5026.0,628.0,667.0,2072.0,1659.0,160.0,61.0,142.0,36.0,28.0,74.0,80.0,506.0,389.0,952.0,364.0,6.0,7.0,4.0,40913,4.8,1.0,30.7,1.0,25.2
665,2015-10-28,3106.0,366.0,412.0,1265.0,1063.0,93.0,69.0,89.0,19.0,23.0,43.0,40.0,342.0,331.0,524.0,356.0,2.0,2.0,2.0,40913,13.2,1.0,22.3,1.0,7.2
666,2015-10-29,3269.0,456.0,474.0,1349.0,990.0,91.0,76.0,87.0,30.0,24.0,47.0,49.0,457.0,463.0,544.0,412.0,10.0,11.0,4.0,40913,5.0,1.0,23.1,1.0,8.4
667,2015-10-30,4176.0,506.0,516.0,1711.0,1443.0,99.0,65.0,107.0,36.0,27.0,70.0,75.0,469.0,418.0,711.0,445.0,5.0,11.0,5.0,40913,0.2,1.0,24.1,1.0,12.6
668,2015-10-31,3755.0,562.0,526.0,1450.0,1217.0,65.0,36.0,50.0,34.0,33.0,69.0,71.0,506.0,386.0,523.0,281.0,1.0,3.0,2.0,40913,0.0,1.0,25.2,1.0,18.8
669,2015-11-01,3843.0,648.0,650.0,1368.0,1177.0,40.0,26.0,70.0,35.0,34.0,93.0,58.0,492.0,492.0,495.0,246.0,1.0,4.0,0.0,40913,0.0,1.0,27.0,1.0,24.6
670,2015-11-02,5266.0,747.0,853.0,2060.0,1606.0,88.0,80.0,132.0,33.0,32.0,96.0,79.0,463.0,502.0,887.0,424.0,7.0,9.0,3.0,40913,0.0,1.0,29.5,1.0,26.5
671,2015-11-03,5272.0,604.0,664.0,2125.0,1879.0,116.0,86.0,139.0,26.0,22.0,84.0,89.0,438.0,385.0,1066.0,378.0,0.0,0.0,0.0,40913,0.0,1.0,30.5,1.0,28.0
672,2015-11-04,5088.0,651.0,665.0,2027.0,1745.0,99.0,81.0,144.0,27.0,30.0,81.0,80.0,454.0,407.0,946.0,317.0,13.0,5.0,3.0,40913,11.6,1.0,29.8,1.0,25.2
673,2015-11-05,4797.0,571.0,619.0,2038.0,1569.0,104.0,77.0,128.0,19.0,21.0,85.0,78.0,444.0,422.0,980.0,349.0,5.0,3.0,7.0,40913,0.0,1.0,29.1,1.0,18.2
674,2015-11-06,3891.0,546.0,534.0,1538.0,1273.0,97.0,62.0,87.0,17.0,25.0,70.0,65.0,453.0,418.0,659.0,327.0,9.0,8.0,1.0,40913,19.0,1.0,29.3,1.0,20.0
675,2015-11-07,3410.0,532.0,475.0,1244.0,1159.0,53.0,20.0,45.0,23.0,22.0,77.0,53.0,388.0,387.0,442.0,221.0,24.0,10.0,3.0,40913,0.0,1.0,33.3,1.0,25.5
676,2015-11-08,2963.0,494.0,446.0,985.0,1038.0,33.0,30.0,42.0,26.0,21.0,89.0,70.0,414.0,348.0,487.0,146.0,3.0,3.0,8.0,40913,0.4,1.0,25.0,1.0,11.4
677,2015-11-09,4387.0,691.0,765.0,1595.0,1336.0,99.0,97.0,115.0,30.0,35.0,58.0,56.0,484.0,464.0,778.0,321.0,59.0,45.0,24.0,40913,14.0,1.0,25.9,1.0,20.4
678,2015-11-10,5851.0,714.0,803.0,2287.0,2047.0,150.0,109.0,136.0,36.0,27.0,107.0,119.0,3.0,3.0,1.0,3.0,750.0,710.0,1044.0,40913,0.0,1.0,26.6,1.0,27.3
679,2015-11-11,5479.0,706.0,741.0,2105.0,1927.0,107.0,77.0,149.0,33.0,22.0,95.0,84.0,16.0,17.0,2.0,0.0,710.0,623.0,947.0,40913,0.0,1.0,26.5,1.0,18.1
680,2015-11-12,4982.0,614.0,656.0,1987.0,1725.0,95.0,80.0,110.0,25.0,31.0,92.0,73.0,2.0,1.0,0.0,0.0,691.0,608.0,916.0,40913,0.0,1.0,26.4,1.0,18.9
681,2015-11-13,4624.0,613.0,576.0,1773.0,1662.0,95.0,72.0,114.0,17.0,27.0,93.0,71.0,7.0,5.0,1.0,1.0,528.0,573.0,817.0,40913,0.0,1.0,28.1,1.0,26.4
682,2015-11-14,2789.0,408.0,384.0,1026.0,971.0,25.0,22.0,60.0,14.0,21.0,75.0,57.0,5.0,0.0,0.0,0.0,638.0,478.0,377.0,40913,1.0,1.0,26.7,1.0,12.1
683,2015-11-15,3928.0,716.0,667.0,1273.0,1272.0,149.0,46.0,55.0,30.0,34.0,74.0,46.0,2.0,7.0,1.0,1.0,719.0,613.0,534.0,40913,10.6,1.0,27.3,1.0,19.0
684,2015-11-16,4890.0,650.0,730.0,1900.0,1610.0,310.0,100.0,135.0,31.0,30.0,93.0,82.0,2.0,3.0,0.0,0.0,681.0,622.0,813.0,40913,0.2,1.0,27.0,1.0,20.3
685,2015-11-17,5644.0,711.0,758.0,2253.0,1922.0,180.0,112.0,140.0,51.0,39.0,100.0,90.0,5.0,3.0,0.0,0.0,767.0,712.0,922.0,40913,0.6,1.0,26.0,1.0,23.2
686,2015-11-18,5459.0,625.0,711.0,2211.0,1912.0,212.0,90.0,151.0,38.0,22.0,104.0,100.0,4.0,6.0,4.0,0.0,684.0,650.0,1005.0,40913,0.0,1.0,28.2,1.0,30.2
687,2015-11-19,4945.0,564.0,620.0,2008.0,1753.0,144.0,86.0,134.0,39.0,22.0,114.0,80.0,2.0,2.0,0.0,1.0,616.0,526.0,1009.0,40913,0.0,1.0,33.4,1.0,30.2
688,2015-11-20,4370.0,516.0,509.0,1819.0,1526.0,143.0,68.0,91.0,22.0,26.0,68.0,70.0,0.0,5.0,0.0,0.0,562.0,478.0,817.0,40913,0.0,1.0,30.9,1.0,30.4
689,2015-11-21,3210.0,474.0,457.0,1200.0,1079.0,51.0,23.0,41.0,21.0,20.0,61.0,57.0,5.0,3.0,0.0,0.0,606.0,475.0,513.0,40913,0.0,1.0,33.3,1.0,29.9
690,2015-11-22,3657.0,585.0,556.0,1355.0,1161.0,39.0,38.0,62.0,33.0,25.0,93.0,72.0,5.0,9.0,1.0,0.0,737.0,695.0,531.0,40913,0.0,1.0,28.4,1.0,6.5
691,2015-11-23,4593.0,604.0,679.0,1892.0,1418.0,97.0,79.0,144.0,27.0,24.0,80.0,59.0,4.0,5.0,1.0,1.0,491.0,547.0,917.0,40913,0.0,1.0,29.9,1.0,25.3
692,2015-11-24,5467.0,655.0,758.0,2228.0,1826.0,86.0,106.0,153.0,28.0,25.0,109.0,105.0,8.0,12.0,1.0,1.0,661.0,531.0,1107.0,40913,0.0,1.0,30.5,1.0,19.8
693,2015-11-25,5151.0,621.0,659.0,2134.0,1737.0,91.0,90.0,139.0,31.0,27.0,114.0,100.0,16.0,18.0,10.0,3.0,543.0,465.0,944.0,40913,0.0,1.0,31.0,1.0,23.0
694,2015-11-26,4883.0,576.0,612.0,2022.0,1673.0,77.0,70.0,145.0,20.0,31.0,97.0,85.0,9.0,9.0,31.0,22.0,547.0,429.0,944.0,40913,0.0,1.0,31.8,1.0,29.9
695,2015-11-27,4109.0,437.0,431.0,1812.0,1429.0,63.0,80.0,96.0,21.0,19.0,85.0,64.0,3.0,2.0,1.0,1.0,488.0,358.0,784.0,40913,0.0,1.0,31.1,1.0,28.4
696,2015-11-28,3229.0,455.0,413.0,1297.0,1064.0,29.0,29.0,47.0,19.0,21.0,52.0,52.0,8.0,1.0,0.0,0.0,490.0,399.0,544.0,40913,0.0,1.0,30.4,1.0,19.0
697,2015-11-29,2882.0,381.0,368.0,1145.0,988.0,17.0,21.0,61.0,24.0,14.0,96.0,50.0,14.0,8.0,0.0,0.0,497.0,443.0,461.0,40913,0.2,1.0,31.0,1.0,23.6
698,2015-11-30,4539.0,607.0,688.0,1830.0,1414.0,86.0,66.0,134.0,32.0,32.0,91.0,74.0,10.0,10.0,1.0,1.0,511.0,420.0,909.0,40913,16.6,1.0,31.8,1.0,26.5
699,2015-12-01,5440.0,622.0,720.0,2290.0,1808.0,138.0,83.0,136.0,35.0,36.0,121.0,110.0,8.0,9.0,3.0,2.0,601.0,538.0,1052.0,40913,0.0,1.0,31.3,1.0,25.1
700,2015-12-02,3239.0,443.0,459.0,1321.0,1016.0,79.0,67.0,86.0,21.0,23.0,64.0,59.0,5.0,4.0,2.0,0.0,637.0,531.0,610.0,40913,0.4,1.0,27.9,1.0,4.0
701,2015-12-03,4939.0,643.0,645.0,1914.0,1737.0,96.0,86.0,108.0,26.0,24.0,119.0,106.0,6.0,11.0,3.0,3.0,703.0,536.0,933.0,40913,2.0,1.0,27.9,1.0,18.5
702,2015-12-04,4263.0,497.0,472.0,1650.0,1644.0,98.0,58.0,90.0,85.0,19.0,88.0,85.0,3.0,5.0,1.0,1.0,640.0,546.0,741.0,40913,0.2,1.0,25.6,1.0,16.7
703,2015-12-05,3479.0,553.0,533.0,1228.0,1165.0,115.0,31.0,42.0,29.0,20.0,84.0,67.0,1.0,7.0,0.0,0.0,675.0,522.0,514.0,40913,0.0,1.0,28.4,1.0,26.9
704,2015-12-06,3793.0,572.0,549.0,1362.0,1310.0,147.0,26.0,52.0,39.0,23.0,97.0,80.0,6.0,3.0,4.0,2.0,665.0,588.0,531.0,40913,0.0,1.0,29.1,1.0,28.5
705,2015-12-07,4880.0,636.0,725.0,1958.0,1561.0,191.0,84.0,116.0,30.0,21.0,99.0,80.0,0.0,6.0,0.0,0.0,546.0,475.0,886.0,40913,0.0,1.0,29.8,1.0,28.8
706,2015-12-08,5475.0,696.0,781.0,2156.0,1842.0,136.0,73.0,140.0,31.0,29.0,125.0,101.0,20.0,18.0,28.0,25.0,614.0,464.0,1064.0,40913,0.0,1.0,30.7,1.0,27.5
707,2015-12-09,5161.0,590.0,632.0,2174.0,1765.0,87.0,77.0,127.0,32.0,26.0,118.0,89.0,6.0,13.0,6.0,8.0,547.0,452.0,932.0,40913,0.0,1.0,30.8,1.0,21.8
708,2015-12-10,4342.0,459.0,492.0,1891.0,1500.0,69.0,66.0,89.0,17.0,20.0,90.0,73.0,6.0,6.0,2.0,2.0,547.0,383.0,893.0,40913,0.0,1.0,32.3,1.0,24.0
709,2015-12-11,3771.0,402.0,403.0,1523.0,1443.0,73.0,49.0,109.0,14.0,13.0,88.0,66.0,2.0,3.0,1.0,0.0,461.0,389.0,765.0,40913,0.6,1.0,32.5,1.0,26.6
710,2015-12-12,1364.0,293.0,265.0,421.0,385.0,18.0,28.0,12.0,11.0,10.0,26.0,19.0,2.0,1.0,1.0,1.0,490.0,439.0,185.0,40913,1.0,1.0,22.4,1.0,2.9
711,2015-12-13,2718.0,563.0,515.0,885.0,755.0,35.0,33.0,20.0,17.0,22.0,25.0,29.0,0.0,6.0,0.0,0.0,602.0,579.0,338.0,40913,9.8,1.0,27.3,1.0,12.3
712,2015-12-14,4918.0,643.0,715.0,1974.0,1586.0,208.0,74.0,122.0,44.0,33.0,95.0,83.0,1.0,2.0,1.0,1.0,567.0,432.0,926.0,40913,0.8,1.0,29.1,1.0,30.1
713,2015-12-15,5123.0,618.0,675.0,2097.0,1733.0,110.0,82.0,122.0,30.0,26.0,114.0,86.0,22.0,17.0,0.0,0.0,702.0,511.0,963.0,40913,0.0,1.0,29.9,1.0,25.8
714,2015-12-16,4784.0,570.0,618.0,1975.0,1621.0,75.0,78.0,95.0,22.0,26.0,111.0,106.0,2.0,2.0,1.0,0.0,630.0,463.0,861.0,40913,0.0,1.0,27.3,1.0,9.0
715,2015-12-17,4032.0,501.0,518.0,1675.0,1338.0,81.0,62.0,111.0,22.0,26.0,97.0,76.0,2.0,2.0,0.0,0.0,546.0,356.0,785.0,40913,3.8,1.0,29.7,1.0,24.2
716,2015-12-18,3955.0,464.0,430.0,1648.0,1413.0,69.0,47.0,84.0,123.0,27.0,89.0,67.0,5.0,6.0,3.0,0.0,471.0,454.0,713.0,40913,3.2,1.0,28.6,1.0,19.8
717,2015-12-19,3404.0,566.0,436.0,1224.0,1178.0,55.0,29.0,65.0,25.0,25.0,88.0,69.0,22.0,16.0,0.0,1.0,568.0,458.0,512.0,40913,0.0,1.0,28.7,1.0,28.1
718,2015-12-20,3495.0,497.0,578.0,1256.0,1164.0,37.0,26.0,72.0,30.0,20.0,81.0,69.0,6.0,11.0,0.0,0.0,506.0,544.0,514.0,40913,0.0,1.0,30.1,1.0,28.9
719,2015-12-21,4003.0,508.0,559.0,1667.0,1269.0,88.0,69.0,109.0,25.0,23.0,79.0,74.0,73.0,74.0,262.0,84.0,374.0,293.0,500.0,40913,0.0,1.0,31.2,1.0,31.0
720,2015-12-22,4391.0,538.0,560.0,1771.0,1522.0,77.0,61.0,100.0,19.0,26.0,89.0,67.0,84.0,86.0,325.0,117.0,345.0,263.0,445.0,40913,0.0,1.0,30.5,1.0,21.9
721,2015-12-23,3835.0,407.0,421.0,1557.0,1450.0,43.0,47.0,101.0,22.0,22.0,81.0,73.0,86.0,74.0,289.0,121.0,280.0,182.0,392.0,40913,0.0,1.0,30.6,1.0,26.7
722,2015-12-24,2289.0,268.0,241.0,922.0,858.0,40.0,23.0,54.0,20.0,9.0,46.0,32.0,61.0,46.0,190.0,70.0,248.0,131.0,184.0,40913,3.2,1.0,28.1,1.0,8.2
723,2015-12-25,1733.0,385.0,332.0,538.0,478.0,292.0,46.0,24.0,99.0,7.0,30.0,20.0,77.0,58.0,103.0,41.0,258.0,150.0,107.0,40913,9.2,1.0,28.4,1.0,20.4
724,2015-12-26,2579.0,405.0,361.0,916.0,897.0,269.0,21.0,32.0,20.0,22.0,67.0,61.0,87.0,63.0,207.0,89.0,306.0,202.0,213.0,40913,0.4,1.0,32.0,1.0,29.1
725,2015-12-27,2463.0,431.0,367.0,924.0,741.0,49.0,15.0,28.0,12.0,20.0,49.0,54.0,92.0,97.0,182.0,68.0,275.0,233.0,193.0,40913,0.8,1.0,31.2,1.0,13.3
726,2015-12-28,3396.0,525.0,482.0,1135.0,1254.0,98.0,50.0,53.0,26.0,7.0,81.0,70.0,121.0,88.0,262.0,101.0,414.0,281.0,275.0,40913,0.8,1.0,29.0,1.0,14.6
727,2015-12-29,3661.0,526.0,498.0,1328.0,1309.0,91.0,48.0,68.0,72.0,15.0,61.0,49.0,164.0,106.0,305.0,118.0,511.0,343.0,316.0,40913,0.0,1.0,26.5,1.0,15.5
728,2015-12-30,3718.0,562.0,547.0,1291.0,1318.0,265.0,43.0,83.0,59.0,21.0,74.0,60.0,81.0,105.0,252.0,103.0,377.0,241.0,308.0,40913,0.0,1.0,29.8,1.0,25.5
729,2015-12-31,3650.0,653.0,494.0,1194.0,1309.0,116.0,44.0,63.0,37.0,23.0,91.0,64.0,154.0,123.0,239.0,89.0,367.0,283.0,228.0,40913,0.0,1.0,29.9,1.0,26.5
730,2016-01-01,2892.0,542.0,565.0,899.0,886.0,114.0,31.0,43.0,30.0,19.0,48.0,38.0,130.0,189.0,188.0,85.0,507.0,454.0,220.0,40913,0.0,1.0,30.8,1.0,25.5
731,2016-01-02,3664.0,584.0,524.0,1344.0,1212.0,107.0,32.0,55.0,38.0,25.0,72.0,60.0,90.0,90.0,250.0,113.0,367.0,299.0,313.0,40913,0.0,1.0,30.1,1.0,29.9
732,2016-01-03,3160.0,585.0,516.0,1090.0,969.0,44.0,42.0,53.0,32.0,20.0,84.0,53.0,125.0,133.0,286.0,98.0,514.0,333.0,267.0,40913,0.0,1.0,28.0,1.0,14.9
733,2016-01-04,2814.0,384.0,378.0,1163.0,889.0,88.0,56.0,105.0,22.0,22.0,60.0,58.0,95.0,94.0,307.0,114.0,378.0,279.0,265.0,40913,8.8,1.0,26.8,1.0,10.6
736,2016-01-07,4894.0,589.0,679.0,1942.0,1684.0,0.0,0.0,159.0,28.0,25.0,112.0,88.0,136.0,162.0,555.0,181.0,408.0,216.0,407.0,40913,0.0,1.0,30.0,1.0,26.9
737,2016-01-08,4615.0,545.0,561.0,1799.0,1710.0,0.0,0.0,140.0,38.0,24.0,90.0,84.0,156.0,140.0,491.0,169.0,393.0,244.0,435.0,40913,0.0,1.0,29.5,1.0,22.6
738,2016-01-09,3964.0,561.0,524.0,1514.0,1365.0,0.0,0.0,83.0,34.0,14.0,119.0,80.0,157.0,107.0,366.0,140.0,434.0,327.0,291.0,40913,0.0,1.0,30.3,1.0,27.4
739,2016-01-10,4280.0,660.0,622.0,1582.0,1416.0,670.0,0.0,105.0,41.0,28.0,101.0,67.0,122.0,126.0,397.0,157.0,480.0,302.0,300.0,40913,0.0,1.0,30.7,1.0,26.6
740,2016-01-11,5138.0,689.0,776.0,2045.0,1628.0,5.0,0.0,194.0,49.0,36.0,108.0,85.0,144.0,139.0,583.0,198.0,416.0,295.0,454.0,40913,0.0,1.0,30.4,1.0,30.6
741,2016-01-12,5798.0,756.0,810.0,2292.0,1940.0,0.0,0.0,168.0,21.0,29.0,142.0,102.0,174.0,137.0,686.0,267.0,439.0,284.0,510.0,40913,0.0,1.0,31.4,1.0,30.3
742,2016-01-13,5573.0,688.0,764.0,2260.0,1861.0,6.0,0.0,184.0,23.0,29.0,136.0,115.0,138.0,145.0,540.0,271.0,433.0,309.0,464.0,40913,0.0,1.0,30.9,1.0,29.6
743,2016-01-14,5197.0,679.0,750.0,2020.0,1748.0,3.0,0.0,161.0,42.0,24.0,126.0,111.0,143.0,115.0,575.0,218.0,393.0,209.0,461.0,40913,0.0,1.0,31.1,1.0,29.0
744,2016-01-15,4467.0,489.0,487.0,1737.0,1754.0,5.0,0.0,132.0,54.0,23.0,105.0,96.0,143.0,120.0,478.0,239.0,437.0,215.0,383.0,40913,0.0,1.0,31.9,1.0,25.3
745,2016-01-16,2530.0,503.0,448.0,783.0,796.0,0.0,0.0,58.0,78.0,18.0,46.0,37.0,132.0,119.0,219.0,91.0,449.0,381.0,233.0,40913,1.0,1.0,26.4,1.0,6.4
746,2016-01-17,4864.0,732.0,696.0,1783.0,1653.0,4.0,0.0,118.0,41.0,39.0,99.0,78.0,179.0,124.0,492.0,202.0,604.0,398.0,364.0,40913,0.0,1.0,28.3,1.0,22.9
747,2016-01-18,5419.0,777.0,860.0,2125.0,1657.0,1.0,0.0,185.0,44.0,33.0,113.0,97.0,141.0,163.0,580.0,198.0,418.0,338.0,485.0,40913,0.0,1.0,28.6,1.0,22.7
748,2016-01-19,6012.0,775.0,862.0,2404.0,1971.0,0.0,0.0,162.0,42.0,27.0,135.0,124.0,171.0,160.0,736.0,240.0,463.0,301.0,522.0,40913,0.0,1.0,29.9,1.0,28.5
749,2016-01-20,5620.0,685.0,754.0,2270.0,1911.0,0.0,0.0,141.0,20.0,27.0,111.0,99.0,164.0,150.0,680.0,212.0,410.0,312.0,461.0,40913,0.0,1.0,30.5,1.0,30.4
750,2016-01-21,5333.0,639.0,720.0,2225.0,1749.0,1.0,0.0,145.0,24.0,40.0,122.0,94.0,155.0,137.0,614.0,210.0,400.0,308.0,499.0,40913,0.0,1.0,30.7,1.0,29.8
751,2016-01-22,4773.0,532.0,562.0,2001.0,1678.0,0.0,0.0,109.0,33.0,23.0,67.0,74.0,118.0,107.0,603.0,186.0,354.0,277.0,441.0,40913,0.0,1.0,32.7,1.0,27.6
752,2016-01-23,3588.0,531.0,503.0,1418.0,1136.0,0.0,0.0,58.0,12.0,27.0,77.0,59.0,76.0,112.0,311.0,142.0,322.0,294.0,241.0,40913,0.0,1.0,30.1,1.0,7.1
753,2016-01-24,3947.0,671.0,618.0,1392.0,1266.0,2.0,0.0,72.0,25.0,28.0,119.0,76.0,119.0,131.0,335.0,134.0,379.0,244.0,319.0,40913,10.2,1.0,31.8,1.0,21.9
754,2016-01-25,4179.0,591.0,601.0,1681.0,1306.0,0.0,0.0,94.0,21.0,22.0,105.0,80.0,108.0,96.0,385.0,197.0,369.0,259.0,419.0,40913,0.0,1.0,30.8,1.0,18.0
755,2016-01-26,3380.0,599.0,523.0,1248.0,1010.0,0.0,0.0,48.0,26.0,15.0,60.0,54.0,119.0,101.0,292.0,100.0,536.0,414.0,228.0,40913,2.0,1.0,28.5,1.0,7.2
756,2016-01-27,5141.0,668.0,764.0,2087.0,1622.0,0.0,0.0,124.0,38.0,28.0,109.0,97.0,140.0,150.0,636.0,186.0,340.0,266.0,434.0,40913,0.4,1.0,29.4,1.0,15.9
757,2016-01-28,4895.0,578.0,654.0,2046.0,1617.0,0.0,0.0,110.0,22.0,29.0,97.0,85.0,146.0,157.0,531.0,272.0,338.0,294.0,439.0,40913,0.2,1.0,29.9,1.0,5.8
758,2016-01-29,3980.0,388.0,405.0,1785.0,1402.0,0.0,0.0,89.0,10.0,22.0,68.0,66.0,142.0,106.0,467.0,154.0,290.0,212.0,369.0,40913,1.8,1.0,35.7,1.0,18.6
759,2016-01-30,3366.0,464.0,440.0,1320.0,1142.0,0.0,0.0,48.0,27.0,25.0,76.0,69.0,128.0,108.0,321.0,130.0,339.0,263.0,210.0,40913,1.2,1.0,30.8,1.0,8.6
760,2016-01-31,4773.0,624.0,594.0,1976.0,1579.0,0.0,0.0,60.0,15.0,20.0,104.0,77.0,145.0,136.0,393.0,184.0,378.0,307.0,298.0,40913,2.6,1.0,34.0,1.0,21.8
761,2016-02-01,4977.0,611.0,677.0,2143.0,1546.0,0.0,0.0,124.0,24.0,27.0,93.0,93.0,110.0,132.0,508.0,252.0,322.0,180.0,438.0,40913,0.0,1.0,35.0,1.0,24.1
762,2016-02-02,4825.0,449.0,360.0,2152.0,1864.0,0.0,0.0,139.0,22.0,24.0,83.0,105.0,153.0,133.0,570.0,243.0,323.0,155.0,491.0,40913,0.0,1.0,36.2,1.0,13.5
763,2016-02-03,5042.0,555.0,583.0,2164.0,1740.0,0.0,0.0,144.0,17.0,13.0,111.0,91.0,105.0,97.0,574.0,258.0,321.0,202.0,435.0,40913,0.2,1.0,34.1,1.0,16.5
766,2016-02-06,3030.0,481.0,437.0,1147.0,965.0,29.0,0.0,56.0,23.0,21.0,67.0,54.0,139.0,95.0,251.0,84.0,399.0,273.0,183.0,40913,1.2,1.0,29.9,1.0,18.3
767,2016-02-07,4603.0,702.0,640.0,1683.0,1578.0,1.0,0.0,86.0,42.0,30.0,135.0,112.0,193.0,165.0,374.0,124.0,528.0,433.0,337.0,40913,7.8,1.0,28.6,1.0,12.5
768,2016-02-08,5346.0,682.0,751.0,2220.0,1693.0,1.0,0.0,162.0,51.0,35.0,113.0,102.0,169.0,177.0,601.0,215.0,404.0,270.0,472.0,40913,0.2,1.0,30.9,1.0,23.6
769,2016-02-09,6032.0,710.0,782.0,2421.0,2119.0,29.0,0.0,76.0,49.0,43.0,142.0,116.0,168.0,154.0,729.0,269.0,496.0,304.0,515.0,40913,0.0,1.0,30.4,1.0,24.9
770,2016-02-10,5828.0,702.0,739.0,2384.0,2003.0,1.0,0.0,20.0,52.0,30.0,126.0,116.0,141.0,154.0,670.0,234.0,418.0,270.0,456.0,40913,0.0,1.0,30.9,1.0,23.6
771,2016-02-11,5730.0,657.0,722.0,2337.0,2014.0,2.0,0.0,114.0,88.0,30.0,155.0,130.0,172.0,143.0,670.0,233.0,638.0,380.0,472.0,40913,0.0,1.0,31.0,1.0,24.8
772,2016-02-12,4869.0,564.0,536.0,2046.0,1723.0,2.0,0.0,122.0,80.0,29.0,98.0,90.0,163.0,125.0,546.0,213.0,373.0,248.0,390.0,40913,0.0,1.0,30.6,1.0,25.4
773,2016-02-13,3920.0,544.0,533.0,1437.0,1406.0,0.0,0.0,64.0,68.0,21.0,94.0,56.0,163.0,131.0,406.0,110.0,471.0,340.0,280.0,40913,0.0,1.0,28.9,1.0,14.5
774,2016-02-14,4186.0,630.0,566.0,1539.0,1451.0,0.0,0.0,59.0,63.0,18.0,77.0,62.0,138.0,144.0,337.0,168.0,486.0,284.0,342.0,40913,0.2,1.0,32.5,1.0,26.1
775,2016-02-15,5230.0,661.0,769.0,2152.0,1648.0,0.0,0.0,156.0,55.0,35.0,113.0,89.0,164.0,170.0,586.0,226.0,393.0,183.0,424.0,40913,0.0,1.0,34.3,1.0,28.1
776,2016-02-16,5806.0,673.0,725.0,2415.0,1993.0,1.0,0.0,180.0,59.0,33.0,118.0,95.0,170.0,183.0,628.0,316.0,369.0,219.0,463.0,40913,0.0,1.0,36.0,1.0,27.7
777,2016-02-17,5686.0,665.0,738.0,2387.0,1896.0,0.0,0.0,159.0,18.0,21.0,114.0,88.0,147.0,161.0,483.0,395.0,328.0,220.0,464.0,40913,0.0,1.0,33.8,1.0,23.6
778,2016-02-18,5416.0,611.0,667.0,2309.0,1829.0,2.0,0.0,159.0,18.0,26.0,108.0,94.0,138.0,137.0,552.0,286.0,311.0,251.0,465.0,40913,0.0,1.0,32.6,1.0,26.2
779,2016-02-19,3595.0,345.0,370.0,1612.0,1268.0,7.0,0.0,100.0,16.0,15.0,84.0,60.0,92.0,105.0,417.0,207.0,237.0,168.0,307.0,40913,0.4,1.0,32.7,1.0,18.9
780,2016-02-20,3565.0,562.0,511.0,1362.0,1130.0,108.0,0.0,49.0,22.0,28.0,105.0,63.0,104.0,114.0,343.0,142.0,343.0,246.0,281.0,40913,3.6,1.0,32.3,1.0,23.0
781,2016-02-21,4388.0,754.0,655.0,1601.0,1378.0,81.0,0.0,93.0,50.0,25.0,130.0,105.0,109.0,89.0,369.0,158.0,404.0,305.0,303.0,40913,0.0,1.0,31.8,1.0,26.6
782,2016-02-22,5445.0,720.0,788.0,2219.0,1718.0,11.0,0.0,166.0,22.0,22.0,93.0,82.0,158.0,155.0,577.0,225.0,400.0,234.0,449.0,40913,0.2,1.0,31.8,1.0,25.6
783,2016-02-23,6106.0,762.0,839.0,2524.0,1981.0,8.0,0.0,168.0,27.0,30.0,124.0,95.0,181.0,148.0,738.0,237.0,407.0,255.0,483.0,40913,0.0,1.0,31.7,1.0,23.6
784,2016-02-24,5919.0,714.0,815.0,2457.0,1933.0,15.0,0.0,155.0,29.0,29.0,116.0,100.0,164.0,164.0,639.0,264.0,420.0,257.0,458.0,40913,0.0,1.0,32.0,1.0,22.7
785,2016-02-25,5627.0,694.0,752.0,2332.0,1849.0,12.0,0.0,165.0,33.0,30.0,123.0,102.0,156.0,142.0,555.0,285.0,340.0,231.0,429.0,40913,0.0,1.0,31.9,1.0,26.8
786,2016-02-26,4771.0,530.0,542.0,2004.0,1695.0,1.0,0.0,122.0,23.0,25.0,97.0,86.0,130.0,127.0,486.0,226.0,299.0,217.0,358.0,40913,0.0,1.0,32.8,1.0,26.0
787,2016-02-27,3765.0,580.0,542.0,1334.0,1309.0,10.0,0.0,74.0,29.0,20.0,70.0,64.0,141.0,104.0,298.0,148.0,441.0,261.0,273.0,40913,0.0,1.0,35.5,1.0,26.3
788,2016-02-28,4080.0,677.0,596.0,1432.0,1375.0,0.0,0.0,81.0,15.0,18.0,102.0,61.0,86.0,81.0,407.0,172.0,336.0,275.0,292.0,40913,0.0,1.0,32.9,1.0,15.3
789,2016-02-29,5493.0,713.0,776.0,2215.0,1789.0,4.0,0.0,157.0,26.0,24.0,96.0,75.0,127.0,143.0,587.0,243.0,397.0,175.0,440.0,40913,0.0,1.0,32.9,1.0,20.2
790,2016-03-01,4692.0,533.0,500.0,1998.0,1661.0,1.0,0.0,143.0,25.0,29.0,116.0,78.0,147.0,124.0,555.0,204.0,308.0,200.0,389.0,40913,0.4,1.0,30.5,1.0,13.5
791,2016-03-02,5297.0,667.0,708.0,2234.0,1688.0,162.0,0.0,136.0,25.0,23.0,96.0,69.0,172.0,183.0,545.0,195.0,370.0,263.0,402.0,40913,20.8,1.0,29.8,1.0,18.1
792,2016-03-03,5867.0,730.0,766.0,2391.0,1980.0,57.0,0.0,147.0,24.0,30.0,94.0,81.0,141.0,136.0,675.0,208.0,345.0,234.0,452.0,40913,6.6,1.0,30.3,1.0,20.6
793,2016-03-04,4901.0,611.0,569.0,2090.0,1631.0,11.0,0.0,128.0,32.0,22.0,75.0,65.0,110.0,123.0,521.0,176.0,308.0,257.0,371.0,40913,0.4,1.0,29.9,1.0,18.3
794,2016-03-05,3853.0,573.0,545.0,1415.0,1320.0,0.0,0.0,59.0,212.0,27.0,107.0,81.0,148.0,112.0,383.0,114.0,443.0,289.0,235.0,40913,0.0,1.0,28.6,1.0,13.1
795,2016-03-06,4173.0,752.0,665.0,1491.0,1265.0,0.0,0.0,69.0,187.0,26.0,125.0,90.0,140.0,141.0,460.0,161.0,384.0,286.0,326.0,40913,1.8,1.0,30.5,1.0,18.4
796,2016-03-07,4742.0,639.0,697.0,1979.0,1427.0,2.0,0.0,127.0,38.0,26.0,68.0,68.0,130.0,120.0,461.0,133.0,382.0,237.0,325.0,40913,3.2,1.0,30.4,1.0,16.5
797,2016-03-08,5348.0,726.0,764.0,2276.0,1582.0,35.0,0.0,134.0,36.0,29.0,109.0,86.0,156.0,174.0,552.0,199.0,378.0,263.0,425.0,40913,1.2,1.0,30.1,1.0,14.9
821,2016-04-01,4686.0,594.0,558.0,1982.0,1552.0,15.0,13.0,133.0,31.0,25.0,78.0,64.0,125.0,125.0,547.0,177.0,385.0,232.0,376.0,40913,0.0,1.0,29.5,1.0,18.6
822,2016-04-02,4041.0,642.0,589.0,1561.0,1249.0,0.0,4.0,87.0,31.0,31.0,128.0,103.0,139.0,128.0,414.0,150.0,466.0,373.0,282.0,40913,0.0,1.0,30.4,1.0,20.8
823,2016-04-03,4547.0,761.0,680.0,1705.0,1401.0,4.0,7.0,58.0,44.0,37.0,149.0,100.0,156.0,152.0,466.0,165.0,418.0,334.0,322.0,40913,0.0,1.0,30.1,1.0,21.2
824,2016-04-04,5232.0,717.0,793.0,2103.0,1619.0,12.0,25.0,143.0,35.0,32.0,88.0,78.0,160.0,175.0,576.0,192.0,444.0,272.0,444.0,40913,0.0,1.0,30.0,1.0,18.3
825,2016-04-05,6449.0,854.0,908.0,2616.0,2071.0,10.0,23.0,197.0,80.0,36.0,117.0,99.0,213.0,196.0,689.0,212.0,426.0,301.0,439.0,40913,0.0,1.0,29.1,1.0,20.3
826,2016-04-06,6101.0,774.0,830.0,2490.0,2007.0,9.0,17.0,173.0,57.0,34.0,99.0,105.0,195.0,192.0,691.0,232.0,381.0,274.0,446.0,40913,0.0,1.0,29.6,1.0,20.3
827,2016-04-07,5579.0,750.0,766.0,2200.0,1863.0,15.0,24.0,157.0,33.0,25.0,109.0,102.0,202.0,165.0,645.0,198.0,326.0,266.0,433.0,40913,0.0,1.0,30.8,1.0,20.9
828,2016-04-08,4998.0,611.0,612.0,2033.0,1742.0,11.0,22.0,124.0,25.0,21.0,85.0,75.0,148.0,155.0,544.0,194.0,324.0,209.0,365.0,40913,0.0,1.0,29.8,1.0,15.7
829,2016-04-09,4227.0,724.0,671.0,1494.0,1338.0,11.0,8.0,71.0,36.0,32.0,111.0,78.0,141.0,134.0,422.0,122.0,447.0,361.0,266.0,40913,0.0,1.0,30.1,1.0,18.1
830,2016-04-10,4785.0,870.0,705.0,1804.0,1406.0,5.0,7.0,78.0,22.0,31.0,84.0,92.0,178.0,144.0,433.0,162.0,474.0,390.0,325.0,40913,0.0,1.0,29.7,1.0,19.6
831,2016-04-11,5277.0,694.0,734.0,2216.0,1633.0,13.0,22.0,148.0,23.0,30.0,88.0,88.0,178.0,200.0,563.0,224.0,342.0,238.0,388.0,40913,0.0,1.0,30.5,1.0,9.1
832,2016-04-12,5921.0,732.0,817.0,2405.0,1967.0,7.0,29.0,164.0,42.0,27.0,95.0,89.0,196.0,195.0,717.0,212.0,471.0,314.0,464.0,40913,0.0,1.0,27.6,1.0,9.7
833,2016-04-13,6223.0,829.0,816.0,2492.0,2086.0,7.0,34.0,173.0,34.0,33.0,99.0,95.0,177.0,156.0,596.0,171.0,434.0,353.0,518.0,40913,0.0,1.0,28.5,1.0,16.7
834,2016-04-14,4478.0,612.0,534.0,1845.0,1487.0,13.0,30.0,130.0,23.0,20.0,70.0,63.0,146.0,163.0,426.0,176.0,428.0,347.0,422.0,40913,1.4,1.0,27.3,1.0,12.7
835,2016-04-15,4699.0,493.0,508.0,1993.0,1705.0,12.0,40.0,132.0,34.0,17.0,80.0,60.0,177.0,141.0,429.0,165.0,422.0,327.0,387.0,40913,0.6,1.0,26.5,1.0,13.6
836,2016-04-16,4025.0,645.0,660.0,1434.0,1286.0,12.0,17.0,49.0,46.0,24.0,91.0,96.0,201.0,148.0,373.0,107.0,547.0,412.0,281.0,40913,0.4,1.0,27.3,1.0,15.8
837,2016-04-17,4854.0,879.0,826.0,1706.0,1443.0,4.0,9.0,59.0,22.0,26.0,110.0,101.0,185.0,184.0,378.0,141.0,606.0,542.0,373.0,40913,0.0,1.0,28.2,1.0,16.0
838,2016-04-18,5600.0,772.0,842.0,2275.0,1711.0,22.0,63.0,154.0,53.0,36.0,86.0,84.0,161.0,166.0,474.0,182.0,507.0,378.0,504.0,40913,0.0,1.0,28.3,1.0,17.0
839,2016-04-19,6467.0,856.0,937.0,2653.0,2021.0,35.0,67.0,169.0,40.0,24.0,113.0,104.0,185.0,163.0,596.0,182.0,455.0,424.0,595.0,40913,0.0,1.0,28.7,1.0,15.8
840,2016-04-20,5865.0,743.0,816.0,2331.0,1975.0,27.0,47.0,168.0,49.0,25.0,101.0,101.0,189.0,142.0,499.0,155.0,502.0,366.0,545.0,40913,0.0,1.0,30.1,1.0,15.7
841,2016-04-21,5395.0,656.0,675.0,2242.0,1822.0,36.0,58.0,146.0,49.0,36.0,96.0,84.0,136.0,145.0,426.0,207.0,481.0,348.0,528.0,40913,0.0,1.0,27.7,1.0,10.8
842,2016-04-22,4991.0,627.0,614.0,2041.0,1709.0,37.0,30.0,140.0,28.0,19.0,94.0,80.0,154.0,151.0,468.0,161.0,372.0,281.0,458.0,40913,4.0,1.0,30.4,1.0,18.2
843,2016-04-23,3847.0,648.0,604.0,1363.0,1232.0,153.0,47.0,54.0,43.0,26.0,104.0,97.0,182.0,110.0,367.0,115.0,414.0,372.0,267.0,40913,0.0,1.0,30.1,1.0,16.3
844,2016-04-24,4263.0,784.0,709.0,1411.0,1359.0,22.0,19.0,59.0,61.0,33.0,118.0,108.0,159.0,132.0,378.0,127.0,592.0,431.0,343.0,40913,0.0,1.0,28.4,1.0,16.1
845,2016-04-25,4137.0,841.0,746.0,1334.0,1216.0,32.0,47.0,58.0,37.0,26.0,96.0,78.0,152.0,138.0,275.0,107.0,520.0,430.0,278.0,40913,0.0,1.0,27.6,1.0,13.5
846,2016-04-26,5281.0,739.0,790.0,2084.0,1668.0,86.0,90.0,130.0,29.0,34.0,80.0,80.0,158.0,176.0,433.0,260.0,476.0,369.0,475.0,40913,1.8,1.0,26.9,1.0,13.0
847,2016-04-27,5234.0,633.0,603.0,2263.0,1735.0,104.0,86.0,130.0,32.0,27.0,82.0,79.0,38.0,19.0,41.0,26.0,673.0,512.0,873.0,40913,0.0,1.0,27.1,1.0,13.6
848,2016-04-28,4698.0,667.0,678.0,1964.0,1389.0,81.0,77.0,120.0,23.0,28.0,90.0,74.0,3.0,1.0,0.0,1.0,668.0,608.0,781.0,40913,1.4,1.0,28.3,1.0,13.1
849,2016-04-29,3987.0,480.0,451.0,1684.0,1372.0,56.0,62.0,94.0,19.0,25.0,78.0,67.0,1.0,2.0,0.0,0.0,573.0,504.0,681.0,40913,0.6,1.0,25.6,1.0,7.3
850,2016-04-30,3504.0,624.0,638.0,1244.0,998.0,20.0,28.0,56.0,19.0,23.0,101.0,91.0,130.0,109.0,204.0,108.0,455.0,393.0,282.0,40913,2.6,1.0,29.3,1.0,14.2
851,2016-05-01,2014.0,504.0,463.0,592.0,455.0,106.0,14.0,30.0,14.0,13.0,30.0,14.0,143.0,104.0,136.0,59.0,415.0,343.0,142.0,40913,1.4,1.0,24.6,1.0,6.7
852,2016-05-02,5264.0,995.0,902.0,1839.0,1528.0,5.0,4.0,101.0,36.0,34.0,139.0,104.0,186.0,161.0,308.0,163.0,738.0,540.0,442.0,40913,15.0,1.0,27.4,1.0,12.4
853,2016-05-03,4795.0,659.0,683.0,1977.0,1476.0,2.0,1.0,149.0,36.0,32.0,81.0,85.0,162.0,172.0,322.0,258.0,450.0,375.0,504.0,40913,10.6,1.0,29.6,1.0,16.6
854,2016-05-04,5999.0,802.0,832.0,2470.0,1895.0,0.0,0.0,162.0,25.0,32.0,106.0,99.0,201.0,182.0,453.0,221.0,514.0,386.0,555.0,40913,0.0,1.0,28.9,1.0,17.6
855,2016-05-05,5628.0,756.0,790.0,2293.0,1789.0,0.0,0.0,156.0,34.0,31.0,99.0,83.0,197.0,208.0,440.0,223.0,480.0,404.0,515.0,40913,0.0,1.0,28.0,1.0,16.7
856,2016-05-06,4943.0,650.0,635.0,1968.0,1690.0,73.0,62.0,96.0,36.0,38.0,95.0,88.0,160.0,174.0,394.0,217.0,384.0,351.0,529.0,40913,0.0,1.0,28.5,1.0,16.6
857,2016-05-07,4092.0,636.0,621.0,1444.0,1391.0,42.0,38.0,75.0,34.0,30.0,88.0,72.0,198.0,133.0,331.0,181.0,563.0,416.0,303.0,40913,0.0,1.0,27.7,1.0,15.7
858,2016-05-08,4054.0,783.0,730.0,1381.0,1160.0,38.0,36.0,50.0,27.0,11.0,78.0,82.0,187.0,144.0,272.0,156.0,573.0,391.0,333.0,40913,0.0,1.0,27.3,1.0,14.4
859,2016-05-09,5327.0,802.0,838.0,2207.0,1480.0,100.0,72.0,137.0,33.0,37.0,113.0,97.0,196.0,207.0,363.0,262.0,423.0,414.0,508.0,40913,0.6,1.0,28.2,1.0,14.1
860,2016-05-10,6206.0,843.0,887.0,2514.0,1962.0,103.0,89.0,160.0,41.0,36.0,112.0,111.0,203.0,218.0,455.0,300.0,526.0,421.0,614.0,40913,0.0,1.0,28.4,1.0,10.0
861,2016-05-11,5862.0,797.0,850.0,2343.0,1872.0,91.0,68.0,145.0,39.0,35.0,100.0,86.0,194.0,176.0,409.0,236.0,596.0,442.0,522.0,40913,0.0,1.0,25.6,1.0,10.8
862,2016-05-12,5390.0,763.0,801.0,2053.0,1773.0,91.0,77.0,125.0,61.0,32.0,94.0,86.0,198.0,196.0,370.0,277.0,520.0,479.0,452.0,40913,0.0,1.0,26.4,1.0,16.8
863,2016-05-13,4762.0,620.0,624.0,1925.0,1593.0,68.0,47.0,109.0,35.0,27.0,85.0,73.0,182.0,195.0,368.0,238.0,409.0,371.0,461.0,40913,0.0,1.0,27.0,1.0,16.7
864,2016-05-14,3891.0,641.0,662.0,1361.0,1227.0,33.0,30.0,54.0,32.0,16.0,103.0,73.0,224.0,160.0,308.0,180.0,599.0,449.0,291.0,40913,0.0,1.0,26.9,1.0,14.3
865,2016-05-15,5251.0,933.0,938.0,1816.0,1564.0,25.0,23.0,44.0,37.0,36.0,100.0,94.0,256.0,223.0,338.0,188.0,685.0,498.0,381.0,40913,0.0,1.0,27.3,1.0,16.5
866,2016-05-16,5229.0,769.0,836.0,2069.0,1555.0,79.0,74.0,158.0,39.0,27.0,95.0,87.0,165.0,180.0,350.0,250.0,503.0,436.0,510.0,40913,0.0,1.0,28.1,1.0,15.2
867,2016-05-17,5925.0,800.0,827.0,2371.0,1927.0,98.0,110.0,136.0,36.0,39.0,94.0,108.0,195.0,215.0,422.0,302.0,502.0,401.0,570.0,40913,0.0,1.0,28.0,1.0,15.2
868,2016-05-18,5794.0,787.0,857.0,2360.0,1790.0,120.0,90.0,129.0,32.0,37.0,91.0,83.0,209.0,235.0,391.0,278.0,519.0,425.0,558.0,40913,0.0,1.0,27.7,1.0,15.1
869,2016-05-19,5559.0,754.0,776.0,2270.0,1759.0,108.0,80.0,141.0,27.0,22.0,104.0,95.0,210.0,197.0,386.0,288.0,600.0,386.0,543.0,40913,0.0,1.0,27.7,1.0,11.9
870,2016-05-20,4961.0,618.0,621.0,2109.0,1613.0,67.0,64.0,109.0,40.0,26.0,81.0,72.0,187.0,179.0,359.0,244.0,461.0,367.0,507.0,40913,0.0,1.0,29.2,1.0,15.0
871,2016-05-21,4058.0,678.0,683.0,1411.0,1286.0,42.0,40.0,47.0,34.0,23.0,87.0,78.0,190.0,143.0,327.0,180.0,627.0,396.0,321.0,40913,0.0,1.0,26.6,1.0,13.5
872,2016-05-22,4672.0,846.0,788.0,1683.0,1355.0,32.0,37.0,61.0,37.0,23.0,96.0,94.0,198.0,213.0,296.0,181.0,631.0,476.0,332.0,40913,0.0,1.0,26.5,1.0,10.2
873,2016-05-23,5317.0,766.0,837.0,2158.0,1556.0,92.0,89.0,143.0,34.0,32.0,93.0,86.0,197.0,226.0,348.0,276.0,495.0,407.0,489.0,40913,0.0,1.0,28.1,1.0,14.7
874,2016-05-24,6141.0,808.0,885.0,2495.0,1953.0,100.0,78.0,148.0,35.0,39.0,117.0,109.0,194.0,201.0,439.0,315.0,534.0,435.0,573.0,40913,0.0,1.0,27.4,1.0,14.7
875,2016-05-25,5529.0,742.0,765.0,2245.0,1777.0,95.0,87.0,131.0,33.0,29.0,88.0,89.0,196.0,200.0,370.0,276.0,519.0,454.0,524.0,40913,0.0,1.0,25.6,1.0,14.6
876,2016-05-26,5242.0,692.0,745.0,2094.0,1711.0,87.0,64.0,137.0,33.0,36.0,107.0,86.0,210.0,193.0,357.0,288.0,500.0,430.0,540.0,40913,0.0,1.0,28.2,1.0,14.5
877,2016-05-27,4672.0,648.0,642.0,1765.0,1617.0,61.0,62.0,100.0,47.0,31.0,76.0,69.0,167.0,164.0,318.0,250.0,506.0,402.0,433.0,40913,0.0,1.0,25.6,1.0,14.2
878,2016-05-28,3636.0,683.0,648.0,1091.0,1214.0,44.0,42.0,48.0,52.0,28.0,73.0,56.0,207.0,151.0,315.0,168.0,610.0,436.0,295.0,40913,0.0,1.0,23.6,1.0,14.4
879,2016-05-29,4242.0,750.0,754.0,1339.0,1399.0,44.0,43.0,49.0,38.0,39.0,82.0,96.0,201.0,172.0,282.0,224.0,649.0,520.0,351.0,40913,0.0,1.0,23.8,1.0,14.0
880,2016-05-30,4969.0,738.0,821.0,1942.0,1468.0,93.0,73.0,124.0,36.0,23.0,95.0,83.0,184.0,187.0,361.0,277.0,536.0,472.0,430.0,40913,0.0,1.0,23.7,1.0,14.2
881,2016-05-31,5577.0,775.0,840.0,2179.0,1783.0,95.0,76.0,116.0,43.0,29.0,111.0,108.0,215.0,228.0,387.0,294.0,532.0,467.0,470.0,40913,0.0,1.0,24.9,1.0,12.1
882,2016-06-01,5327.0,685.0,704.0,2148.0,1790.0,89.0,65.0,111.0,36.0,40.0,92.0,83.0,167.0,221.0,309.0,254.0,499.0,408.0,448.0,40913,0.0,1.0,22.4,1.0,8.9
883,2016-06-02,3940.0,498.0,510.0,1755.0,1177.0,78.0,56.0,96.0,21.0,21.0,80.0,70.0,154.0,162.0,268.0,226.0,381.0,340.0,374.0,40913,0.0,1.0,20.6,1.0,10.1
884,2016-06-03,3029.0,469.0,452.0,1214.0,894.0,64.0,42.0,58.0,17.0,17.0,41.0,40.0,139.0,114.0,186.0,145.0,315.0,268.0,284.0,40913,1.2,1.0,21.2,1.0,9.0
885,2016-06-04,377.0,111.0,111.0,80.0,75.0,5.0,6.0,1.0,14.0,13.0,11.0,5.0,51.0,55.0,30.0,16.0,102.0,110.0,38.0,40913,48.6,1.0,21.6,1.0,4.1
886,2016-06-05,3035.0,714.0,690.0,808.0,823.0,46.0,51.0,44.0,39.0,25.0,50.0,35.0,186.0,157.0,190.0,127.0,606.0,500.0,214.0,40913,88.2,1.0,19.5,1.0,13.5
887,2016-06-06,4006.0,629.0,647.0,1370.0,1360.0,69.0,71.0,96.0,25.0,21.0,61.0,56.0,143.0,177.0,265.0,250.0,458.0,397.0,346.0,40913,0.0,1.0,18.7,1.0,10.1
888,2016-06-07,5493.0,757.0,779.0,2171.0,1786.0,81.0,85.0,139.0,38.0,40.0,92.0,81.0,205.0,203.0,375.0,297.0,554.0,487.0,442.0,40913,0.0,1.0,22.4,1.0,14.0
889,2016-06-08,5251.0,718.0,772.0,2060.0,1701.0,81.0,79.0,136.0,27.0,27.0,85.0,71.0,181.0,207.0,338.0,256.0,538.0,474.0,474.0,40913,0.0,1.0,24.0,1.0,14.0
890,2016-06-09,5144.0,725.0,776.0,2033.0,1610.0,94.0,78.0,132.0,30.0,28.0,111.0,90.0,190.0,175.0,353.0,301.0,482.0,438.0,463.0,40913,0.0,1.0,28.1,1.0,13.9
891,2016-06-10,4516.0,625.0,630.0,1799.0,1462.0,58.0,71.0,109.0,30.0,26.0,62.0,63.0,163.0,157.0,322.0,229.0,530.0,360.0,456.0,40913,0.0,1.0,25.2,1.0,13.8
892,2016-06-11,3947.0,684.0,654.0,1232.0,1377.0,32.0,37.0,65.0,28.0,30.0,85.0,88.0,203.0,159.0,334.0,185.0,663.0,497.0,283.0,40913,0.0,1.0,23.7,1.0,12.9
893,2016-06-12,3532.0,653.0,607.0,1081.0,1191.0,38.0,34.0,39.0,38.0,57.0,101.0,107.0,176.0,169.0,295.0,178.0,616.0,475.0,239.0,40913,0.0,1.0,21.8,1.0,8.7
894,2016-06-13,3277.0,512.0,566.0,1269.0,930.0,74.0,62.0,120.0,26.0,17.0,64.0,66.0,140.0,150.0,245.0,191.0,423.0,360.0,346.0,40913,1.2,1.0,20.6,1.0,10.7
895,2016-06-14,4395.0,713.0,773.0,1704.0,1205.0,95.0,61.0,117.0,40.0,39.0,85.0,65.0,159.0,192.0,315.0,264.0,502.0,380.0,416.0,40913,2.0,1.0,23.0,1.0,11.7
896,2016-06-15,4040.0,566.0,602.0,1626.0,1246.0,77.0,65.0,115.0,27.0,27.0,72.0,64.0,138.0,181.0,284.0,193.0,396.0,410.0,375.0,40913,1.6,1.0,21.4,1.0,10.1
897,2016-06-16,4455.0,612.0,633.0,1839.0,1371.0,79.0,67.0,111.0,19.0,21.0,73.0,69.0,160.0,170.0,304.0,229.0,452.0,378.0,412.0,40913,2.4,1.0,23.2,1.0,11.0
898,2016-06-17,4246.0,578.0,539.0,1785.0,1344.0,60.0,54.0,92.0,32.0,29.0,66.0,67.0,155.0,147.0,292.0,225.0,456.0,332.0,392.0,40913,0.0,1.0,22.9,1.0,11.8
899,2016-06-18,3754.0,674.0,663.0,1296.0,1121.0,46.0,34.0,48.0,28.0,30.0,61.0,51.0,222.0,166.0,295.0,174.0,582.0,432.0,263.0,40913,0.0,1.0,22.5,1.0,8.3
900,2016-06-19,943.0,277.0,261.0,226.0,179.0,12.0,7.0,16.0,3.0,4.0,20.0,11.0,65.0,85.0,49.0,45.0,215.0,218.0,54.0,40913,3.8,1.0,22.5,1.0,4.6
901,2016-06-20,4026.0,694.0,724.0,1490.0,1118.0,68.0,58.0,83.0,28.0,41.0,67.0,48.0,449.0,499.0,458.0,429.0,124.0,80.0,67.0,40913,110.6,1.0,20.5,1.0,13.2
902,2016-06-21,5074.0,737.0,774.0,1969.0,1594.0,83.0,60.0,105.0,28.0,28.0,95.0,81.0,539.0,521.0,670.0,562.0,30.0,28.0,9.0,40913,0.2,1.0,20.6,1.0,12.7
903,2016-06-22,4772.0,648.0,673.0,1863.0,1588.0,93.0,58.0,107.0,27.0,31.0,74.0,74.0,477.0,463.0,667.0,522.0,22.0,31.0,3.0,40913,0.0,1.0,21.5,1.0,9.2
904,2016-06-23,2554.0,419.0,493.0,958.0,684.0,52.0,55.0,65.0,34.0,29.0,49.0,40.0,371.0,406.0,392.0,318.0,22.0,25.0,2.0,40913,2.4,1.0,19.0,1.0,6.0
905,2016-06-24,3985.0,540.0,518.0,1522.0,1405.0,46.0,44.0,91.0,28.0,26.0,72.0,66.0,449.0,380.0,549.0,430.0,7.0,11.0,3.0,40913,0.0,1.0,23.5,1.0,12.3
906,2016-06-25,3374.0,655.0,581.0,1009.0,1129.0,39.0,47.0,30.0,31.0,25.0,48.0,35.0,526.0,471.0,437.0,282.0,0.0,0.0,0.0,40913,0.2,1.0,18.1,1.0,13.9
907,2016-06-26,2931.0,601.0,543.0,904.0,883.0,176.0,171.0,35.0,24.0,22.0,61.0,59.0,573.0,429.0,388.0,217.0,2.0,2.0,0.0,40913,0.0,1.0,17.3,1.0,10.3
908,2016-06-27,2345.0,434.0,485.0,799.0,627.0,50.0,51.0,54.0,25.0,15.0,40.0,34.0,385.0,371.0,342.0,289.0,3.0,3.0,0.0,40913,1.0,1.0,17.4,1.0,7.7
909,2016-06-28,4211.0,651.0,710.0,1437.0,1413.0,88.0,66.0,98.0,26.0,23.0,54.0,59.0,492.0,442.0,609.0,503.0,4.0,6.0,0.0,40913,1.2,1.0,18.5,1.0,14.0
910,2016-06-29,4347.0,656.0,661.0,1585.0,1445.0,71.0,70.0,115.0,53.0,47.0,80.0,71.0,510.0,576.0,578.0,470.0,6.0,8.0,3.0,40913,0.2,1.0,21.7,1.0,14.0
911,2016-06-30,4079.0,617.0,639.0,1555.0,1268.0,88.0,63.0,95.0,27.0,24.0,72.0,74.0,355.0,228.0,472.0,318.0,286.0,298.0,132.0,40913,0.0,1.0,22.4,1.0,12.8
912,2016-07-01,3873.0,565.0,545.0,1446.0,1317.0,39.0,51.0,86.0,36.0,25.0,73.0,69.0,182.0,155.0,372.0,241.0,407.0,346.0,262.0,40913,0.0,1.0,22.6,1.0,14.0
913,2016-07-02,3079.0,572.0,505.0,974.0,1028.0,49.0,45.0,53.0,39.0,31.0,78.0,64.0,189.0,139.0,259.0,171.0,465.0,374.0,200.0,40913,0.0,1.0,21.6,1.0,14.1
914,2016-07-03,3639.0,685.0,616.0,1154.0,1184.0,50.0,58.0,57.0,25.0,23.0,68.0,54.0,184.0,171.0,274.0,173.0,536.0,567.0,279.0,40913,0.0,1.0,22.1,1.0,14.1
915,2016-07-04,4182.0,703.0,769.0,1534.0,1176.0,94.0,75.0,104.0,26.0,27.0,70.0,57.0,210.0,201.0,341.0,266.0,483.0,400.0,297.0,40913,0.0,1.0,22.7,1.0,13.6
916,2016-07-05,2599.0,490.0,528.0,907.0,674.0,42.0,35.0,52.0,18.0,16.0,44.0,37.0,176.0,191.0,209.0,165.0,326.0,342.0,215.0,40913,2.0,1.0,19.4,1.0,5.9
917,2016-07-06,4190.0,629.0,631.0,1691.0,1239.0,83.0,79.0,115.0,45.0,27.0,69.0,58.0,174.0,174.0,312.0,244.0,451.0,365.0,288.0,40913,6.8,1.0,16.6,1.0,14.2
918,2016-07-07,4090.0,641.0,644.0,1549.0,1256.0,72.0,58.0,110.0,34.0,30.0,69.0,65.0,187.0,166.0,310.0,266.0,449.0,413.0,329.0,40913,0.2,1.0,20.2,1.0,14.3
919,2016-07-08,4137.0,625.0,546.0,1529.0,1437.0,66.0,74.0,93.0,22.0,22.0,82.0,65.0,181.0,166.0,314.0,210.0,425.0,367.0,333.0,40913,0.0,1.0,23.1,1.0,14.3
920,2016-07-09,3798.0,724.0,620.0,1228.0,1226.0,45.0,69.0,55.0,50.0,33.0,90.0,62.0,214.0,148.0,352.0,233.0,558.0,523.0,265.0,40913,0.0,1.0,23.0,1.0,14.4
921,2016-07-10,4632.0,900.0,830.0,1513.0,1389.0,70.0,107.0,63.0,47.0,30.0,94.0,85.0,211.0,204.0,342.0,196.0,617.0,495.0,264.0,40913,0.0,1.0,23.6,1.0,14.4
922,2016-07-11,4270.0,631.0,674.0,1713.0,1252.0,68.0,65.0,130.0,26.0,28.0,74.0,64.0,211.0,239.0,311.0,264.0,484.0,409.0,340.0,40913,0.0,1.0,21.3,1.0,9.9
923,2016-07-12,4951.0,741.0,805.0,2024.0,1381.0,100.0,82.0,145.0,35.0,34.0,79.0,73.0,224.0,243.0,377.0,296.0,489.0,438.0,399.0,40913,0.0,1.0,23.5,1.0,8.2
924,2016-07-13,4855.0,768.0,748.0,1834.0,1505.0,93.0,74.0,135.0,40.0,32.0,91.0,93.0,172.0,195.0,375.0,275.0,486.0,457.0,389.0,40913,0.2,1.0,21.1,1.0,12.7
925,2016-07-14,4235.0,606.0,649.0,1626.0,1354.0,76.0,66.0,118.0,30.0,32.0,81.0,72.0,194.0,168.0,332.0,225.0,450.0,391.0,356.0,40913,0.0,1.0,17.8,1.0,9.9
926,2016-07-15,3507.0,498.0,477.0,1384.0,1148.0,64.0,43.0,93.0,20.0,20.0,69.0,63.0,169.0,162.0,278.0,200.0,415.0,351.0,275.0,40913,0.0,1.0,18.9,1.0,11.7
927,2016-07-16,1855.0,380.0,352.0,616.0,507.0,23.0,15.0,33.0,15.0,10.0,41.0,42.0,124.0,121.0,112.0,70.0,395.0,293.0,100.0,40913,0.0,1.0,18.2,1.0,4.9
928,2016-07-17,3337.0,813.0,744.0,979.0,801.0,61.0,59.0,45.0,36.0,39.0,79.0,60.0,200.0,185.0,183.0,146.0,542.0,552.0,210.0,40913,12.6,1.0,23.1,1.0,11.2
929,2016-07-18,3938.0,713.0,768.0,1457.0,1000.0,91.0,62.0,124.0,29.0,22.0,64.0,53.0,176.0,171.0,256.0,248.0,494.0,411.0,346.0,40913,6.0,1.0,23.5,1.0,11.0
930,2016-07-19,5571.0,813.0,879.0,2211.0,1668.0,158.0,97.0,152.0,32.0,41.0,90.0,89.0,197.0,241.0,366.0,301.0,574.0,485.0,455.0,40913,0.4,1.0,24.7,1.0,14.4
931,2016-07-20,5496.0,783.0,837.0,2107.0,1769.0,100.0,66.0,126.0,31.0,19.0,89.0,73.0,187.0,188.0,409.0,289.0,481.0,388.0,459.0,40913,0.0,1.0,25.6,1.0,14.0
932,2016-07-21,5104.0,788.0,809.0,1963.0,1544.0,94.0,73.0,137.0,28.0,35.0,95.0,88.0,257.0,241.0,469.0,288.0,447.0,470.0,368.0,40913,0.0,1.0,27.1,1.0,14.4
933,2016-07-22,4561.0,649.0,629.0,1845.0,1438.0,80.0,63.0,119.0,22.0,18.0,98.0,95.0,211.0,167.0,404.0,263.0,424.0,396.0,408.0,40913,0.0,1.0,27.6,1.0,14.8
934,2016-07-23,4169.0,806.0,688.0,1377.0,1298.0,32.0,31.0,70.0,35.0,24.0,69.0,54.0,228.0,145.0,277.0,181.0,445.0,406.0,296.0,40913,0.0,1.0,29.1,1.0,14.8
935,2016-07-24,4956.0,935.0,939.0,1661.0,1421.0,68.0,60.0,75.0,34.0,43.0,107.0,133.0,222.0,195.0,332.0,186.0,678.0,617.0,322.0,40913,0.0,1.0,22.8,1.0,15.4
936,2016-07-25,4875.0,749.0,804.0,1861.0,1461.0,93.0,91.0,129.0,51.0,36.0,78.0,82.0,210.0,221.0,311.0,245.0,494.0,428.0,383.0,40913,0.0,1.0,23.0,1.0,15.3
937,2016-07-26,5453.0,783.0,843.0,2141.0,1686.0,91.0,97.0,134.0,25.0,36.0,90.0,78.0,234.0,229.0,395.0,304.0,543.0,508.0,373.0,40913,0.0,1.0,19.4,1.0,11.0
938,2016-07-27,5177.0,791.0,787.0,1971.0,1628.0,80.0,59.0,130.0,32.0,33.0,101.0,91.0,175.0,172.0,388.0,273.0,479.0,421.0,379.0,40913,0.0,1.0,20.3,1.0,8.2
939,2016-07-28,4920.0,703.0,742.0,1861.0,1614.0,78.0,65.0,112.0,29.0,24.0,82.0,79.0,182.0,212.0,387.0,290.0,464.0,416.0,446.0,40913,0.0,1.0,22.6,1.0,15.6
940,2016-07-29,4633.0,684.0,671.0,1810.0,1468.0,78.0,68.0,96.0,33.0,24.0,87.0,85.0,169.0,172.0,338.0,259.0,463.0,394.0,401.0,40913,0.0,1.0,24.0,1.0,15.9
941,2016-07-30,4151.0,763.0,707.0,1380.0,1301.0,32.0,42.0,41.0,40.0,25.0,111.0,97.0,204.0,181.0,276.0,192.0,611.0,440.0,326.0,40913,0.0,1.0,23.4,1.0,16.0
942,2016-07-31,4703.0,934.0,869.0,1482.0,1418.0,44.0,44.0,37.0,26.0,25.0,81.0,63.0,235.0,210.0,279.0,202.0,702.0,564.0,329.0,40913,0.0,1.0,24.5,1.0,16.1
943,2016-08-01,5111.0,836.0,870.0,1908.0,1497.0,100.0,77.0,120.0,46.0,39.0,86.0,99.0,203.0,223.0,345.0,264.0,555.0,465.0,447.0,40913,0.0,1.0,25.6,1.0,16.1
944,2016-08-02,4738.0,660.0,640.0,1989.0,1449.0,91.0,71.0,111.0,34.0,32.0,85.0,87.0,184.0,165.0,382.0,248.0,411.0,361.0,460.0,40913,0.0,1.0,23.8,1.0,9.6
945,2016-08-03,4408.0,742.0,770.0,1549.0,1347.0,78.0,82.0,94.0,49.0,31.0,72.0,62.0,174.0,193.0,306.0,225.0,450.0,430.0,363.0,40913,8.6,1.0,19.3,1.0,16.1
946,2016-08-04,3640.0,501.0,512.0,1309.0,1318.0,59.0,52.0,86.0,33.0,19.0,50.0,53.0,142.0,172.0,310.0,206.0,433.0,356.0,336.0,40913,0.8,1.0,20.8,1.0,11.3
947,2016-08-05,4582.0,649.0,617.0,1698.0,1618.0,95.0,72.0,102.0,27.0,22.0,75.0,69.0,983.0,203.0,343.0,243.0,457.0,352.0,358.0,40913,0.2,1.0,20.9,1.0,14.2
948,2016-08-06,3649.0,651.0,621.0,1194.0,1183.0,41.0,41.0,48.0,43.0,33.0,109.0,73.0,175.0,141.0,242.0,138.0,547.0,477.0,264.0,40913,0.0,1.0,22.4,1.0,14.1
949,2016-08-07,5189.0,3328.0,568.0,720.0,573.0,48.0,59.0,63.0,41.0,30.0,91.0,72.0,179.0,185.0,285.0,157.0,621.0,2178.0,235.0,40913,0.0,1.0,22.4,1.0,15.9
950,2016-08-08,5035.0,780.0,822.0,1910.0,1523.0,89.0,75.0,143.0,35.0,35.0,81.0,89.0,186.0,230.0,342.0,245.0,515.0,494.0,448.0,40913,0.0,1.0,22.8,1.0,15.0
951,2016-08-09,5065.0,694.0,701.0,1996.0,1674.0,101.0,99.0,120.0,40.0,32.0,95.0,92.0,209.0,210.0,390.0,298.0,516.0,430.0,475.0,40913,0.0,1.0,23.3,1.0,16.0
952,2016-08-10,5031.0,958.0,885.0,1644.0,1544.0,270.0,286.0,75.0,33.0,40.0,129.0,99.0,233.0,208.0,304.0,187.0,600.0,521.0,345.0,40913,0.0,1.0,24.4,1.0,16.9
953,2016-08-11,4230.0,561.0,522.0,1777.0,1370.0,67.0,61.0,106.0,30.0,34.0,66.0,65.0,196.0,188.0,334.0,241.0,360.0,302.0,392.0,40913,0.0,1.0,26.4,1.0,15.6
954,2016-08-12,4443.0,659.0,655.0,1693.0,1436.0,291.0,273.0,93.0,22.0,21.0,59.0,47.0,178.0,173.0,307.0,231.0,455.0,387.0,376.0,40913,5.0,1.0,22.7,1.0,15.3
955,2016-08-13,3972.0,742.0,684.0,1263.0,1283.0,56.0,55.0,66.0,28.0,16.0,71.0,62.0,208.0,200.0,288.0,170.0,619.0,466.0,289.0,40913,0.0,1.0,23.7,1.0,16.4
956,2016-08-14,4689.0,922.0,848.0,1497.0,1422.0,55.0,49.0,80.0,37.0,34.0,105.0,89.0,216.0,199.0,352.0,217.0,670.0,576.0,335.0,40913,0.0,1.0,23.6,1.0,17.2
957,2016-08-15,4344.0,710.0,777.0,1624.0,1233.0,77.0,66.0,118.0,34.0,26.0,64.0,64.0,150.0,78.0,211.0,55.0,611.0,637.0,484.0,40913,0.2,1.0,22.7,1.0,13.7
958,2016-08-16,5672.0,803.0,890.0,2147.0,1832.0,78.0,62.0,146.0,40.0,35.0,98.0,100.0,25.0,15.0,4.0,1.0,871.0,773.0,936.0,40913,0.2,1.0,22.9,1.0,16.5
959,2016-08-17,5384.0,791.0,795.0,2112.0,1686.0,101.0,65.0,128.0,35.0,33.0,80.0,81.0,70.0,102.0,71.0,148.0,700.0,583.0,804.0,40913,0.0,1.0,22.7,1.0,15.3
960,2016-08-18,4344.0,643.0,613.0,1740.0,1348.0,78.0,55.0,96.0,49.0,35.0,83.0,68.0,182.0,183.0,282.0,237.0,446.0,431.0,481.0,40913,1.0,1.0,21.4,1.0,11.7
961,2016-08-19,4526.0,639.0,620.0,1826.0,1441.0,76.0,78.0,105.0,34.0,28.0,64.0,67.0,179.0,163.0,287.0,229.0,430.0,437.0,449.0,40913,0.4,1.0,23.3,1.0,16.3
962,2016-08-20,4034.0,630.0,582.0,1432.0,1390.0,29.0,34.0,77.0,31.0,28.0,75.0,63.0,193.0,521.0,260.0,138.0,519.0,399.0,277.0,40913,0.0,1.0,25.3,1.0,13.8
963,2016-08-21,4715.0,918.0,877.0,1490.0,1430.0,48.0,59.0,52.0,28.0,35.0,104.0,85.0,200.0,230.0,330.0,179.0,697.0,647.0,342.0,40913,4.4,1.0,22.9,1.0,18.5
964,2016-08-22,4981.0,755.0,806.0,2020.0,1400.0,88.0,64.0,141.0,31.0,30.0,97.0,77.0,175.0,196.0,331.0,273.0,520.0,457.0,488.0,40913,0.2,1.0,24.5,1.0,16.6
965,2016-08-23,5260.0,862.0,888.0,1939.0,1571.0,88.0,81.0,132.0,36.0,38.0,89.0,69.0,184.0,214.0,329.0,279.0,492.0,377.0,547.0,40913,0.0,1.0,26.3,1.0,15.0
966,2016-08-24,2627.0,398.0,438.0,1023.0,768.0,70.0,55.0,71.0,18.0,17.0,39.0,44.0,116.0,122.0,221.0,149.0,357.0,253.0,310.0,40913,1.0,1.0,21.8,1.0,4.9
967,2016-08-25,4894.0,736.0,751.0,1826.0,1581.0,74.0,67.0,118.0,49.0,22.0,74.0,78.0,185.0,214.0,341.0,235.0,549.0,423.0,425.0,40913,9.6,1.0,20.8,1.0,19.1
968,2016-08-26,4557.0,610.0,600.0,1735.0,1612.0,75.0,66.0,106.0,34.0,43.0,76.0,80.0,168.0,153.0,349.0,244.0,474.0,387.0,394.0,40913,0.0,1.0,21.0,1.0,16.3
969,2016-08-27,3841.0,707.0,652.0,1235.0,1247.0,48.0,48.0,45.0,35.0,12.0,77.0,87.0,172.0,143.0,326.0,145.0,520.0,456.0,277.0,40913,0.0,1.0,21.8,1.0,19.3
970,2016-08-28,3943.0,802.0,758.0,1217.0,1166.0,49.0,54.0,46.0,48.0,33.0,86.0,78.0,246.0,286.0,289.0,139.0,690.0,2974.0,259.0,40913,0.0,1.0,23.7,1.0,19.5
971,2016-08-29,5036.0,778.0,825.0,1937.0,1496.0,90.0,80.0,129.0,47.0,46.0,83.0,77.0,153.0,74.0,272.0,77.0,557.0,673.0,599.0,40913,0.0,1.0,23.7,1.0,19.1
972,2016-08-30,5591.0,738.0,793.0,2234.0,1826.0,98.0,82.0,152.0,34.0,38.0,112.0,98.0,123.0,65.0,256.0,75.0,733.0,671.0,679.0,40913,0.0,1.0,23.3,1.0,17.8
973,2016-08-31,5281.0,698.0,725.0,2051.0,1807.0,96.0,79.0,132.0,40.0,31.0,88.0,81.0,106.0,44.0,244.0,69.0,642.0,659.0,651.0,40913,0.0,1.0,23.7,1.0,12.9
974,2016-09-01,5264.0,794.0,794.0,2149.0,1527.0,109.0,83.0,125.0,41.0,32.0,106.0,97.0,86.0,54.0,204.0,80.0,604.0,617.0,652.0,40913,0.0,1.0,26.1,1.0,15.9
975,2016-09-02,4107.0,578.0,581.0,1710.0,1238.0,73.0,59.0,98.0,35.0,21.0,81.0,72.0,132.0,106.0,236.0,183.0,482.0,430.0,496.0,40913,0.0,1.0,25.6,1.0,14.9
976,2016-09-03,2902.0,608.0,571.0,851.0,872.0,28.0,45.0,43.0,58.0,21.0,62.0,37.0,153.0,111.0,199.0,130.0,484.0,366.0,278.0,40913,9.6,1.0,23.2,1.0,19.7
977,2016-09-04,4612.0,770.0,708.0,1602.0,1532.0,43.0,52.0,63.0,32.0,24.0,94.0,84.0,183.0,166.0,325.0,151.0,568.0,484.0,376.0,40913,0.0,1.0,24.2,1.0,20.4
978,2016-09-05,5143.0,773.0,850.0,1933.0,1587.0,92.0,72.0,148.0,26.0,29.0,84.0,81.0,2.0,13.0,1.0,0.0,860.0,703.0,831.0,40913,0.0,1.0,23.3,1.0,17.4
979,2016-09-06,5775.0,843.0,892.0,2219.0,1821.0,91.0,89.0,172.0,41.0,40.0,107.0,94.0,71.0,130.0,65.0,132.0,731.0,551.0,852.0,40913,0.2,1.0,23.3,1.0,15.5
980,2016-09-07,5337.0,748.0,769.0,2100.0,1720.0,100.0,82.0,118.0,30.0,36.0,90.0,68.0,173.0,161.0,283.0,230.0,513.0,416.0,518.0,40913,0.0,1.0,23.7,1.0,11.7
981,2016-09-08,5209.0,714.0,767.0,2115.0,1613.0,75.0,79.0,151.0,27.0,32.0,91.0,82.0,179.0,184.0,325.0,226.0,502.0,405.0,556.0,40913,0.2,1.0,24.4,1.0,18.2
982,2016-09-09,3559.0,416.0,371.0,1665.0,1107.0,51.0,46.0,89.0,22.0,21.0,59.0,64.0,144.0,113.0,248.0,183.0,381.0,297.0,393.0,40913,0.0,1.0,22.2,1.0,8.7
983,2016-09-10,1780.0,423.0,439.0,518.0,400.0,35.0,20.0,18.0,11.0,8.0,38.0,33.0,134.0,105.0,129.0,73.0,384.0,254.0,139.0,40913,7.2,1.0,23.3,1.0,11.7
984,2016-09-11,4824.0,852.0,832.0,1666.0,1474.0,55.0,53.0,48.0,28.0,35.0,114.0,98.0,218.0,198.0,352.0,162.0,585.0,476.0,435.0,40913,14.0,1.0,24.0,1.0,21.4
985,2016-09-12,5191.0,817.0,866.0,2043.0,1465.0,95.0,89.0,147.0,35.0,45.0,86.0,72.0,185.0,171.0,333.0,222.0,498.0,459.0,507.0,40913,0.0,1.0,25.3,1.0,20.8
986,2016-09-13,5830.0,812.0,897.0,2264.0,1857.0,102.0,104.0,163.0,44.0,52.0,109.0,95.0,220.0,201.0,369.0,273.0,524.0,457.0,591.0,40913,0.0,1.0,26.5,1.0,19.6
987,2016-09-14,5677.0,794.0,866.0,2238.0,1779.0,97.0,90.0,150.0,40.0,42.0,92.0,84.0,175.0,197.0,405.0,256.0,469.0,425.0,562.0,40913,0.0,1.0,25.9,1.0,19.4
988,2016-09-15,3355.0,473.0,462.0,1391.0,1029.0,74.0,66.0,111.0,15.0,28.0,75.0,73.0,172.0,110.0,290.0,159.0,366.0,284.0,387.0,40913,0.0,1.0,26.7,1.0,9.4
989,2016-09-16,3986.0,671.0,608.0,1431.0,1276.0,86.0,75.0,127.0,27.0,28.0,73.0,56.0,155.0,140.0,295.0,173.0,382.0,333.0,416.0,40913,3.0,1.0,25.7,1.0,19.7
990,2016-09-17,4073.0,677.0,658.0,1393.0,1345.0,55.0,53.0,63.0,52.0,26.0,87.0,69.0,218.0,154.0,343.0,135.0,484.0,460.0,306.0,40913,0.2,1.0,25.5,1.0,19.9
991,2016-09-18,1438.0,421.0,417.0,333.0,267.0,25.0,26.0,20.0,13.0,15.0,30.0,13.0,101.0,138.0,90.0,54.0,313.0,403.0,98.0,40913,3.0,1.0,22.5,1.0,8.1
992,2016-09-19,4652.0,760.0,795.0,1742.0,1355.0,86.0,80.0,155.0,33.0,38.0,70.0,70.0,174.0,218.0,279.0,210.0,548.0,456.0,409.0,40913,3.4,1.0,22.3,1.0,13.5
993,2016-09-20,5784.0,816.0,879.0,2256.0,1833.0,109.0,121.0,191.0,53.0,40.0,105.0,99.0,169.0,180.0,439.0,207.0,560.0,452.0,536.0,40913,0.0,1.0,25.3,1.0,21.2
994,2016-09-21,2854.0,484.0,505.0,1041.0,824.0,61.0,69.0,86.0,22.0,26.0,52.0,37.0,122.0,128.0,193.0,125.0,380.0,301.0,289.0,40913,0.6,1.0,21.4,1.0,6.1
995,2016-09-22,5438.0,788.0,799.0,1917.0,1934.0,105.0,90.0,186.0,65.0,36.0,96.0,97.0,204.0,205.0,422.0,293.0,530.0,437.0,515.0,40913,4.6,1.0,24.7,1.0,21.3
996,2016-09-23,4676.0,671.0,656.0,1737.0,1612.0,95.0,84.0,157.0,36.0,30.0,96.0,88.0,457.0,382.0,665.0,419.0,18.0,12.0,11.0,40913,0.0,1.0,25.2,1.0,23.5
997,2016-09-24,4492.0,934.0,840.0,1389.0,1329.0,56.0,51.0,139.0,35.0,29.0,99.0,98.0,673.0,598.0,614.0,323.0,10.0,11.0,11.0,40913,0.0,1.0,26.3,1.0,23.5
998,2016-09-25,3619.0,727.0,659.0,1147.0,1086.0,45.0,49.0,64.0,27.0,35.0,99.0,94.0,289.0,297.0,318.0,159.0,370.0,334.0,226.0,40913,0.0,1.0,28.8,1.0,19.0
999,2016-09-26,5145.0,857.0,939.0,1836.0,1513.0,118.0,130.0,183.0,42.0,36.0,93.0,75.0,194.0,208.0,443.0,210.0,462.0,389.0,374.0,40913,0.0,1.0,27.6,1.0,23.8
1000,2016-09-27,5696.0,872.0,939.0,2021.0,1864.0,120.0,123.0,197.0,27.0,31.0,125.0,108.0,243.0,240.0,535.0,281.0,548.0,418.0,477.0,40913,0.0,1.0,26.6,1.0,20.8
1001,2016-09-28,5520.0,753.0,797.0,2115.0,1855.0,91.0,112.0,186.0,36.0,38.0,111.0,101.0,215.0,228.0,522.0,205.0,496.0,435.0,480.0,40913,0.0,1.0,27.0,1.0,24.0
1002,2016-09-29,4102.0,609.0,620.0,1598.0,1275.0,84.0,87.0,147.0,38.0,33.0,81.0,74.0,168.0,171.0,380.0,213.0,387.0,330.0,331.0,40913,0.0,1.0,24.1,1.0,7.3
1003,2016-09-30,4010.0,638.0,631.0,1418.0,1323.0,91.0,82.0,137.0,46.0,27.0,80.0,70.0,203.0,219.0,391.0,228.0,464.0,337.0,382.0,40913,5.8,1.0,25.7,1.0,24.4
1004,2016-10-01,3690.0,662.0,603.0,1152.0,1273.0,55.0,63.0,79.0,57.0,22.0,80.0,54.0,179.0,162.0,349.0,153.0,494.0,439.0,242.0,40913,0.2,1.0,27.0,1.0,24.7
1005,2016-10-02,4103.0,730.0,669.0,1439.0,1265.0,64.0,43.0,109.0,26.0,24.0,89.0,80.0,152.0,176.0,350.0,140.0,448.0,414.0,290.0,40913,0.0,1.0,26.9,1.0,24.5
1006,2016-10-03,2655.0,463.0,417.0,915.0,860.0,46.0,48.0,52.0,34.0,34.0,85.0,63.0,110.0,142.0,165.0,77.0,326.0,267.0,141.0,40913,0.0,1.0,26.7,1.0,7.5
1007,2016-10-04,5666.0,871.0,927.0,2143.0,1725.0,110.0,100.0,190.0,44.0,41.0,102.0,92.0,209.0,257.0,432.0,299.0,569.0,451.0,385.0,40913,16.2,1.0,26.2,1.0,24.9
1008,2016-10-05,6213.0,867.0,926.0,2395.0,2025.0,103.0,121.0,228.0,33.0,31.0,112.0,105.0,211.0,218.0,573.0,260.0,519.0,375.0,445.0,40913,0.0,1.0,28.7,1.0,25.3
1009,2016-10-06,5817.0,868.0,920.0,2203.0,1826.0,135.0,102.0,232.0,42.0,34.0,118.0,125.0,229.0,198.0,536.0,255.0,448.0,321.0,460.0,40913,0.0,1.0,29.1,1.0,25.4
1010,2016-10-07,4892.0,702.0,679.0,1922.0,1589.0,102.0,82.0,178.0,30.0,27.0,102.0,92.0,206.0,189.0,471.0,251.0,395.0,281.0,436.0,40913,0.0,1.0,29.0,1.0,25.3
1011,2016-10-08,4230.0,739.0,682.0,1529.0,1280.0,67.0,55.0,98.0,28.0,36.0,116.0,82.0,168.0,158.0,357.0,175.0,473.0,347.0,258.0,40913,0.0,1.0,32.2,1.0,25.3
1012,2016-10-09,4320.0,762.0,725.0,1465.0,1368.0,64.0,49.0,109.0,35.0,22.0,95.0,70.0,187.0,284.0,383.0,180.0,459.0,390.0,290.0,40913,0.0,1.0,25.5,1.0,14.0
1013,2016-10-10,5464.0,844.0,921.0,2149.0,1550.0,101.0,104.0,228.0,34.0,29.0,109.0,97.0,179.0,210.0,555.0,211.0,485.0,404.0,445.0,40913,0.0,1.0,26.4,1.0,24.8
1014,2016-10-11,6039.0,834.0,906.0,2346.0,1953.0,126.0,116.0,222.0,46.0,36.0,126.0,108.0,196.0,207.0,653.0,260.0,485.0,392.0,478.0,40913,0.0,1.0,29.2,1.0,21.7
1015,2016-10-12,5999.0,832.0,852.0,2405.0,1910.0,127.0,107.0,213.0,45.0,39.0,113.0,103.0,199.0,196.0,625.0,226.0,534.0,394.0,459.0,40913,0.0,1.0,24.5,1.0,21.3
1016,2016-10-13,5355.0,715.0,751.0,2019.0,1870.0,106.0,102.0,190.0,39.0,32.0,99.0,89.0,201.0,176.0,607.0,224.0,447.0,369.0,437.0,40913,0.0,1.0,26.1,1.0,20.2
1017,2016-10-14,4568.0,582.0,599.0,1812.0,1575.0,73.0,74.0,142.0,116.0,26.0,83.0,73.0,191.0,158.0,518.0,239.0,436.0,324.0,356.0,40913,0.0,1.0,23.4,1.0,19.9
1018,2016-10-15,4007.0,702.0,658.0,1441.0,1206.0,70.0,55.0,82.0,33.0,30.0,71.0,64.0,230.0,162.0,371.0,206.0,478.0,409.0,284.0,40913,0.0,1.0,24.1,1.0,23.1
1019,2016-10-16,4942.0,1000.0,946.0,1642.0,1354.0,66.0,52.0,112.0,39.0,29.0,108.0,104.0,181.0,170.0,361.0,200.0,503.0,505.0,303.0,40913,0.0,1.0,25.4,1.0,26.6
1020,2016-10-17,4221.0,599.0,597.0,1787.0,1238.0,82.0,79.0,184.0,28.0,31.0,89.0,91.0,175.0,170.0,456.0,172.0,303.0,240.0,333.0,40913,0.0,1.0,28.3,1.0,21.8
1021,2016-10-18,6109.0,883.0,1003.0,2303.0,1920.0,133.0,132.0,198.0,46.0,38.0,108.0,103.0,220.0,212.0,627.0,260.0,565.0,422.0,466.0,40913,10.8,1.0,25.7,1.0,27.1
1022,2016-10-19,5967.0,824.0,863.0,2249.0,2031.0,117.0,99.0,201.0,38.0,38.0,116.0,115.0,206.0,200.0,608.0,240.0,456.0,385.0,490.0,40913,0.0,1.0,29.4,1.0,27.2
1023,2016-10-20,5407.0,746.0,754.0,2035.0,1872.0,104.0,104.0,183.0,29.0,35.0,97.0,88.0,201.0,173.0,590.0,210.0,424.0,311.0,476.0,40913,0.0,1.0,27.0,1.0,22.3
1024,2016-10-21,4851.0,654.0,628.0,1994.0,1575.0,95.0,85.0,162.0,28.0,23.0,89.0,87.0,189.0,185.0,617.0,216.0,1427.0,344.0,374.0,40913,0.0,1.0,26.8,1.0,26.2
1025,2016-10-22,3754.0,549.0,538.0,1414.0,1253.0,41.0,50.0,101.0,30.0,31.0,110.0,94.0,151.0,142.0,398.0,152.0,325.0,330.0,252.0,40913,0.0,1.0,27.6,1.0,21.6
1026,2016-10-23,3533.0,752.0,686.0,1099.0,996.0,66.0,56.0,99.0,24.0,23.0,76.0,77.0,161.0,132.0,357.0,153.0,541.0,452.0,258.0,40913,3.0,1.0,21.6,1.0,11.8
1027,2016-10-24,5363.0,797.0,859.0,2103.0,1604.0,123.0,124.0,189.0,35.0,28.0,119.0,102.0,193.0,258.0,547.0,252.0,459.0,417.0,425.0,40913,0.0,1.0,25.3,1.0,27.5
1028,2016-10-25,6374.0,933.0,1006.0,2431.0,2004.0,149.0,117.0,210.0,30.0,41.0,127.0,119.0,191.0,208.0,678.0,275.0,505.0,374.0,492.0,40913,0.0,1.0,27.5,1.0,27.5
1029,2016-10-26,5972.0,823.0,847.0,2370.0,1932.0,127.0,95.0,218.0,39.0,33.0,124.0,114.0,177.0,197.0,614.0,253.0,477.0,377.0,506.0,40913,0.0,1.0,28.0,1.0,27.7
1030,2016-10-27,5425.0,752.0,791.0,2116.0,1766.0,114.0,87.0,203.0,23.0,21.0,99.0,95.0,298.0,269.0,783.0,284.0,229.0,217.0,264.0,40913,0.0,1.0,29.2,1.0,25.9
1031,2016-10-28,4771.0,664.0,603.0,1907.0,1597.0,80.0,65.0,181.0,19.0,26.0,74.0,70.0,168.0,152.0,590.0,181.0,387.0,301.0,404.0,40913,0.0,1.0,28.6,1.0,25.9
1032,2016-10-29,3781.0,646.0,631.0,1332.0,1172.0,55.0,52.0,109.0,31.0,30.0,98.0,89.0,166.0,150.0,403.0,164.0,453.0,412.0,282.0,40913,0.0,1.0,28.2,1.0,25.6
1033,2016-10-30,4220.0,747.0,717.0,1493.0,1263.0,45.0,35.0,117.0,29.0,28.0,133.0,102.0,139.0,191.0,378.0,205.0,448.0,462.0,322.0,40913,0.0,1.0,27.7,1.0,27.7
1034,2016-10-31,4952.0,732.0,808.0,1962.0,1450.0,106.0,99.0,221.0,30.0,27.0,96.0,84.0,215.0,255.0,639.0,263.0,346.0,294.0,370.0,40913,0.0,1.0,28.3,1.0,13.8
1035,2016-11-01,4911.0,698.0,734.0,1890.0,1589.0,112.0,104.0,144.0,24.0,24.0,86.0,75.0,422.0,402.0,783.0,441.0,64.0,49.0,46.0,40913,1.4,1.0,26.3,1.0,10.7
1036,2016-11-02,5914.0,814.0,857.0,2228.0,2015.0,103.0,104.0,249.0,35.0,22.0,110.0,101.0,454.0,409.0,1054.0,401.0,13.0,4.0,24.0,40913,1.2,1.0,28.9,1.0,28.8
1037,2016-11-03,5604.0,761.0,831.0,2202.0,1810.0,120.0,96.0,213.0,34.0,29.0,104.0,95.0,348.0,295.0,947.0,292.0,169.0,179.0,182.0,40913,0.0,1.0,27.5,1.0,21.5
1038,2016-11-04,4819.0,632.0,646.0,1895.0,1646.0,84.0,70.0,210.0,30.0,27.0,88.0,77.0,286.0,223.0,797.0,263.0,225.0,227.0,195.0,40913,0.0,1.0,29.3,1.0,28.8
1039,2016-11-05,3746.0,597.0,586.0,1316.0,1247.0,50.0,42.0,108.0,17.0,24.0,88.0,74.0,176.0,148.0,404.0,176.0,407.0,285.0,276.0,40913,0.0,1.0,34.4,1.0,29.1
1040,2016-11-06,4193.0,743.0,679.0,1390.0,1381.0,36.0,38.0,91.0,33.0,34.0,121.0,98.0,167.0,159.0,371.0,154.0,437.0,355.0,301.0,40913,0.0,1.0,33.3,1.0,29.2
1041,2016-11-07,5319.0,748.0,849.0,2138.0,1584.0,115.0,87.0,243.0,30.0,25.0,106.0,83.0,104.0,58.0,365.0,120.0,421.0,453.0,623.0,40913,0.0,1.0,28.9,1.0,24.9
1042,2016-11-08,5063.0,589.0,585.0,2148.0,1741.0,87.0,74.0,227.0,21.0,20.0,129.0,95.0,88.0,50.0,341.0,116.0,360.0,317.0,664.0,40913,0.0,1.0,32.5,1.0,25.9
1043,2016-11-09,4939.0,594.0,611.0,2106.0,1628.0,105.0,79.0,186.0,29.0,24.0,103.0,77.0,83.0,45.0,312.0,80.0,410.0,380.0,712.0,40913,1.0,1.0,31.7,1.0,25.7
1044,2016-11-10,4892.0,695.0,748.0,1912.0,1537.0,137.0,86.0,235.0,20.0,12.0,100.0,105.0,110.0,56.0,275.0,90.0,508.0,368.0,667.0,40913,3.6,1.0,32.5,1.0,25.7
1045,2016-11-11,4654.0,531.0,517.0,1913.0,1693.0,72.0,52.0,177.0,23.0,22.0,109.0,99.0,121.0,107.0,535.0,199.0,332.0,253.0,453.0,40913,0.0,1.0,31.8,1.0,27.0
1046,2016-11-12,3358.0,498.0,486.0,1347.0,1027.0,36.0,33.0,86.0,12.0,19.0,80.0,51.0,50.0,57.0,136.0,55.0,415.0,346.0,391.0,40913,0.0,1.0,31.6,1.0,19.4
1047,2016-11-13,3625.0,591.0,535.0,1368.0,1131.0,57.0,29.0,107.0,22.0,30.0,127.0,80.0,1.0,4.0,1.0,1.0,507.0,441.0,605.0,40913,19.6,1.0,36.0,1.0,22.8
1048,2016-11-14,5166.0,771.0,866.0,1876.0,1653.0,104.0,88.0,199.0,54.0,28.0,93.0,96.0,23.0,17.0,2.0,2.0,776.0,590.0,937.0,40913,0.2,1.0,30.1,1.0,28.1
1049,2016-11-15,6116.0,839.0,932.0,2317.0,2028.0,150.0,108.0,224.0,50.0,38.0,129.0,116.0,8.0,5.0,0.0,0.0,767.0,642.0,1119.0,40913,0.0,1.0,27.4,1.0,26.0
1050,2016-11-16,5699.0,775.0,849.0,2271.0,1804.0,98.0,83.0,201.0,43.0,40.0,111.0,106.0,9.0,9.0,4.0,4.0,624.0,573.0,1158.0,40913,0.0,1.0,28.1,1.0,29.0
1051,2016-11-17,5133.0,710.0,756.0,2003.0,1664.0,96.0,84.0,165.0,30.0,36.0,90.0,69.0,13.0,6.0,7.0,3.0,640.0,539.0,1007.0,40913,0.0,1.0,28.3,1.0,25.5
1052,2016-11-18,4871.0,711.0,672.0,1881.0,1607.0,104.0,80.0,196.0,36.0,35.0,106.0,101.0,70.0,81.0,201.0,114.0,485.0,396.0,794.0,40913,0.0,1.0,27.3,1.0,27.2
1053,2016-11-19,3830.0,538.0,507.0,1507.0,1278.0,41.0,41.0,91.0,48.0,27.0,94.0,63.0,134.0,148.0,411.0,137.0,435.0,322.0,330.0,40913,0.0,1.0,28.1,1.0,21.2
1054,2016-11-20,4327.0,657.0,608.0,1599.0,1463.0,37.0,49.0,109.0,37.0,29.0,108.0,86.0,155.0,152.0,374.0,155.0,390.0,413.0,350.0,40913,0.0,1.0,28.6,1.0,30.0
1055,2016-11-21,5345.0,745.0,889.0,2117.0,1594.0,86.0,88.0,251.0,46.0,30.0,121.0,101.0,165.0,155.0,596.0,205.0,415.0,305.0,526.0,40913,0.0,1.0,29.7,1.0,30.2
1056,2016-11-22,6122.0,807.0,869.0,2437.0,2009.0,118.0,94.0,274.0,67.0,47.0,136.0,117.0,164.0,165.0,703.0,228.0,442.0,322.0,534.0,40913,0.0,1.0,28.8,1.0,28.7
1057,2016-11-23,5854.0,797.0,863.0,2281.0,1913.0,126.0,89.0,270.0,214.0,37.0,134.0,106.0,183.0,173.0,657.0,208.0,380.0,250.0,489.0,40913,0.0,1.0,31.2,1.0,28.2
1058,2016-11-24,5051.0,630.0,698.0,1967.0,1756.0,98.0,70.0,241.0,35.0,33.0,141.0,93.0,178.0,153.0,514.0,294.0,360.0,237.0,485.0,40913,0.0,1.0,35.1,1.0,30.5
1059,2016-11-25,4577.0,563.0,546.0,1982.0,1486.0,85.0,61.0,174.0,149.0,30.0,106.0,81.0,134.0,156.0,571.0,206.0,348.0,267.0,409.0,40913,0.0,1.0,29.0,1.0,28.4
1060,2016-11-26,2891.0,472.0,441.0,1102.0,876.0,38.0,39.0,56.0,25.0,23.0,49.0,48.0,122.0,118.0,316.0,108.0,321.0,273.0,260.0,40913,0.0,1.0,27.0,1.0,15.2
1061,2016-11-27,3872.0,675.0,628.0,1428.0,1141.0,45.0,41.0,105.0,31.0,31.0,91.0,112.0,127.0,161.0,373.0,138.0,426.0,326.0,352.0,40913,1.0,1.0,29.7,1.0,26.7
1062,2016-11-28,5218.0,777.0,942.0,2031.0,1468.0,97.0,102.0,230.0,35.0,37.0,111.0,90.0,184.0,175.0,619.0,202.0,403.0,251.0,457.0,40913,0.0,1.0,29.9,1.0,29.3
1063,2016-11-29,5832.0,775.0,821.0,2332.0,1904.0,121.0,92.0,278.0,43.0,38.0,134.0,140.0,296.0,307.0,905.0,397.0,151.0,56.0,285.0,40913,0.0,1.0,30.7,1.0,30.8
1064,2016-11-30,4828.0,584.0,586.0,1994.0,1664.0,112.0,81.0,183.0,27.0,38.0,111.0,104.0,270.0,232.0,820.0,305.0,181.0,62.0,261.0,40913,0.0,1.0,31.3,1.0,26.7
1065,2016-12-01,4515.0,559.0,546.0,1975.0,1435.0,100.0,78.0,210.0,27.0,37.0,107.0,101.0,185.0,162.0,641.0,157.0,275.0,195.0,362.0,40913,16.6,1.0,30.2,1.0,27.2
1066,2016-12-02,4249.0,495.0,474.0,1802.0,1478.0,64.0,46.0,213.0,15.0,33.0,119.0,97.0,157.0,135.0,575.0,188.0,253.0,206.0,373.0,40913,0.4,1.0,30.4,1.0,31.0
1067,2016-12-03,2818.0,351.0,350.0,1134.0,983.0,38.0,35.0,91.0,22.0,19.0,112.0,86.0,112.0,123.0,303.0,122.0,270.0,249.0,223.0,40913,0.0,1.0,30.8,1.0,20.8
1068,2016-12-04,3384.0,553.0,537.0,1232.0,1062.0,50.0,41.0,99.0,25.0,23.0,85.0,50.0,92.0,110.0,320.0,149.0,358.0,333.0,277.0,40913,21.2,1.0,30.3,1.0,31.0
1069,2016-12-05,4908.0,714.0,817.0,1872.0,1505.0,85.0,75.0,245.0,21.0,20.0,102.0,85.0,146.0,133.0,605.0,185.0,239.0,211.0,452.0,40913,0.0,1.0,30.3,1.0,30.3
1070,2016-12-06,4211.0,581.0,666.0,1722.0,1242.0,93.0,70.0,227.0,22.0,26.0,87.0,77.0,112.0,131.0,483.0,163.0,237.0,172.0,381.0,40913,5.4,1.0,33.8,1.0,24.2
1071,2016-12-07,3436.0,483.0,491.0,1416.0,1046.0,101.0,81.0,156.0,25.0,22.0,119.0,56.0,95.0,90.0,453.0,176.0,213.0,158.0,375.0,40913,11.0,1.0,31.3,1.0,16.0
1072,2016-12-08,4190.0,490.0,504.0,1833.0,1363.0,118.0,84.0,158.0,341.0,14.0,116.0,78.0,88.0,144.0,431.0,283.0,287.0,224.0,412.0,40913,20.4,1.0,28.4,1.0,8.8
1073,2016-12-09,3622.0,491.0,426.0,1432.0,1273.0,82.0,73.0,111.0,79.0,22.0,102.0,76.0,145.0,149.0,407.0,229.0,307.0,231.0,358.0,40913,3.2,1.0,28.6,1.0,4.5
1074,2016-12-10,3269.0,502.0,487.0,1187.0,1093.0,56.0,47.0,73.0,21.0,18.0,88.0,72.0,153.0,156.0,427.0,131.0,381.0,310.0,257.0,40913,1.4,1.0,27.7,1.0,20.0
1075,2016-12-11,3699.0,596.0,569.0,1426.0,1108.0,71.0,52.0,90.0,94.0,24.0,139.0,89.0,153.0,143.0,330.0,145.0,397.0,347.0,282.0,40913,0.0,1.0,27.2,1.0,20.5
1076,2016-12-12,4969.0,706.0,761.0,1969.0,1533.0,88.0,88.0,221.0,106.0,20.0,112.0,108.0,144.0,130.0,635.0,177.0,356.0,191.0,411.0,40913,0.0,1.0,28.1,1.0,27.9
1077,2016-12-13,5641.0,712.0,755.0,2325.0,1849.0,123.0,107.0,228.0,916.0,23.0,125.0,124.0,162.0,191.0,693.0,219.0,331.0,205.0,518.0,40913,0.0,1.0,28.8,1.0,30.6
1078,2016-12-14,5222.0,644.0,680.0,2169.0,1729.0,122.0,91.0,222.0,1760.0,12.0,106.0,76.0,129.0,134.0,664.0,218.0,264.0,218.0,476.0,40913,0.0,1.0,29.5,1.0,30.2
1079,2016-12-15,4597.0,559.0,597.0,1891.0,1550.0,84.0,79.0,233.0,966.0,2.0,111.0,73.0,140.0,129.0,574.0,177.0,366.0,212.0,427.0,40913,0.0,1.0,30.6,1.0,31.4
1080,2016-12-16,3898.0,497.0,465.0,1682.0,1254.0,79.0,58.0,156.0,230.0,0.0,117.0,77.0,122.0,111.0,519.0,197.0,322.0,198.0,325.0,40913,0.0,1.0,30.0,1.0,26.3
1081,2016-12-17,3232.0,485.0,455.0,1206.0,1086.0,49.0,38.0,79.0,109.0,0.0,102.0,66.0,99.0,123.0,327.0,131.0,336.0,267.0,264.0,40913,0.0,1.0,31.0,1.0,31.1
1082,2016-12-18,2869.0,444.0,437.0,1040.0,948.0,39.0,41.0,74.0,0.0,0.0,114.0,86.0,97.0,112.0,269.0,116.0,269.0,252.0,202.0,40913,1.6,1.0,32.3,1.0,20.0
1083,2016-12-19,4321.0,592.0,667.0,1748.0,1314.0,90.0,90.0,165.0,0.0,0.0,101.0,75.0,134.0,132.0,511.0,172.0,316.0,221.0,433.0,40913,12.4,1.0,27.8,1.0,16.8
1084,2016-12-20,4910.0,612.0,614.0,2070.0,1614.0,111.0,100.0,228.0,0.0,0.0,123.0,82.0,134.0,142.0,623.0,211.0,283.0,218.0,427.0,40913,0.2,1.0,29.6,1.0,21.9
1085,2016-12-21,3983.0,419.0,371.0,1738.0,1455.0,81.0,71.0,161.0,0.0,0.0,107.0,73.0,105.0,88.0,474.0,202.0,260.0,174.0,389.0,40913,0.0,1.0,34.1,1.0,25.9
1086,2016-12-22,3968.0,479.0,472.0,1587.0,1430.0,79.0,77.0,165.0,0.0,0.0,115.0,83.0,120.0,111.0,504.0,153.0,237.0,145.0,373.0,40913,0.6,1.0,31.5,1.0,20.9
1087,2016-12-23,3551.0,417.0,394.0,1503.0,1237.0,74.0,60.0,119.0,0.0,0.0,97.0,55.0,113.0,93.0,473.0,156.0,251.0,190.0,290.0,40913,0.0,1.0,27.7,1.0,13.0
1088,2016-12-24,3054.0,414.0,384.0,1181.0,1075.0,51.0,39.0,53.0,0.0,0.0,97.0,62.0,102.0,97.0,301.0,85.0,244.0,197.0,190.0,40913,0.0,1.0,29.2,1.0,26.7
1089,2016-12-25,1387.0,312.0,317.0,403.0,355.0,33.0,37.0,42.0,0.0,0.0,26.0,7.0,78.0,48.0,87.0,28.0,206.0,233.0,73.0,40913,0.0,1.0,27.5,1.0,11.2
1090,2016-12-26,2331.0,400.0,370.0,860.0,701.0,61.0,57.0,70.0,0.0,0.0,97.0,62.0,82.0,75.0,188.0,92.0,259.0,168.0,180.0,40913,6.0,1.0,29.3,1.0,24.0
1091,2016-12-27,3430.0,606.0,545.0,1200.0,1079.0,53.0,52.0,86.0,1.0,0.0,108.0,77.0,98.0,83.0,266.0,116.0,359.0,236.0,256.0,40913,1.4,1.0,28.9,1.0,24.4
1092,2016-12-28,3608.0,592.0,563.0,1322.0,1131.0,50.0,52.0,115.0,0.0,0.0,116.0,84.0,125.0,96.0,340.0,134.0,297.0,198.0,278.0,40913,0.2,1.0,29.8,1.0,30.6
1093,2016-12-29,3594.0,574.0,523.0,1404.0,1093.0,51.0,56.0,147.0,0.0,0.0,118.0,79.0,103.0,68.0,334.0,110.0,280.0,170.0,301.0,40913,0.0,1.0,30.8,1.0,30.3
1094,2016-12-30,3035.0,460.0,409.0,1161.0,1005.0,52.0,41.0,111.0,0.0,0.0,106.0,78.0,103.0,81.0,325.0,123.0,279.0,218.0,247.0,40913,0.0,1.0,32.4,1.0,31.3
1095,2016-12-31,2851.0,447.0,392.0,1056.0,956.0,28.0,21.0,55.0,0.0,0.0,93.0,67.0,90.0,79.0,249.0,90.0,282.0,287.0,174.0,40913,0.0,1.0,33.9,1.0,31.4
