,Unnamed: 0,Rainfall amount (millimetres),Date,Maximum temperature (Degree C),Daily global solar exposure (MJ/m*m),Story Bridge East Pedestrian Inbound,Schulz Canal Bridge Cyclists Outbound,Story Bridge West Pedestrian Outbound,Bicentennial Bikeway Pedestrians Inbound,Story Bridge West Pedestrian Inbound,Unnamed: 1,Bicentennial Bikeway Cyclists Inbound,Schulz Canal Bridge Pedestrians Inbound,North Brisbane Bikeway Mann Park Windsor Cyclists Inbound,Schulz Canal Bridge Pedestrians Outbound,Bicentennial Bikeway Pedestrians Outbound,Story Bridge East Cyclists Outbound,Bicentennial Bikeway Cyclists Outbound,Story Bridge East Pedestrian Outbound,North Brisbane Bikeway Mann Park Windsor Pedestrian Outbound,Story Bridge West Cyclists Inbound,Bicenntenial Bikeway,Story Bridge East Cyclists Inbound,North Brisbane Bikeway Mann Park Windsor Pedestrian Inbound,Schulz Canal Bridge Cyclists Inbound
169,169,0.0,2014-06-19,20.3,8.0,0.0,55.0,0.0,1630.0,0.0,0:00,360.0,22.0,0.0,20.0,1900.0,0.0,333.0,0.0,0.0,0.0,4223.0,0.0,0.0,60.0
170,170,5.8,2014-06-20,22.5,9.1,0.0,49.0,0.0,1170.0,0.0,0:00,460.0,21.0,0.0,20.0,1586.0,0.0,403.0,0.0,0.0,0.0,3619.0,0.0,0.0,45.0
171,171,0.0,2014-06-21,25.6,12.9,0.0,67.0,0.0,1289.0,0.0,0:00,645.0,28.0,0.0,33.0,1847.0,0.0,642.0,0.0,0.0,0.0,4423.0,0.0,0.0,72.0
172,172,5.2,2014-06-22,24.2,13.0,0.0,76.0,0.0,1542.0,0.0,0:00,720.0,26.0,0.0,21.0,2126.0,0.0,635.0,0.0,0.0,0.0,5023.0,0.0,0.0,82.0
173,173,0.2,2014-06-23,24.1,13.6,0.0,69.0,0.0,1862.0,0.0,0:00,656.0,23.0,0.0,24.0,2180.0,0.0,631.0,0.0,0.0,0.0,5329.0,0.0,0.0,74.0
174,174,0.0,2014-06-24,20.9,7.6,0.0,81.0,0.0,1938.0,0.0,0:00,512.0,30.0,0.0,29.0,2250.0,0.0,510.0,0.0,0.0,0.0,5210.0,0.0,0.0,81.0
175,175,0.0,2014-06-25,21.8,13.6,0.0,73.0,0.0,1849.0,0.0,0:00,573.0,34.0,0.0,21.0,2131.0,0.0,541.0,0.0,0.0,0.0,5094.0,0.0,0.0,72.0
176,176,0.0,2014-06-26,24.2,14.2,0.0,56.0,0.0,1801.0,0.0,0:00,521.0,21.0,0.0,24.0,2131.0,0.0,496.0,0.0,0.0,0.0,4949.0,0.0,0.0,64.0
177,177,0.0,2014-06-27,23.6,14.2,0.0,66.0,0.0,1498.0,0.0,0:00,442.0,30.0,0.0,30.0,2076.0,0.0,432.0,0.0,0.0,0.0,4448.0,0.0,0.0,67.0
178,178,0.0,2014-06-28,24.9,10.6,0.0,46.0,0.0,1127.0,0.0,0:00,530.0,33.0,0.0,22.0,1837.0,0.0,528.0,0.0,0.0,0.0,4022.0,0.0,0.0,47.0
179,179,1.6,2014-06-29,19.9,14.4,0.0,82.0,0.0,997.0,0.0,0:00,527.0,21.0,9.0,13.0,1688.0,0.0,523.0,0.0,17.0,0.0,3735.0,0.0,37.0,87.0
180,180,0.2,2014-06-30,19.1,14.1,0.0,67.0,0.0,1473.0,0.0,0:00,509.0,26.0,62.0,20.0,1824.0,0.0,534.0,0.0,69.0,0.0,4340.0,0.0,73.0,59.0
181,181,0.0,2014-07-01,19.8,14.5,0.0,67.0,0.0,1806.0,0.0,0:00,514.0,29.0,74.0,21.0,2272.0,0.0,579.0,0.0,35.0,0.0,5171.0,0.0,54.0,82.0
182,182,0.0,2014-07-02,21.2,14.1,0.0,76.0,0.0,1639.0,0.0,0:00,572.0,27.0,67.0,22.0,2073.0,0.0,611.0,0.0,36.0,0.0,4895.0,0.0,57.0,84.0
183,183,0.0,2014-07-03,22.6,13.7,0.0,75.0,0.0,1585.0,0.0,0:00,572.0,29.0,75.0,21.0,1939.0,0.0,603.0,0.0,40.0,0.0,4699.0,0.0,50.0,80.0
184,184,0.0,2014-07-04,23.9,12.3,0.0,64.0,0.0,1387.0,0.0,0:00,459.0,23.0,43.0,15.0,1888.0,0.0,459.0,0.0,35.0,0.0,4193.0,0.0,58.0,61.0
185,185,0.4,2014-07-05,24.4,12.8,0.0,56.0,0.0,1114.0,0.0,0:00,504.0,13.0,26.0,19.0,1794.0,0.0,506.0,0.0,32.0,0.0,3918.0,0.0,31.0,58.0
186,186,0.0,2014-07-06,20.5,14.5,0.0,77.0,0.0,1189.0,0.0,0:00,584.0,23.0,39.0,21.0,1828.0,0.0,582.0,0.0,49.0,0.0,4183.0,0.0,42.0,92.0
187,187,0.0,2014-07-07,19.9,14.4,0.0,60.0,0.0,1565.0,0.0,0:00,616.0,26.0,82.0,28.0,1824.0,0.0,645.0,0.0,57.0,0.0,4650.0,0.0,59.0,70.0
188,188,0.0,2014-07-08,21.7,14.7,0.0,68.0,0.0,1809.0,0.0,0:00,615.0,28.0,92.0,34.0,2320.0,0.0,695.0,0.0,67.0,0.0,5439.0,0.0,79.0,81.0
189,189,0.0,2014-07-09,23.4,14.7,0.0,73.0,0.0,1763.0,0.0,0:00,576.0,27.0,62.0,24.0,2076.0,0.0,629.0,0.0,33.0,0.0,5044.0,0.0,49.0,82.0
190,190,0.0,2014-07-10,20.0,14.7,0.0,67.0,0.0,1450.0,0.0,0:00,511.0,17.0,68.0,13.0,1816.0,0.0,536.0,0.0,39.0,0.0,4313.0,0.0,38.0,67.0
191,191,0.0,2014-07-11,22.4,15.0,583.0,65.0,0.0,1438.0,0.0,0:00,452.0,26.0,66.0,19.0,1978.0,0.0,452.0,306.0,38.0,0.0,4320.0,0.0,59.0,73.0
192,192,0.0,2014-07-12,22.6,15.0,441.0,58.0,0.0,1153.0,0.0,0:00,526.0,26.0,43.0,23.0,1894.0,0.0,527.0,209.0,35.0,0.0,4100.0,0.0,40.0,72.0
193,193,0.0,2014-07-13,21.8,14.3,339.0,94.0,0.0,1313.0,0.0,0:00,652.0,75.0,37.0,36.0,2065.0,0.0,645.0,127.0,33.0,0.0,4675.0,0.0,37.0,97.0
194,194,0.0,2014-07-14,21.4,13.4,284.0,55.0,0.0,1667.0,0.0,0:00,583.0,24.0,72.0,25.0,1907.0,0.0,646.0,165.0,42.0,0.0,4803.0,0.0,49.0,57.0
195,195,0.0,2014-07-15,20.5,9.0,139.0,63.0,0.0,1587.0,0.0,0:00,518.0,36.0,72.0,23.0,1887.0,0.0,556.0,72.0,41.0,0.0,4548.0,0.0,53.0,70.0
196,196,0.8,2014-07-16,22.0,8.4,216.0,65.0,0.0,1626.0,0.0,0:00,535.0,21.0,61.0,19.0,1994.0,0.0,555.0,134.0,46.0,0.0,4710.0,0.0,59.0,59.0
197,197,2.0,2014-07-17,22.2,15.0,396.0,72.0,0.0,1795.0,0.0,0:00,621.0,36.0,76.0,23.0,2296.0,0.0,643.0,228.0,46.0,0.0,5355.0,0.0,69.0,77.0
198,198,0.2,2014-07-18,18.7,15.2,307.0,56.0,0.0,1338.0,0.0,0:00,423.0,22.0,51.0,24.0,1813.0,0.0,410.0,174.0,36.0,0.0,3984.0,0.0,38.0,63.0
199,199,0.0,2014-07-19,20.3,15.2,27.0,56.0,0.0,916.0,0.0,0:00,544.0,33.0,42.0,33.0,1742.0,0.0,554.0,48.0,44.0,0.0,3756.0,0.0,39.0,63.0
200,200,0.0,2014-07-20,23.2,13.7,0.0,85.0,0.0,1306.0,0.0,0:00,698.0,32.0,41.0,32.0,2161.0,0.0,717.0,0.0,46.0,0.0,4882.0,0.0,37.0,98.0
201,201,0.0,2014-07-21,22.2,10.1,0.0,60.0,0.0,1864.0,0.0,0:00,611.0,29.0,76.0,20.0,2057.0,0.0,672.0,0.0,54.0,0.0,5204.0,0.0,66.0,60.0
202,202,0.0,2014-07-22,22.6,10.9,0.0,75.0,0.0,1843.0,0.0,0:00,556.0,26.0,74.0,27.0,2172.0,0.0,554.0,0.0,42.0,0.0,5125.0,0.0,53.0,76.0
203,203,2.4,2014-07-23,22.8,14.2,0.0,68.0,0.0,1951.0,0.0,0:00,612.0,79.0,64.0,25.0,2377.0,0.0,647.0,0.0,36.0,0.0,5587.0,0.0,63.0,70.0
204,204,0.2,2014-07-24,23.3,13.8,0.0,81.0,0.0,1900.0,0.0,0:00,547.0,27.0,91.0,28.0,2328.0,0.0,615.0,0.0,43.0,0.0,5390.0,0.0,64.0,84.0
205,205,0.0,2014-07-25,23.8,14.7,0.0,61.0,0.0,1668.0,5.0,0:00,525.0,22.0,69.0,21.0,2189.0,0.0,529.0,0.0,39.0,0.0,4911.0,0.0,47.0,74.0
206,206,0.0,2014-07-26,22.7,9.4,1.0,51.0,1328.0,1127.0,914.0,0:00,500.0,17.0,39.0,10.0,1815.0,0.0,477.0,1.0,28.0,7.0,3919.0,0.0,32.0,50.0
207,207,8.0,2014-07-27,24.4,15.7,0.0,83.0,0.0,1451.0,0.0,0:00,687.0,25.0,46.0,25.0,2377.0,0.0,689.0,0.0,49.0,0.0,5204.0,0.0,37.0,85.0
208,208,0.2,2014-07-28,23.7,15.7,0.0,62.0,2.0,2001.0,2.0,0:00,688.0,24.0,98.0,18.0,2156.0,0.0,740.0,0.0,56.0,0.0,5585.0,0.0,63.0,67.0
209,209,0.0,2014-07-29,25.1,16.1,0.0,72.0,2.0,2148.0,1.0,0:00,650.0,28.0,110.0,29.0,2645.0,0.0,723.0,0.0,73.0,0.0,6166.0,0.0,77.0,79.0
210,210,0.0,2014-07-30,25.9,16.5,0.0,85.0,5.0,2023.0,7.0,0:00,663.0,29.0,70.0,23.0,2531.0,0.0,748.0,0.0,59.0,1.0,5965.0,0.0,63.0,84.0
211,211,0.0,2014-07-31,25.4,16.1,0.0,70.0,2.0,1962.0,2.0,0:00,635.0,43.0,83.0,25.0,2415.0,0.0,678.0,0.0,47.0,0.0,5690.0,0.0,68.0,79.0
212,212,0.0,2014-08-01,28.5,14.8,0.0,69.0,4.0,1804.0,1.0,0:00,552.0,26.0,76.0,24.0,2324.0,0.0,531.0,0.0,36.0,0.0,5211.0,0.0,45.0,75.0
213,213,0.0,2014-08-02,21.4,16.6,0.0,44.0,95.0,1277.0,152.0,0:00,571.0,24.0,46.0,19.0,2164.0,0.0,588.0,0.0,19.0,42.0,4600.0,0.0,29.0,84.0
214,214,0.0,2014-08-03,21.4,12.4,0.0,97.0,1878.0,928.0,427.0,0:00,2786.0,34.0,46.0,23.0,1307.0,0.0,559.0,0.0,27.0,103.0,5580.0,0.0,24.0,97.0
215,215,2.0,2014-08-04,20.2,11.5,0.0,47.0,1.0,1460.0,2.0,0:00,578.0,20.0,91.0,15.0,1693.0,0.0,670.0,0.0,46.0,0.0,4401.0,0.0,57.0,51.0
216,216,0.4,2014-08-05,21.8,13.7,0.0,68.0,8.0,2044.0,10.0,0:00,655.0,40.0,91.0,26.0,2408.0,0.0,728.0,0.0,46.0,2.0,5835.0,0.0,72.0,69.0
218,218,0.0,2014-08-07,24.0,16.6,0.0,99.0,6.0,2007.0,9.0,0:00,608.0,23.0,84.0,24.0,2463.0,0.0,684.0,0.0,49.0,0.0,5762.0,0.0,72.0,103.0
219,219,0.0,2014-08-08,23.3,14.4,0.0,76.0,14.0,1656.0,11.0,0:00,524.0,26.0,84.0,14.0,2264.0,0.0,523.0,0.0,62.0,5.0,4967.0,0.0,60.0,73.0
220,220,0.0,2014-08-09,21.9,11.1,0.0,49.0,2.0,1097.0,7.0,0:00,523.0,20.0,45.0,21.0,1957.0,0.0,514.0,0.0,28.0,2.0,4091.0,0.0,29.0,70.0
221,221,0.0,2014-08-10,24.6,16.3,0.0,87.0,1.0,1439.0,0.0,0:00,764.0,32.0,46.0,29.0,2368.0,0.0,727.0,0.0,52.0,0.0,5298.0,0.0,34.0,92.0
222,222,0.0,2014-08-11,25.9,17.0,0.0,76.0,6.0,1978.0,5.0,0:00,674.0,38.0,95.0,27.0,2231.0,0.0,804.0,0.0,46.0,6.0,5687.0,0.0,61.0,79.0
223,223,0.0,2014-08-12,22.1,13.7,0.0,70.0,7.0,2028.0,5.0,0:00,631.0,34.0,95.0,24.0,2422.0,0.0,611.0,0.0,64.0,8.0,5692.0,0.0,72.0,66.0
224,224,0.0,2014-08-13,22.6,15.8,0.0,111.0,3.0,1650.0,0.0,0:00,736.0,40.0,54.0,29.0,2569.0,0.0,746.0,0.0,36.0,0.0,5701.0,0.0,39.0,105.0
225,225,0.0,2014-08-14,21.6,11.7,0.0,73.0,3.0,1810.0,3.0,0:00,549.0,28.0,84.0,28.0,2120.0,0.0,597.0,0.0,52.0,0.0,5076.0,0.0,66.0,73.0
226,226,0.0,2014-08-15,20.9,10.1,0.0,42.0,1.0,1385.0,2.0,0:00,443.0,25.0,60.0,20.0,1898.0,0.0,476.0,0.0,24.0,0.0,4202.0,0.0,36.0,42.0
227,227,4.0,2014-08-16,17.4,4.9,0.0,7.0,1.0,129.0,0.0,0:00,182.0,13.0,10.0,10.0,183.0,0.0,216.0,0.0,14.0,0.0,710.0,0.0,9.0,10.0
228,228,51.6,2014-08-17,22.5,16.8,0.0,45.0,1.0,966.0,1.0,0:00,799.0,21.0,37.0,23.0,1407.0,0.0,772.0,0.0,34.0,0.0,3944.0,0.0,54.0,63.0
229,229,0.0,2014-08-18,20.9,16.1,0.0,70.0,6.0,1740.0,10.0,0:00,570.0,28.0,94.0,30.0,2095.0,0.0,599.0,0.0,57.0,1.0,5004.0,0.0,63.0,73.0
230,230,0.0,2014-08-19,24.3,18.0,0.0,70.0,381.0,2115.0,333.0,0:00,725.0,37.0,103.0,28.0,2545.0,0.0,776.0,0.0,48.0,108.0,6161.0,0.0,81.0,76.0
231,231,0.0,2014-08-20,24.2,17.3,0.0,84.0,811.0,2152.0,908.0,0:00,699.0,40.0,91.0,31.0,2614.0,0.0,738.0,0.0,45.0,870.0,6203.0,0.0,75.0,75.0
232,232,0.0,2014-08-21,23.2,15.5,0.0,79.0,765.0,1973.0,792.0,0:00,589.0,36.0,104.0,29.0,2358.0,0.0,612.0,0.0,47.0,759.0,5532.0,0.0,65.0,78.0
233,233,3.2,2014-08-22,17.1,4.2,0.0,26.0,301.0,651.0,321.0,0:00,204.0,12.0,28.0,9.0,678.0,0.0,214.0,0.0,21.0,226.0,1747.0,0.0,21.0,23.0
234,234,22.4,2014-08-23,18.5,6.7,0.0,8.0,384.0,143.0,449.0,0:00,254.0,7.0,1.0,9.0,194.0,0.0,262.0,0.0,7.0,58.0,853.0,0.0,11.0,7.0
235,235,6.0,2014-08-24,22.8,13.6,0.0,37.0,920.0,989.0,1006.0,0:00,813.0,52.0,31.0,16.0,1690.0,0.0,779.0,0.0,32.0,358.0,4271.0,0.0,38.0,45.0
236,236,0.0,2014-08-25,24.0,13.0,0.0,57.0,784.0,2029.0,932.0,0:00,718.0,39.0,93.0,34.0,2347.0,0.0,791.0,0.0,56.0,795.0,5885.0,0.0,61.0,67.0
237,237,0.0,2014-08-26,23.9,17.1,0.0,75.0,827.0,2295.0,868.0,0:00,766.0,40.0,130.0,35.0,2815.0,0.0,816.0,0.0,48.0,920.0,6692.0,0.0,65.0,75.0
238,238,0.0,2014-08-27,23.8,15.3,0.0,69.0,617.0,1890.0,757.0,0:00,508.0,25.0,97.0,24.0,2216.0,0.0,502.0,0.0,41.0,752.0,5116.0,0.0,49.0,68.0
239,239,3.6,2014-08-28,23.7,12.5,0.0,43.0,708.0,1546.0,772.0,0:00,520.0,30.0,74.0,17.0,1796.0,0.0,569.0,0.0,56.0,568.0,4431.0,0.0,58.0,48.0
240,240,0.0,2014-08-29,23.9,19.3,0.0,69.0,694.0,1766.0,766.0,0:00,540.0,22.0,98.0,21.0,2526.0,0.0,587.0,0.0,47.0,782.0,5419.0,0.0,49.0,74.0
241,241,0.0,2014-08-30,24.3,18.3,0.0,81.0,775.0,1318.0,875.0,0:00,627.0,20.0,30.0,18.0,2099.0,0.0,622.0,0.0,23.0,560.0,4666.0,0.0,24.0,84.0
242,242,0.0,2014-08-31,25.8,18.9,0.0,89.0,824.0,1558.0,953.0,0:00,727.0,32.0,54.0,27.0,2622.0,0.0,728.0,0.0,22.0,700.0,5635.0,0.0,31.0,96.0
243,243,0.0,2014-09-01,25.3,18.1,0.0,62.0,811.0,2108.0,847.0,0:00,711.0,31.0,106.0,25.0,2419.0,0.0,833.0,0.0,67.0,850.0,6071.0,0.0,68.0,69.0
244,244,0.0,2014-09-02,29.1,14.9,0.0,85.0,792.0,2195.0,880.0,0:00,779.0,41.0,111.0,25.0,2855.0,0.0,845.0,0.0,58.0,889.0,6674.0,0.0,84.0,91.0
245,245,0.0,2014-09-03,23.1,20.9,0.0,84.0,864.0,2080.0,886.0,0:00,686.0,24.0,96.0,19.0,2521.0,0.0,744.0,0.0,44.0,843.0,6031.0,0.0,68.0,82.0
246,246,0.0,2014-09-04,23.9,20.9,0.0,87.0,795.0,1997.0,869.0,0:00,617.0,31.0,122.0,27.0,2507.0,0.0,686.0,0.0,53.0,793.0,5807.0,0.0,70.0,94.0
247,247,0.0,2014-09-05,23.8,20.5,0.0,79.0,611.0,1826.0,746.0,0:00,559.0,47.0,84.0,28.0,2385.0,0.0,598.0,0.0,43.0,777.0,5368.0,0.0,187.0,92.0
248,248,0.0,2014-09-06,23.4,15.6,0.0,72.0,624.0,1301.0,838.0,0:00,537.0,29.0,40.0,39.0,2135.0,0.0,528.0,0.0,25.0,550.0,4501.0,0.0,118.0,61.0
249,249,0.0,2014-09-07,23.1,15.9,0.0,44.0,680.0,1115.0,683.0,0:00,538.0,35.0,43.0,20.0,1756.0,0.0,522.0,0.0,35.0,427.0,3931.0,0.0,68.0,41.0
250,250,3.0,2014-09-08,23.0,13.6,0.0,43.0,680.0,1463.0,722.0,0:00,526.0,67.0,91.0,24.0,1661.0,0.0,609.0,0.0,48.0,583.0,4259.0,0.0,56.0,40.0
251,251,0.0,2014-09-09,23.6,17.2,0.0,77.0,828.0,2230.0,905.0,0:00,722.0,72.0,116.0,33.0,2738.0,0.0,781.0,0.0,45.0,832.0,6471.0,0.0,91.0,84.0
252,252,0.0,2014-09-10,28.3,19.7,0.0,84.0,823.0,2236.0,831.0,0:00,681.0,37.0,99.0,24.0,2786.0,0.0,736.0,0.0,66.0,910.0,6439.0,0.0,86.0,84.0
253,253,0.0,2014-09-11,27.0,21.7,0.0,80.0,774.0,2139.0,785.0,0:00,691.0,38.0,109.0,26.0,2742.0,0.0,763.0,0.0,47.0,914.0,6335.0,0.0,83.0,100.0
254,254,0.0,2014-09-12,25.2,17.1,0.0,69.0,625.0,1815.0,807.0,0:00,577.0,72.0,82.0,25.0,2484.0,0.0,597.0,0.0,51.0,807.0,5473.0,0.0,60.0,67.0
255,255,0.0,2014-09-13,24.2,14.5,0.0,48.0,597.0,1215.0,796.0,0:00,593.0,22.0,42.0,26.0,2093.0,0.0,612.0,0.0,20.0,550.0,4513.0,0.0,54.0,52.0
256,256,0.0,2014-09-14,24.7,20.3,0.0,56.0,840.0,1399.0,855.0,0:00,713.0,28.0,35.0,30.0,2207.0,0.0,698.0,0.0,39.0,620.0,5017.0,0.0,66.0,68.0
257,257,0.0,2014-09-15,26.3,21.1,0.0,77.0,837.0,2108.0,783.0,0:00,723.0,32.0,93.0,16.0,2443.0,0.0,836.0,0.0,46.0,841.0,6110.0,0.0,106.0,77.0
258,258,0.0,2014-09-16,26.9,20.6,0.0,82.0,761.0,2216.0,710.0,0:00,659.0,23.0,113.0,19.0,2826.0,0.0,737.0,0.0,60.0,964.0,6438.0,0.0,76.0,87.0
259,259,0.0,2014-09-17,29.5,23.0,0.0,96.0,739.0,2252.0,777.0,0:00,722.0,32.0,130.0,25.0,2963.0,0.0,792.0,0.0,77.0,1033.0,6729.0,0.0,103.0,105.0
260,260,0.0,2014-09-18,27.3,23.2,0.0,84.0,788.0,2189.0,854.0,0:00,638.0,29.0,116.0,27.0,2731.0,0.0,712.0,0.0,63.0,927.0,6270.0,0.0,68.0,88.0
261,261,0.0,2014-09-19,24.7,22.5,0.0,81.0,603.0,1857.0,726.0,0:00,561.0,24.0,85.0,18.0,2661.0,0.0,586.0,0.0,39.0,752.0,5665.0,0.0,55.0,77.0
262,262,0.0,2014-09-20,24.0,15.7,0.0,51.0,679.0,1311.0,846.0,0:00,556.0,18.0,64.0,13.0,2052.0,0.0,559.0,0.0,33.0,564.0,4478.0,0.0,33.0,67.0
263,263,0.0,2014-09-21,24.4,18.9,0.0,70.0,930.0,1401.0,999.0,0:00,641.0,29.0,44.0,23.0,2330.0,0.0,643.0,0.0,51.0,685.0,5015.0,0.0,122.0,68.0
264,264,0.6,2014-09-22,23.4,15.5,0.0,62.0,642.0,1801.0,699.0,0:00,561.0,32.0,99.0,21.0,2062.0,0.0,588.0,0.0,53.0,774.0,5012.0,0.0,102.0,71.0
265,265,3.0,2014-09-23,23.9,17.5,0.0,72.0,806.0,2110.0,940.0,0:00,764.0,32.0,123.0,33.0,2675.0,0.0,837.0,0.0,64.0,907.0,6386.0,0.0,120.0,77.0
266,266,0.8,2014-09-24,23.4,14.8,0.0,85.0,786.0,2144.0,846.0,0:00,676.0,20.0,113.0,26.0,2677.0,0.0,727.0,0.0,52.0,840.0,6224.0,0.0,58.0,94.0
267,267,0.0,2014-09-25,26.3,15.2,0.0,80.0,476.0,1837.0,548.0,0:00,530.0,30.0,88.0,44.0,2194.0,0.0,490.0,0.0,45.0,531.0,5051.0,0.0,74.0,75.0
268,268,9.8,2014-09-26,25.5,17.9,0.0,62.0,14.0,1748.0,7.0,0:00,578.0,30.0,92.0,24.0,2490.0,0.0,603.0,0.0,40.0,9.0,5419.0,0.0,58.0,69.0
269,269,0.0,2014-09-27,26.6,20.6,0.0,65.0,31.0,1468.0,118.0,0:00,752.0,25.0,48.0,21.0,2288.0,0.0,734.0,0.0,22.0,25.0,5242.0,0.0,72.0,96.0
270,270,10.4,2014-09-28,23.9,18.9,0.0,98.0,497.0,1373.0,634.0,0:00,734.0,61.0,56.0,23.0,2287.0,0.0,695.0,0.0,34.0,303.0,5089.0,0.0,142.0,97.0
271,271,0.0,2014-09-29,24.9,23.3,0.0,76.0,863.0,1958.0,791.0,0:00,586.0,47.0,113.0,27.0,2377.0,0.0,524.0,0.0,54.0,761.0,5445.0,0.0,146.0,93.0
272,272,0.0,2014-09-30,26.2,23.5,0.0,103.0,782.0,2221.0,773.0,0:00,145.0,50.0,104.0,32.0,2921.0,0.0,89.0,0.0,54.0,1002.0,5376.0,0.0,139.0,110.0
273,273,0.0,2014-10-01,31.4,23.8,0.0,102.0,620.0,2140.0,727.0,0:00,56.0,20.0,115.0,21.0,2690.0,0.0,60.0,0.0,40.0,941.0,4946.0,0.0,85.0,112.0
274,274,0.0,2014-10-02,23.2,15.6,0.0,106.0,566.0,2009.0,667.0,0:00,59.0,26.0,105.0,29.0,2482.0,0.0,53.0,0.0,71.0,740.0,4603.0,0.0,66.0,112.0
275,275,0.0,2014-10-03,26.0,23.8,0.0,58.0,393.0,1718.0,497.0,0:00,25.0,56.0,92.0,26.0,2452.0,0.0,48.0,0.0,35.0,433.0,4243.0,0.0,75.0,70.0
276,276,0.0,2014-10-04,25.8,19.6,0.0,67.0,457.0,1159.0,502.0,0:00,39.0,25.0,49.0,25.0,2054.0,0.0,46.0,0.0,29.0,291.0,3298.0,0.0,42.0,101.0
277,277,0.0,2014-10-05,26.9,24.1,0.0,91.0,450.0,1290.0,517.0,0:00,56.0,32.0,60.0,16.0,2040.0,0.0,51.0,0.0,32.0,298.0,3437.0,0.0,50.0,96.0
278,278,0.0,2014-10-06,27.2,24.5,0.0,108.0,474.0,1690.0,588.0,0:00,65.0,32.0,83.0,24.0,2490.0,0.0,67.0,0.0,40.0,369.0,4312.0,0.0,86.0,118.0
279,279,0.0,2014-10-07,26.9,24.6,0.0,99.0,476.0,2213.0,481.0,0:00,51.0,43.0,105.0,26.0,2779.0,0.0,61.0,0.0,60.0,448.0,5104.0,0.0,101.0,86.0
280,280,0.0,2014-10-08,31.7,23.4,0.0,108.0,352.0,2438.0,510.0,0:00,25.0,25.0,129.0,25.0,2910.0,0.0,23.0,0.0,57.0,461.0,5396.0,0.0,81.0,96.0
281,281,0.0,2014-10-09,25.3,14.4,0.0,86.0,421.0,2126.0,553.0,0:00,13.0,26.0,108.0,23.0,2663.0,0.0,25.0,0.0,31.0,429.0,4827.0,0.0,54.0,74.0
282,282,0.0,2014-10-10,25.4,17.4,0.0,84.0,377.0,1935.0,491.0,0:00,12.0,23.0,103.0,27.0,2646.0,0.0,24.0,0.0,41.0,339.0,4617.0,0.0,79.0,90.0
283,283,0.0,2014-10-11,26.4,21.3,0.0,85.0,527.0,1396.0,600.0,0:00,21.0,14.0,56.0,23.0,2384.0,0.0,23.0,0.0,26.0,309.0,3824.0,0.0,79.0,102.0
284,284,0.0,2014-10-12,26.2,23.8,0.0,80.0,704.0,1557.0,572.0,0:00,14.0,17.0,47.0,24.0,2704.0,0.0,24.0,0.0,25.0,377.0,4299.0,0.0,34.0,94.0
285,285,0.0,2014-10-13,26.9,25.3,0.0,73.0,389.0,2007.0,453.0,0:00,14.0,25.0,117.0,22.0,2220.0,0.0,18.0,0.0,54.0,400.0,4259.0,0.0,61.0,74.0
286,286,3.2,2014-10-14,27.7,22.0,0.0,73.0,450.0,1996.0,526.0,0:00,13.0,16.0,119.0,26.0,2394.0,0.0,24.0,0.0,49.0,363.0,4427.0,0.0,69.0,83.0
287,287,0.0,2014-10-15,26.2,25.8,0.0,116.0,503.0,2446.0,613.0,0:00,12.0,36.0,143.0,48.0,2910.0,0.0,33.0,0.0,44.0,415.0,5401.0,0.0,67.0,111.0
288,288,0.0,2014-10-16,26.7,20.5,0.0,98.0,677.0,2170.0,784.0,0:00,9.0,41.0,139.0,34.0,2674.0,0.0,22.0,0.0,36.0,916.0,4875.0,0.0,141.0,94.0
289,289,0.0,2014-10-17,30.2,25.7,0.0,84.0,600.0,1937.0,1833.0,0:00,12.0,21.0,93.0,23.0,2516.0,0.0,24.0,0.0,35.0,889.0,4489.0,0.0,66.0,90.0
290,290,0.0,2014-10-18,26.5,23.5,0.0,81.0,663.0,1311.0,832.0,0:00,29.0,27.0,55.0,22.0,2013.0,0.0,21.0,0.0,36.0,590.0,3374.0,0.0,61.0,97.0
291,291,0.0,2014-10-19,26.9,24.3,0.0,60.0,946.0,1540.0,921.0,0:00,34.0,20.0,47.0,23.0,2006.0,0.0,26.0,0.0,27.0,652.0,3606.0,0.0,40.0,73.0
292,292,0.0,2014-10-20,26.6,27.3,0.0,87.0,745.0,2052.0,772.0,0:00,17.0,27.0,100.0,22.0,2301.0,0.0,22.0,0.0,67.0,832.0,4392.0,0.0,156.0,98.0
293,293,0.0,2014-10-21,27.1,15.0,0.0,74.0,731.0,2236.0,844.0,0:00,9.0,30.0,113.0,22.0,2520.0,0.0,13.0,0.0,50.0,854.0,4778.0,0.0,74.0,82.0
294,294,0.0,2014-10-22,25.5,21.5,0.0,93.0,722.0,2405.0,856.0,0:00,19.0,37.0,114.0,22.0,2742.0,0.0,34.0,0.0,63.0,956.0,5200.0,0.0,70.0,85.0
295,295,0.0,2014-10-23,27.0,27.9,0.0,114.0,735.0,2142.0,739.0,0:00,17.0,31.0,120.0,25.0,2570.0,0.0,30.0,0.0,44.0,904.0,4759.0,0.0,109.0,105.0
296,296,0.0,2014-10-24,27.3,27.5,0.0,77.0,612.0,1870.0,649.0,0:00,19.0,32.0,91.0,19.0,2506.0,0.0,33.0,0.0,46.0,842.0,4428.0,0.0,121.0,78.0
297,297,0.0,2014-10-25,28.6,27.2,0.0,69.0,603.0,1354.0,751.0,0:00,25.0,18.0,84.0,19.0,2224.0,0.0,26.0,0.0,22.0,647.0,3629.0,0.0,56.0,84.0
298,298,0.0,2014-10-26,29.0,27.4,0.0,59.0,753.0,1415.0,725.0,0:00,18.0,20.0,84.0,14.0,2282.0,0.0,21.0,0.0,33.0,590.0,3736.0,0.0,63.0,70.0
299,299,0.0,2014-10-27,34.0,26.8,0.0,80.0,420.0,1912.0,474.0,0:00,19.0,24.0,112.0,27.0,2049.0,0.0,18.0,0.0,45.0,862.0,3998.0,0.0,49.0,66.0
300,300,2.6,2014-10-28,34.2,27.6,0.0,94.0,595.0,2134.0,691.0,0:00,26.0,32.0,137.0,33.0,2862.0,0.0,22.0,0.0,45.0,978.0,5044.0,0.0,70.0,107.0
301,301,0.0,2014-10-29,30.7,27.4,0.0,85.0,556.0,2154.0,742.0,0:00,17.0,32.0,129.0,20.0,2767.0,0.0,29.0,0.0,52.0,1032.0,4967.0,0.0,91.0,91.0
302,302,0.0,2014-10-30,28.8,27.5,0.0,98.0,626.0,2100.0,753.0,0:00,20.0,34.0,135.0,26.0,2604.0,0.0,31.0,0.0,35.0,1045.0,4755.0,0.0,132.0,108.0
303,303,0.0,2014-10-31,30.4,25.1,0.0,79.0,391.0,1714.0,527.0,0:00,22.0,21.0,120.0,32.0,2294.0,0.0,29.0,0.0,39.0,784.0,4059.0,0.0,64.0,88.0
304,304,0.0,2014-11-01,30.9,25.4,0.0,60.0,421.0,1227.0,459.0,0:00,29.0,18.0,58.0,17.0,1998.0,0.0,35.0,0.0,26.0,290.0,3289.0,0.0,23.0,97.0
305,305,0.0,2014-11-02,31.2,24.7,0.0,93.0,340.0,1211.0,493.0,0:00,26.0,14.0,69.0,16.0,2045.0,0.0,30.0,0.0,32.0,342.0,3312.0,0.0,58.0,102.0
306,306,0.0,2014-11-03,23.8,5.4,0.0,74.0,470.0,1973.0,592.0,0:00,19.0,23.0,107.0,24.0,2226.0,0.0,39.0,0.0,48.0,455.0,4257.0,0.0,45.0,83.0
307,307,0.0,2014-11-04,26.4,18.5,0.0,92.0,422.0,2257.0,550.0,0:00,17.0,21.0,109.0,26.0,2725.0,0.0,30.0,0.0,59.0,455.0,5029.0,0.0,69.0,102.0
308,308,0.0,2014-11-05,27.0,25.1,0.0,89.0,483.0,2276.0,581.0,0:00,12.0,27.0,137.0,22.0,2616.0,0.0,37.0,0.0,57.0,458.0,4941.0,0.0,79.0,98.0
309,309,0.0,2014-11-06,28.4,27.1,0.0,81.0,336.0,2089.0,410.0,0:00,29.0,24.0,117.0,33.0,2368.0,0.0,45.0,0.0,44.0,439.0,4531.0,0.0,88.0,85.0
310,310,9.2,2014-11-07,29.1,23.3,0.0,97.0,346.0,1900.0,410.0,0:00,16.0,36.0,121.0,30.0,2427.0,0.0,27.0,0.0,39.0,459.0,4370.0,0.0,202.0,96.0
311,311,0.0,2014-11-08,29.1,29.3,0.0,65.0,379.0,1272.0,555.0,0:00,33.0,21.0,63.0,22.0,2136.0,0.0,29.0,0.0,23.0,340.0,3470.0,0.0,191.0,71.0
312,312,0.0,2014-11-09,28.5,30.0,0.0,95.0,443.0,1404.0,509.0,0:00,27.0,21.0,72.0,22.0,2272.0,0.0,28.0,0.0,25.0,353.0,3731.0,0.0,201.0,103.0
313,313,0.0,2014-11-10,29.2,27.4,0.0,96.0,429.0,2081.0,490.0,0:00,26.0,21.0,120.0,20.0,2259.0,0.0,30.0,0.0,48.0,458.0,4396.0,0.0,84.0,102.0
314,314,0.0,2014-11-11,29.9,27.9,0.0,108.0,372.0,2125.0,462.0,0:00,34.0,33.0,131.0,20.0,2597.0,0.0,30.0,0.0,60.0,513.0,4786.0,0.0,92.0,109.0
315,315,0.0,2014-11-12,28.3,17.2,0.0,102.0,303.0,1987.0,453.0,0:00,12.0,28.0,114.0,18.0,2397.0,0.0,28.0,0.0,56.0,499.0,4424.0,0.0,56.0,95.0
316,316,9.2,2014-11-13,28.6,21.5,0.0,63.0,267.0,1367.0,331.0,0:00,16.0,44.0,115.0,17.0,1588.0,0.0,26.0,0.0,36.0,358.0,2997.0,0.0,57.0,55.0
317,317,0.2,2014-11-14,30.0,28.6,0.0,69.0,286.0,1157.0,293.0,0:00,65.0,23.0,68.0,29.0,1719.0,0.0,21.0,0.0,38.0,272.0,2962.0,0.0,41.0,70.0
318,318,0.0,2014-11-15,32.2,28.5,0.0,48.0,234.0,936.0,289.0,0:00,47.0,9.0,54.0,15.0,1354.0,0.0,19.0,0.0,8.0,218.0,2356.0,0.0,12.0,55.0
319,319,0.0,2014-11-16,38.9,24.3,0.0,37.0,186.0,781.0,280.0,0:00,14.0,12.0,36.0,14.0,1313.0,0.0,16.0,0.0,7.0,223.0,2124.0,0.0,106.0,49.0
320,320,0.0,2014-11-17,30.3,26.9,0.0,70.0,275.0,1864.0,388.0,0:00,53.0,22.0,119.0,21.0,2063.0,0.0,34.0,0.0,44.0,415.0,4014.0,0.0,52.0,75.0
321,321,2.6,2014-11-18,28.3,13.1,0.0,77.0,315.0,1624.0,419.0,0:00,14.0,24.0,93.0,21.0,1926.0,0.0,33.0,0.0,32.0,338.0,3597.0,0.0,48.0,83.0
322,322,13.8,2014-11-19,30.0,12.0,0.0,73.0,263.0,1701.0,359.0,0:00,41.0,20.0,100.0,20.0,2001.0,0.0,41.0,0.0,35.0,317.0,3784.0,0.0,36.0,69.0
323,323,56.0,2014-11-20,28.9,21.8,0.0,51.0,341.0,1773.0,438.0,0:00,15.0,31.0,103.0,32.0,2285.0,0.0,32.0,0.0,50.0,416.0,4105.0,0.0,69.0,65.0
324,324,0.0,2014-11-21,30.4,26.6,0.0,81.0,266.0,1667.0,334.0,0:00,38.0,23.0,109.0,29.0,2346.0,0.0,49.0,0.0,21.0,356.0,4100.0,0.0,32.0,84.0
325,325,0.0,2014-11-22,31.5,27.7,0.0,54.0,53.0,1116.0,22.0,0:00,21.0,16.0,69.0,15.0,1898.0,0.0,20.0,0.0,21.0,6.0,3055.0,0.0,25.0,85.0
326,326,0.0,2014-11-23,30.4,28.5,0.0,66.0,0.0,1243.0,0.0,0:00,66.0,16.0,48.0,12.0,2015.0,0.0,22.0,0.0,19.0,0.0,3346.0,0.0,22.0,65.0
327,327,0.0,2014-11-24,30.5,29.3,0.0,87.0,1.0,2045.0,0.0,0:00,104.0,24.0,138.0,27.0,2313.0,0.0,45.0,0.0,37.0,0.0,4507.0,0.0,53.0,95.0
328,328,0.0,2014-11-25,31.1,29.4,0.0,110.0,2.0,2161.0,2.0,0:00,61.0,34.0,181.0,28.0,2801.0,0.0,35.0,0.0,36.0,1.0,5058.0,0.0,78.0,123.0
329,329,3.6,2014-11-26,29.1,16.0,0.0,91.0,5.0,1801.0,4.0,0:00,19.0,31.0,102.0,27.0,2063.0,0.0,38.0,0.0,42.0,3.0,3921.0,0.0,43.0,92.0
330,330,3.0,2014-11-27,32.0,23.4,0.0,78.0,2.0,1927.0,26.0,0:00,96.0,18.0,114.0,24.0,2251.0,0.0,115.0,0.0,32.0,7.0,4389.0,0.0,122.0,91.0
331,331,43.4,2014-11-28,27.4,15.1,0.0,61.0,12.0,1008.0,8.0,0:00,21.0,14.0,65.0,17.0,1192.0,0.0,40.0,0.0,31.0,3.0,2261.0,0.0,54.0,70.0
332,332,1.0,2014-11-29,27.3,30.2,0.0,62.0,0.0,1067.0,0.0,0:00,45.0,16.0,67.0,12.0,1723.0,0.0,25.0,0.0,28.0,0.0,2860.0,0.0,102.0,69.0
333,333,0.0,2014-11-30,27.8,29.3,0.0,90.0,4.0,1279.0,0.0,0:00,49.0,24.0,67.0,26.0,2115.0,0.0,26.0,0.0,19.0,0.0,3469.0,0.0,84.0,101.0
334,334,0.0,2014-12-01,28.4,27.2,0.0,71.0,5.0,1946.0,0.0,0:00,11.0,24.0,154.0,22.0,2376.0,0.0,36.0,0.0,42.0,0.0,4369.0,0.0,67.0,86.0
335,335,0.0,2014-12-02,29.1,17.1,0.0,69.0,0.0,0.0,0.0,0:00,12.0,25.0,149.0,33.0,0.0,0.0,29.0,0.0,43.0,3.0,41.0,0.0,55.0,74.0
336,336,0.2,2014-12-03,29.8,28.6,0.0,103.0,9.0,0.0,4.0,0:00,59.0,33.0,157.0,35.0,0.0,0.0,42.0,0.0,36.0,3.0,101.0,0.0,59.0,103.0
337,337,0.0,2014-12-04,30.3,27.7,0.0,81.0,1.0,0.0,3.0,0:00,32.0,35.0,150.0,29.0,0.0,0.0,42.0,0.0,43.0,1.0,74.0,0.0,51.0,75.0
338,338,0.0,2014-12-05,30.0,17.3,0.0,61.0,0.0,0.0,1.0,0:00,22.0,24.0,88.0,23.0,0.0,0.0,35.0,0.0,25.0,4.0,57.0,0.0,35.0,72.0
339,339,11.6,2014-12-06,28.4,11.2,0.0,44.0,172.0,0.0,111.0,0:00,12.0,13.0,22.0,12.0,0.0,0.0,14.0,0.0,12.0,43.0,26.0,0.0,16.0,39.0
340,340,1.4,2014-12-07,30.3,25.6,0.0,54.0,371.0,0.0,284.0,0:00,20.0,17.0,40.0,22.0,0.0,0.0,38.0,0.0,13.0,190.0,58.0,0.0,80.0,72.0
341,341,0.0,2014-12-08,30.4,11.4,0.0,64.0,208.0,0.0,253.0,0:00,15.0,27.0,100.0,29.0,0.0,0.0,39.0,0.0,21.0,215.0,54.0,0.0,32.0,71.0
342,342,25.2,2014-12-09,33.2,22.2,0.0,97.0,162.0,0.0,329.0,0:00,15.0,34.0,124.0,25.0,0.0,0.0,45.0,0.0,34.0,293.0,60.0,0.0,75.0,90.0
343,343,0.6,2014-12-10,29.9,23.2,0.0,86.0,171.0,0.0,302.0,0:00,18.0,26.0,105.0,26.0,0.0,0.0,51.0,0.0,38.0,321.0,69.0,0.0,52.0,92.0
344,344,0.0,2014-12-11,32.2,10.0,0.0,61.0,142.0,0.0,233.0,0:00,25.0,19.0,107.0,24.0,0.0,0.0,24.0,0.0,23.0,239.0,49.0,0.0,40.0,63.0
345,345,27.0,2014-12-12,24.7,7.4,0.0,41.0,236.0,0.0,333.0,0:00,7.0,18.0,59.0,22.0,0.0,0.0,30.0,0.0,36.0,216.0,37.0,0.0,54.0,44.0
346,346,3.8,2014-12-13,24.9,8.0,0.0,47.0,372.0,0.0,411.0,0:00,16.0,31.0,40.0,16.0,0.0,0.0,29.0,0.0,20.0,163.0,45.0,0.0,19.0,50.0
347,347,0.0,2014-12-14,26.3,13.6,0.0,58.0,355.0,0.0,448.0,0:00,15.0,23.0,57.0,22.0,0.0,0.0,18.0,0.0,30.0,279.0,33.0,0.0,59.0,72.0
348,348,0.0,2014-12-15,28.8,31.1,0.0,89.0,179.0,0.0,371.0,0:00,14.0,30.0,124.0,36.0,0.0,0.0,41.0,0.0,48.0,380.0,55.0,0.0,117.0,92.0
349,349,0.0,2014-12-16,30.0,30.0,0.0,97.0,274.0,0.0,361.0,0:00,31.0,36.0,148.0,32.0,0.0,0.0,34.0,0.0,45.0,393.0,65.0,0.0,67.0,106.0
350,350,0.0,2014-12-17,35.0,30.9,0.0,75.0,157.0,0.0,294.0,0:00,21.0,28.0,110.0,30.0,0.0,0.0,40.0,0.0,27.0,317.0,61.0,0.0,79.0,82.0
351,351,1.2,2014-12-18,32.4,23.5,0.0,69.0,132.0,0.0,238.0,0:00,28.0,19.0,95.0,25.0,0.0,0.0,41.0,0.0,27.0,261.0,69.0,0.0,120.0,65.0
352,352,16.8,2014-12-19,34.7,29.3,0.0,50.0,157.0,0.0,285.0,0:00,12.0,34.0,66.0,28.0,0.0,0.0,37.0,0.0,22.0,258.0,49.0,0.0,210.0,50.0
353,353,0.0,2014-12-20,29.1,20.3,0.0,70.0,244.0,0.0,346.0,0:00,75.0,42.0,43.0,16.0,0.0,0.0,74.0,0.0,20.0,160.0,149.0,0.0,66.0,62.0
354,354,0.0,2014-12-21,29.3,20.5,0.0,62.0,248.0,0.0,359.0,0:00,76.0,27.0,73.0,15.0,0.0,0.0,71.0,0.0,22.0,225.0,147.0,0.0,39.0,69.0
355,355,0.0,2014-12-22,28.5,28.0,0.0,61.0,175.0,90.0,299.0,0:00,109.0,22.0,77.0,14.0,219.0,0.0,110.0,0.0,52.0,279.0,528.0,0.0,86.0,71.0
356,356,0.0,2014-12-23,28.8,24.8,0.0,59.0,152.0,2047.0,270.0,0:00,82.0,19.0,72.0,22.0,0.0,0.0,92.0,0.0,45.0,236.0,2221.0,0.0,69.0,76.0
357,357,0.0,2014-12-24,30.3,29.9,0.0,63.0,151.0,0.0,207.0,0:00,79.0,17.0,56.0,19.0,2.0,0.0,76.0,0.0,15.0,194.0,157.0,0.0,55.0,70.0
358,358,0.0,2014-12-25,30.2,24.0,0.0,25.0,117.0,0.0,155.0,0:00,83.0,10.0,19.0,10.0,0.0,0.0,90.0,0.0,25.0,105.0,173.0,0.0,36.0,23.0
359,359,0.0,2014-12-26,31.7,16.1,0.0,47.0,154.0,0.0,203.0,0:00,97.0,16.0,48.0,16.0,0.0,0.0,111.0,0.0,13.0,148.0,208.0,0.0,26.0,52.0
360,360,7.2,2014-12-27,23.4,3.5,0.0,11.0,110.0,0.0,170.0,0:00,46.0,8.0,13.0,10.0,0.0,0.0,49.0,0.0,17.0,26.0,95.0,0.0,3.0,11.0
361,361,22.4,2014-12-28,27.0,6.6,0.0,19.0,235.0,0.0,372.0,0:00,92.0,14.0,34.0,10.0,0.0,0.0,96.0,0.0,3.0,94.0,188.0,0.0,2.0,25.0
362,362,6.0,2014-12-29,29.9,13.7,0.0,41.0,191.0,0.0,255.0,0:00,161.0,18.0,52.0,16.0,0.0,0.0,126.0,0.0,0.0,180.0,287.0,0.0,0.0,43.0
363,363,1.0,2014-12-30,35.5,29.9,0.0,49.0,162.0,0.0,295.0,0:00,304.0,19.0,66.0,21.0,0.0,0.0,147.0,0.0,0.0,216.0,451.0,0.0,0.0,62.0
364,364,0.0,2014-12-31,33.9,26.7,0.0,63.0,218.0,0.0,272.0,0:00,159.0,25.0,57.0,14.0,0.0,0.0,106.0,0.0,0.0,156.0,265.0,0.0,12.0,86.0
365,365,12.2,2015-01-01,31.3,23.4,0.0,30.0,425.0,0.0,395.0,0:00,154.0,18.0,43.0,25.0,0.0,0.0,144.0,0.0,0.0,170.0,298.0,0.0,1.0,40.0
366,366,0.2,2015-01-02,30.5,23.2,0.0,65.0,161.0,0.0,250.0,0:00,110.0,26.0,64.0,17.0,0.0,0.0,108.0,0.0,0.0,224.0,218.0,0.0,0.0,64.0
367,367,1.2,2015-01-03,28.9,11.7,0.0,42.0,198.0,0.0,384.0,0:00,147.0,14.0,59.0,15.0,1.0,0.0,141.0,0.0,0.0,196.0,289.0,0.0,0.0,73.0
368,368,16.8,2015-01-04,30.2,24.8,0.0,69.0,330.0,0.0,484.0,0:00,324.0,25.0,55.0,15.0,0.0,0.0,173.0,0.0,0.0,311.0,497.0,0.0,0.0,84.0
369,369,0.0,2015-01-05,28.1,10.9,0.0,71.0,234.0,0.0,359.0,0:00,111.0,26.0,113.0,23.0,0.0,0.0,164.0,0.0,0.0,279.0,275.0,0.0,0.0,67.0
370,370,21.6,2015-01-06,29.5,28.3,0.0,68.0,283.0,0.0,407.0,0:00,420.0,31.0,107.0,21.0,0.0,0.0,222.0,0.0,0.0,364.0,642.0,0.0,0.0,64.0
371,371,0.0,2015-01-07,27.1,14.6,0.0,83.0,326.0,0.0,451.0,0:00,428.0,51.0,136.0,28.0,1.0,0.0,230.0,0.0,0.0,392.0,659.0,0.0,0.0,82.0
372,372,1.8,2015-01-08,28.4,15.7,0.0,81.0,268.0,0.0,437.0,0:00,246.0,37.0,119.0,38.0,0.0,0.0,216.0,0.0,0.0,333.0,462.0,0.0,0.0,78.0
373,373,3.6,2015-01-09,29.5,25.7,0.0,78.0,240.0,0.0,367.0,0:00,1013.0,28.0,123.0,24.0,0.0,0.0,212.0,0.0,0.0,342.0,1225.0,0.0,6.0,88.0
374,374,0.0,2015-01-10,30.2,28.0,0.0,88.0,262.0,0.0,416.0,0:00,238.0,16.0,64.0,12.0,0.0,0.0,187.0,0.0,0.0,252.0,425.0,0.0,0.0,113.0
375,375,0.0,2015-01-11,28.2,9.8,0.0,64.0,322.0,0.0,447.0,0:00,213.0,21.0,61.0,21.0,0.0,0.0,214.0,0.0,3.0,236.0,427.0,0.0,60.0,76.0
376,376,14.6,2015-01-12,30.4,10.0,0.0,74.0,340.0,0.0,431.0,0:00,224.0,30.0,124.0,30.0,0.0,0.0,266.0,0.0,0.0,319.0,490.0,0.0,0.0,77.0
377,377,38.6,2015-01-13,28.4,11.8,0.0,73.0,293.0,0.0,403.0,0:00,209.0,28.0,130.0,28.0,0.0,0.0,320.0,0.0,0.0,366.0,529.0,0.0,0.0,105.0
378,378,0.2,2015-01-14,30.3,13.1,0.0,78.0,285.0,0.0,390.0,0:00,218.0,19.0,113.0,23.0,0.0,0.0,265.0,0.0,0.0,383.0,483.0,0.0,0.0,79.0
380,380,0.0,2015-01-16,32.5,30.8,0.0,64.0,167.0,0.0,337.0,0:00,232.0,23.0,120.0,29.0,0.0,0.0,195.0,0.0,0.0,301.0,427.0,0.0,0.0,77.0
381,381,0.0,2015-01-17,35.3,27.3,0.0,58.0,229.0,256.0,348.0,0:00,198.0,23.0,59.0,13.0,0.0,0.0,155.0,0.0,0.0,196.0,609.0,0.0,0.0,80.0
382,382,0.0,2015-01-18,36.7,28.3,0.0,102.0,243.0,0.0,360.0,0:00,275.0,47.0,43.0,25.0,0.0,0.0,160.0,0.0,0.0,197.0,435.0,0.0,0.0,114.0
383,383,0.0,2015-01-19,31.8,24.3,0.0,74.0,196.0,0.0,342.0,0:00,313.0,31.0,130.0,25.0,0.0,0.0,273.0,0.0,0.0,326.0,586.0,0.0,0.0,83.0
384,384,35.8,2015-01-20,29.2,21.4,0.0,75.0,309.0,5632.0,430.0,0:00,298.0,40.0,125.0,23.0,0.0,0.0,350.0,0.0,0.0,395.0,6280.0,0.0,0.0,89.0
385,385,0.2,2015-01-21,30.0,24.4,0.0,79.0,267.0,4224.0,431.0,0:00,346.0,24.0,124.0,30.0,0.0,0.0,310.0,0.0,0.0,348.0,4880.0,0.0,0.0,90.0
386,386,1.0,2015-01-22,28.6,10.6,0.0,59.0,260.0,4224.0,352.0,0:00,191.0,28.0,106.0,18.0,0.0,0.0,252.0,0.0,0.0,322.0,4667.0,0.0,0.0,74.0
387,387,100.4,2015-01-23,24.8,2.6,0.0,6.0,84.0,8960.0,98.0,0:00,32.0,5.0,24.0,3.0,128.0,0.0,20.0,0.0,0.0,74.0,9140.0,0.0,0.0,15.0
388,388,65.2,2015-01-24,30.8,17.1,0.0,21.0,200.0,7424.0,347.0,0:00,210.0,15.0,36.0,9.0,0.0,0.0,222.0,0.0,0.0,126.0,7856.0,0.0,0.0,36.0
389,389,0.0,2015-01-25,36.7,28.1,0.0,91.0,285.0,4992.0,351.0,0:00,807.0,29.0,65.0,16.0,0.0,0.0,252.0,0.0,0.0,245.0,6051.0,0.0,0.0,98.0
390,390,0.0,2015-01-26,33.1,24.4,0.0,42.0,267.0,3584.0,343.0,0:00,489.0,54.0,54.0,16.0,0.0,0.0,159.0,0.0,0.0,189.0,4232.0,0.0,0.0,62.0
391,391,0.0,2015-01-27,30.2,21.0,0.0,76.0,202.0,1920.0,306.0,0:00,587.0,47.0,137.0,22.0,0.0,0.0,365.0,0.0,0.0,348.0,2872.0,0.0,0.0,89.0
392,392,5.2,2015-01-28,28.1,9.9,0.0,80.0,368.0,12288.0,454.0,0:00,248.0,48.0,104.0,28.0,0.0,0.0,341.0,0.0,0.0,270.0,12877.0,0.0,0.0,74.0
393,393,0.0,2015-01-29,28.9,22.4,0.0,94.0,282.0,8064.0,466.0,0:00,536.0,36.0,146.0,30.0,0.0,0.0,405.0,0.0,0.0,437.0,9005.0,0.0,0.0,104.0
394,394,3.8,2015-01-30,29.0,26.8,0.0,97.0,282.0,6784.0,344.0,0:00,438.0,35.0,116.0,30.0,0.0,0.0,290.0,0.0,0.0,384.0,7512.0,0.0,0.0,100.0
395,395,0.0,2015-01-31,31.8,29.1,0.0,66.0,323.0,6016.0,464.0,0:00,599.0,26.0,77.0,19.0,0.0,0.0,234.0,0.0,0.0,234.0,6849.0,0.0,0.0,87.0
396,396,17.2,2015-02-01,34.4,30.3,0.0,50.0,372.0,4224.0,474.0,0:00,735.0,21.0,66.0,17.0,0.0,0.0,376.0,0.0,0.0,300.0,5335.0,0.0,0.0,78.0
397,397,0.0,2015-02-02,29.6,26.2,0.0,84.0,311.0,1664.0,435.0,0:00,1180.0,31.0,148.0,28.0,0.0,0.0,440.0,0.0,0.0,370.0,3284.0,0.0,0.0,89.0
400,400,0.0,2015-02-05,29.2,26.7,0.0,88.0,330.0,6912.0,510.0,0:00,717.0,25.0,150.0,23.0,0.0,0.0,431.0,0.0,0.0,436.0,8060.0,0.0,0.0,99.0
401,401,2.8,2015-02-06,28.3,26.5,1.0,62.0,299.0,5452.0,425.0,0:00,522.0,63.0,116.0,26.0,1409.0,181.0,441.0,0.0,0.0,293.0,7824.0,202.0,0.0,75.0
402,402,0.2,2015-02-07,29.3,20.1,0.0,76.0,362.0,1316.0,577.0,0:00,315.0,26.0,91.0,19.0,2326.0,283.0,300.0,0.0,0.0,278.0,4257.0,320.0,0.0,97.0
403,403,0.2,2015-02-08,29.9,25.7,0.0,65.0,419.0,1514.0,544.0,0:00,352.0,23.0,81.0,25.0,2714.0,297.0,376.0,0.0,0.0,311.0,4956.0,336.0,0.0,124.0
404,404,0.0,2015-02-09,30.3,25.7,0.0,97.0,305.0,2056.0,504.0,0:00,376.0,51.0,158.0,38.0,2298.0,467.0,502.0,0.0,0.0,413.0,5232.0,515.0,0.0,105.0
405,405,5.2,2015-02-10,29.0,23.0,0.0,84.0,340.0,2040.0,506.0,0:00,382.0,68.0,141.0,39.0,2610.0,426.0,463.0,0.0,0.0,361.0,5495.0,464.0,0.0,89.0
406,406,12.2,2015-02-11,28.9,21.9,0.0,68.0,257.0,1337.0,397.0,0:00,330.0,151.0,113.0,30.0,1582.0,305.0,400.0,0.0,0.0,303.0,3649.0,343.0,0.0,74.0
407,407,8.4,2015-02-12,28.9,18.6,0.0,99.0,311.0,2068.0,445.0,0:00,381.0,50.0,149.0,39.0,2699.0,483.0,442.0,0.0,0.0,415.0,5590.0,522.0,0.0,96.0
408,408,1.6,2015-02-13,29.6,22.8,0.0,84.0,257.0,1749.0,353.0,0:00,323.0,62.0,120.0,33.0,2340.0,366.0,312.0,0.0,0.0,353.0,4724.0,414.0,0.0,93.0
409,409,0.4,2015-02-14,29.0,24.2,0.0,70.0,291.0,1290.0,439.0,0:00,370.0,36.0,71.0,10.0,2219.0,250.0,361.0,0.0,0.0,264.0,4240.0,291.0,0.0,86.0
410,410,0.2,2015-02-15,28.8,19.3,0.0,80.0,432.0,1399.0,552.0,0:00,420.0,33.0,88.0,34.0,2265.0,230.0,415.0,0.0,0.0,330.0,4499.0,270.0,0.0,112.0
411,411,0.4,2015-02-16,29.4,25.3,0.0,90.0,311.0,2016.0,519.0,0:00,388.0,25.0,142.0,28.0,2453.0,482.0,496.0,0.0,0.0,387.0,5353.0,520.0,0.0,108.0
412,412,0.4,2015-02-17,29.1,20.7,0.0,110.0,357.0,2384.0,556.0,0:00,483.0,31.0,165.0,27.0,3011.0,524.0,543.0,0.0,0.0,420.0,6421.0,573.0,0.0,122.0
413,413,0.2,2015-02-18,29.2,16.4,0.0,82.0,319.0,2051.0,398.0,0:00,357.0,20.0,137.0,21.0,2420.0,443.0,346.0,0.0,0.0,307.0,5174.0,472.0,0.0,86.0
414,414,4.6,2015-02-19,26.8,6.5,0.0,35.0,188.0,995.0,299.0,0:00,216.0,16.0,80.0,17.0,1201.0,223.0,210.0,0.0,0.0,213.0,2622.0,269.0,0.0,37.0
415,415,54.0,2015-02-20,22.6,2.6,0.0,8.0,85.0,329.0,88.0,0:00,69.0,9.0,34.0,15.0,349.0,66.0,61.0,0.0,0.0,70.0,808.0,100.0,0.0,17.0
416,416,89.2,2015-02-21,27.3,3.1,0.0,7.0,159.0,85.0,189.0,0:00,139.0,11.0,15.0,13.0,111.0,7.0,139.0,0.0,0.0,33.0,474.0,36.0,0.0,4.0
417,417,68.4,2015-02-22,31.4,19.0,0.0,51.0,462.0,1359.0,635.0,0:00,635.0,33.0,50.0,25.0,2367.0,252.0,541.0,0.0,0.0,272.0,4902.0,301.0,0.0,52.0
418,418,4.4,2015-02-23,30.6,22.8,0.0,70.0,259.0,1789.0,456.0,0:00,425.0,30.0,133.0,24.0,2088.0,336.0,547.0,0.0,0.0,341.0,4849.0,379.0,0.0,78.0
419,419,0.4,2015-02-24,30.8,20.3,0.0,89.0,294.0,2467.0,438.0,0:00,446.0,33.0,155.0,30.0,3044.0,491.0,570.0,0.0,0.0,400.0,6527.0,532.0,0.0,100.0
420,420,0.0,2015-02-25,29.8,21.6,0.0,88.0,308.0,2219.0,429.0,0:00,404.0,32.0,157.0,26.0,2757.0,478.0,493.0,0.0,0.0,382.0,5873.0,521.0,0.0,85.0
421,421,0.2,2015-02-26,29.8,19.7,0.0,99.0,314.0,2130.0,421.0,0:00,425.0,47.0,167.0,28.0,2731.0,469.0,472.0,0.0,0.0,388.0,5758.0,517.0,0.0,99.0
422,422,1.8,2015-02-27,30.2,20.1,0.0,47.0,229.0,1151.0,328.0,0:00,390.0,24.0,83.0,17.0,1428.0,273.0,330.0,0.0,0.0,261.0,3299.0,319.0,0.0,58.0
423,423,0.2,2015-02-28,30.1,21.2,0.0,54.0,421.0,1219.0,485.0,0:00,406.0,16.0,63.0,14.0,2235.0,233.0,396.0,0.0,0.0,225.0,4256.0,279.0,0.0,61.0
424,424,0.0,2015-03-01,31.3,25.3,0.0,92.0,381.0,1499.0,485.0,0:00,487.0,24.0,83.0,29.0,2485.0,253.0,439.0,0.0,0.0,316.0,4910.0,281.0,0.0,97.0
425,425,0.0,2015-03-02,31.6,20.1,0.0,86.0,268.0,2095.0,434.0,0:00,454.0,35.0,161.0,29.0,2434.0,422.0,539.0,0.0,0.0,392.0,5522.0,460.0,0.0,93.0
426,426,0.0,2015-03-03,30.6,26.0,0.0,102.0,262.0,2408.0,383.0,0:00,439.0,33.0,155.0,24.0,3101.0,503.0,538.0,0.0,0.0,392.0,6486.0,546.0,0.0,115.0
427,427,0.0,2015-03-04,30.5,25.4,0.0,93.0,295.0,2390.0,381.0,0:00,440.0,45.0,161.0,41.0,2905.0,518.0,514.0,0.0,0.0,422.0,6249.0,563.0,0.0,95.0
428,428,0.0,2015-03-05,36.1,24.9,0.0,78.0,167.0,2068.0,312.0,0:00,348.0,30.0,159.0,27.0,2554.0,427.0,399.0,0.0,0.0,383.0,5369.0,470.0,0.0,89.0
429,429,0.0,2015-03-06,28.6,18.1,0.0,81.0,225.0,1819.0,309.0,0:00,325.0,31.0,120.0,33.0,2431.0,423.0,350.0,0.0,0.0,325.0,4925.0,461.0,0.0,82.0
430,430,0.0,2015-03-07,30.2,23.5,0.0,52.0,326.0,1352.0,432.0,0:00,390.0,64.0,78.0,20.0,2106.0,243.0,409.0,0.0,0.0,232.0,4257.0,279.0,0.0,95.0
431,431,0.0,2015-03-08,30.9,25.0,0.0,89.0,316.0,1519.0,373.0,0:00,398.0,44.0,64.0,27.0,2291.0,255.0,461.0,0.0,0.0,291.0,4669.0,301.0,0.0,96.0
432,432,0.0,2015-03-09,31.6,22.5,0.0,72.0,212.0,2244.0,369.0,0:00,454.0,36.0,155.0,34.0,2485.0,453.0,577.0,0.0,0.0,395.0,5760.0,493.0,0.0,101.0
433,433,0.0,2015-03-10,30.6,21.9,0.0,107.0,238.0,2362.0,479.0,0:00,451.0,39.0,173.0,29.0,3081.0,493.0,558.0,0.0,0.0,413.0,6452.0,538.0,0.0,116.0
434,434,0.0,2015-03-11,30.1,17.3,0.0,100.0,250.0,2280.0,407.0,0:00,422.0,28.0,159.0,28.0,2805.0,505.0,505.0,0.0,0.0,413.0,6012.0,542.0,0.0,100.0
435,435,0.0,2015-03-12,29.9,21.6,0.0,103.0,251.0,2157.0,442.0,0:00,444.0,31.0,155.0,40.0,2723.0,483.0,508.0,0.0,0.0,383.0,5832.0,534.0,0.0,115.0
436,436,0.0,2015-03-13,29.5,22.0,0.0,65.0,240.0,1889.0,399.0,0:00,357.0,23.0,129.0,17.0,2463.0,382.0,390.0,0.0,0.0,320.0,5099.0,426.0,0.0,72.0
437,437,0.0,2015-03-14,28.8,21.2,0.0,63.0,285.0,1222.0,480.0,0:00,417.0,31.0,86.0,17.0,2044.0,224.0,484.0,0.0,0.0,259.0,4167.0,279.0,0.0,90.0
438,438,0.0,2015-03-15,32.3,20.9,0.0,82.0,337.0,1447.0,489.0,0:00,0.0,25.0,82.0,23.0,2376.0,262.0,0.0,0.0,0.0,333.0,3823.0,299.0,0.0,103.0
439,439,0.0,2015-03-16,28.5,21.8,0.0,93.0,280.0,2080.0,444.0,0:00,0.0,42.0,162.0,35.0,2551.0,481.0,0.0,0.0,0.0,368.0,4631.0,529.0,0.0,83.0
440,440,0.0,2015-03-17,28.8,17.7,0.0,99.0,324.0,1666.0,444.0,0:00,0.0,28.0,170.0,23.0,3258.0,518.0,0.0,0.0,0.0,413.0,4924.0,559.0,0.0,105.0
441,441,0.0,2015-03-18,28.9,12.7,0.0,95.0,344.0,3722.0,429.0,0:00,0.0,29.0,142.0,21.0,2786.0,480.0,0.0,0.0,0.0,352.0,6508.0,527.0,0.0,106.0
442,442,7.6,2015-03-19,33.5,23.5,0.0,95.0,204.0,3312.0,375.0,0:00,0.0,37.0,137.0,48.0,2853.0,482.0,0.0,0.0,0.0,405.0,6165.0,524.0,0.0,101.0
443,443,0.0,2015-03-20,32.4,20.7,0.0,69.0,219.0,1764.0,300.0,0:00,0.0,24.0,107.0,22.0,2351.0,378.0,0.0,0.0,0.0,291.0,4115.0,424.0,0.0,77.0
444,444,0.2,2015-03-21,30.3,4.3,0.0,45.0,219.0,6827.0,352.0,0:00,0.0,16.0,39.0,10.0,1643.0,175.0,0.0,0.0,0.0,168.0,8470.0,214.0,0.0,59.0
445,445,68.0,2015-03-22,26.3,7.6,0.0,54.0,264.0,867.0,390.0,0:00,0.0,32.0,48.0,15.0,1282.0,114.0,0.0,0.0,0.0,155.0,2149.0,155.0,0.0,64.0
446,446,81.8,2015-03-23,28.3,17.7,0.0,54.0,317.0,1598.0,405.0,0:00,0.0,37.0,124.0,33.0,1794.0,345.0,0.0,0.0,0.0,276.0,3392.0,396.0,0.0,61.0
447,447,0.0,2015-03-24,30.5,20.3,0.0,92.0,312.0,2376.0,432.0,0:00,0.0,49.0,166.0,41.0,3060.0,494.0,0.0,0.0,0.0,442.0,5436.0,538.0,0.0,109.0
448,448,0.0,2015-03-25,31.7,21.7,0.0,83.0,253.0,2187.0,376.0,0:00,0.0,34.0,148.0,34.0,2924.0,444.0,0.0,0.0,0.0,412.0,5111.0,493.0,0.0,85.0
449,449,3.8,2015-03-26,30.7,17.2,0.0,57.0,257.0,1753.0,288.0,0:00,0.0,23.0,135.0,32.0,2151.0,395.0,0.0,0.0,0.0,353.0,3904.0,425.0,0.0,73.0
450,450,0.0,2015-03-27,31.1,17.9,0.0,78.0,212.0,1825.0,315.0,0:00,0.0,39.0,107.0,32.0,2429.0,374.0,0.0,0.0,0.0,326.0,4254.0,417.0,0.0,85.0
451,451,0.0,2015-03-28,28.5,15.0,0.0,50.0,352.0,1171.0,473.0,0:00,0.0,14.0,61.0,12.0,2027.0,204.0,0.0,0.0,0.0,251.0,3198.0,247.0,0.0,58.0
452,452,0.0,2015-03-29,28.5,20.4,0.0,79.0,379.0,1430.0,441.0,0:00,0.0,22.0,67.0,22.0,2315.0,227.0,0.0,0.0,0.0,282.0,3745.0,266.0,0.0,84.0
453,453,0.0,2015-03-30,28.1,13.8,0.0,76.0,340.0,2022.0,441.0,0:00,0.0,28.0,145.0,29.0,2426.0,449.0,0.0,0.0,0.0,371.0,4448.0,495.0,0.0,79.0
454,454,0.0,2015-03-31,26.1,10.3,0.0,86.0,351.0,2168.0,473.0,0:00,0.0,37.0,151.0,43.0,2771.0,444.0,0.0,0.0,0.0,371.0,4939.0,487.0,0.0,87.0
455,455,68.2,2015-04-01,24.8,7.4,0.0,9.0,226.0,735.0,269.0,0:00,0.0,15.0,57.0,15.0,731.0,130.0,0.0,0.0,0.0,149.0,1466.0,169.0,0.0,16.0
456,456,8.8,2015-04-02,26.7,14.3,0.0,43.0,189.0,1302.0,244.0,0:00,0.0,19.0,86.0,14.0,1487.0,266.0,0.0,0.0,0.0,232.0,2789.0,308.0,0.0,41.0
457,457,38.4,2015-04-03,27.7,13.6,0.0,36.0,343.0,664.0,417.0,0:00,0.0,14.0,38.0,11.0,970.0,98.0,0.0,0.0,0.0,178.0,1634.0,136.0,0.0,28.0
458,458,0.4,2015-04-04,28.5,14.2,0.0,43.0,293.0,982.0,466.0,0:00,0.0,25.0,43.0,28.0,1595.0,163.0,0.0,0.0,0.0,197.0,2577.0,199.0,0.0,68.0
459,459,1.8,2015-04-05,28.5,17.2,0.0,44.0,424.0,883.0,528.0,0:00,0.0,23.0,56.0,19.0,1357.0,179.0,0.0,0.0,0.0,257.0,2240.0,219.0,0.0,55.0
461,461,0.0,2015-04-07,28.4,14.5,0.0,67.0,293.0,1819.0,410.0,0:00,0.0,32.0,145.0,35.0,2396.0,406.0,0.0,0.0,0.0,351.0,4215.0,442.0,0.0,73.0
462,462,0.0,2015-04-08,26.5,21.5,0.0,87.0,469.0,2080.0,528.0,0:00,0.0,36.0,126.0,44.0,2788.0,461.0,0.0,0.0,0.0,353.0,4868.0,508.0,0.0,90.0
463,463,0.0,2015-04-09,26.9,21.1,0.0,75.0,372.0,1937.0,452.0,0:00,0.0,33.0,152.0,24.0,2561.0,396.0,0.0,0.0,0.0,385.0,4498.0,439.0,0.0,73.0
464,464,0.0,2015-04-10,27.2,19.0,0.0,79.0,361.0,1726.0,423.0,0:00,0.0,32.0,118.0,27.0,2374.0,351.0,0.0,0.0,0.0,328.0,4100.0,389.0,0.0,75.0
465,465,0.0,2015-04-11,26.5,16.0,0.0,59.0,411.0,1215.0,566.0,0:00,0.0,26.0,72.0,26.0,2085.0,258.0,0.0,0.0,0.0,246.0,3300.0,305.0,0.0,82.0
466,466,0.0,2015-04-12,28.7,19.5,0.0,95.0,457.0,1662.0,656.0,0:00,0.0,35.0,64.0,36.0,2403.0,323.0,0.0,0.0,0.0,355.0,4065.0,364.0,0.0,103.0
467,467,0.0,2015-04-13,27.0,16.8,0.0,68.0,336.0,2166.0,512.0,0:00,0.0,44.0,137.0,31.0,2488.0,419.0,0.0,0.0,0.0,347.0,4654.0,457.0,0.0,72.0
468,468,0.0,2015-04-14,26.6,15.9,0.0,86.0,364.0,2306.0,509.0,0:00,0.0,34.0,159.0,29.0,2916.0,517.0,0.0,0.0,0.0,437.0,5222.0,557.0,0.0,95.0
469,469,0.0,2015-04-15,26.3,13.9,0.0,93.0,399.0,2256.0,524.0,0:00,0.0,36.0,151.0,37.0,2808.0,433.0,0.0,0.0,0.0,423.0,5064.0,476.0,0.0,103.0
470,470,0.2,2015-04-16,28.2,18.1,0.0,87.0,350.0,2112.0,559.0,0:00,0.0,61.0,166.0,42.0,2830.0,436.0,0.0,0.0,0.0,381.0,4942.0,468.0,0.0,82.0
471,471,0.0,2015-04-17,28.0,17.8,0.0,67.0,293.0,1942.0,448.0,0:00,0.0,34.0,120.0,24.0,2504.0,378.0,0.0,0.0,0.0,337.0,4446.0,417.0,0.0,80.0
472,472,3.4,2015-04-18,27.7,15.3,0.0,44.0,394.0,1584.0,555.0,0:00,0.0,27.0,73.0,21.0,2182.0,254.0,0.0,0.0,0.0,274.0,3766.0,295.0,0.0,69.0
473,473,0.4,2015-04-19,29.0,16.1,0.0,95.0,845.0,1536.0,506.0,0:00,0.0,39.0,72.0,30.0,2243.0,262.0,0.0,0.0,0.0,275.0,3779.0,303.0,0.0,106.0
474,474,14.6,2015-04-20,21.3,3.8,0.0,40.0,284.0,1132.0,334.0,0:00,0.0,33.0,113.0,40.0,1247.0,280.0,0.0,0.0,0.0,206.0,2379.0,323.0,0.0,46.0
475,475,2.0,2015-04-21,21.3,18.5,0.0,65.0,472.0,2189.0,635.0,0:00,0.0,44.0,151.0,53.0,2615.0,457.0,0.0,0.0,0.0,312.0,4804.0,497.0,0.0,84.0
476,476,0.2,2015-04-22,23.8,18.8,0.0,74.0,446.0,2248.0,520.0,0:00,0.0,27.0,164.0,25.0,2918.0,450.0,0.0,0.0,0.0,365.0,5166.0,489.0,0.0,95.0
477,477,0.0,2015-04-23,25.7,18.8,0.0,85.0,408.0,2136.0,541.0,0:00,0.0,29.0,167.0,28.0,2682.0,453.0,0.0,0.0,0.0,397.0,4818.0,494.0,0.0,94.0
478,478,0.0,2015-04-24,28.3,17.6,0.0,85.0,389.0,1855.0,474.0,0:00,0.0,27.0,137.0,20.0,2559.0,379.0,0.0,0.0,0.0,379.0,4414.0,413.0,0.0,81.0
479,479,0.0,2015-04-25,29.4,18.2,0.0,73.0,513.0,1520.0,559.0,0:00,0.0,19.0,73.0,20.0,2255.0,250.0,0.0,0.0,0.0,315.0,3775.0,296.0,0.0,92.0
480,480,0.0,2015-04-26,23.4,19.0,0.0,100.0,495.0,1238.0,727.0,0:00,0.0,33.0,49.0,27.0,2163.0,215.0,0.0,0.0,0.0,239.0,3401.0,258.0,22.0,81.0
481,481,0.0,2015-04-27,25.2,18.1,0.0,65.0,462.0,2048.0,507.0,0:00,0.0,37.0,157.0,32.0,2442.0,420.0,0.0,0.0,0.0,312.0,4490.0,462.0,0.0,74.0
482,482,0.0,2015-04-28,25.2,17.0,0.0,90.0,392.0,2283.0,552.0,0:00,0.0,36.0,176.0,36.0,2960.0,480.0,0.0,0.0,0.0,406.0,5243.0,531.0,0.0,111.0
484,484,7.8,2015-04-30,18.0,3.7,0.0,16.0,120.0,704.0,178.0,0:00,0.0,3.0,62.0,8.0,649.0,118.0,0.0,0.0,0.0,137.0,1353.0,164.0,0.0,20.0
485,485,56.2,2015-05-01,21.0,3.7,0.0,7.0,56.0,411.0,102.0,0:00,0.0,6.0,38.0,5.0,372.0,67.0,0.0,0.0,0.0,69.0,783.0,92.0,0.0,10.0
486,486,182.6,2015-05-02,24.9,16.8,0.0,31.0,424.0,971.0,559.0,0:00,0.0,24.0,34.0,19.0,1367.0,167.0,0.0,0.0,0.0,232.0,2338.0,209.0,0.0,29.0
487,487,0.0,2015-05-03,24.2,13.2,0.0,55.0,560.0,1498.0,678.0,0:00,0.0,24.0,63.0,19.0,2614.0,254.0,0.0,0.0,0.0,261.0,4112.0,294.0,0.0,64.0
488,488,0.0,2015-05-04,27.3,16.1,0.0,72.0,467.0,1952.0,584.0,0:00,0.0,33.0,154.0,28.0,2351.0,431.0,0.0,0.0,0.0,336.0,4303.0,480.0,0.0,86.0
491,491,0.0,2015-05-07,26.1,16.3,0.0,76.0,274.0,2122.0,298.0,0:00,0.0,44.0,163.0,32.0,2671.0,574.0,0.0,0.0,0.0,136.0,4793.0,620.0,0.0,87.0
493,493,0.0,2015-05-09,23.7,14.4,0.0,47.0,373.0,1221.0,550.0,0:00,0.0,24.0,64.0,26.0,2087.0,258.0,0.0,0.0,0.0,241.0,3308.0,299.0,1.0,69.0
494,494,0.0,2015-05-10,25.1,16.3,0.0,45.0,459.0,1307.0,567.0,0:00,0.0,29.0,78.0,21.0,1824.0,217.0,0.0,0.0,0.0,236.0,3131.0,262.0,4.0,63.0
495,495,0.0,2015-05-11,26.0,16.3,0.0,87.0,317.0,2118.0,299.0,0:00,0.0,33.0,152.0,28.0,2367.0,509.0,0.0,0.0,0.0,115.0,4485.0,547.0,43.0,85.0
496,496,0.0,2015-05-12,25.9,15.9,0.0,92.0,289.0,2389.0,270.0,0:00,0.0,34.0,171.0,33.0,2847.0,577.0,0.0,0.0,0.0,158.0,5236.0,618.0,3.0,98.0
497,497,0.0,2015-05-13,24.9,16.0,0.0,83.0,262.0,2184.0,263.0,0:00,0.0,36.0,163.0,29.0,2775.0,581.0,0.0,0.0,0.0,101.0,4959.0,621.0,38.0,91.0
498,498,0.0,2015-05-14,20.9,16.1,0.0,63.0,285.0,1943.0,244.0,0:00,0.0,33.0,163.0,25.0,2456.0,509.0,0.0,0.0,2.0,77.0,4399.0,549.0,32.0,69.0
499,499,0.0,2015-05-15,24.1,14.5,0.0,63.0,174.0,1671.0,203.0,0:00,0.0,43.0,128.0,25.0,2245.0,426.0,0.0,0.0,0.0,111.0,3916.0,468.0,6.0,69.0
500,500,0.0,2015-05-16,24.0,11.8,0.0,44.0,357.0,1075.0,506.0,0:00,0.0,28.0,53.0,22.0,1901.0,212.0,0.0,0.0,1.0,178.0,2976.0,249.0,1.0,57.0
501,501,1.0,2015-05-17,23.0,11.3,0.0,43.0,444.0,1026.0,571.0,0:00,0.0,22.0,45.0,22.0,1697.0,159.0,0.0,0.0,0.0,188.0,2723.0,199.0,1.0,53.0
502,502,6.6,2015-05-18,22.9,8.7,0.0,37.0,337.0,924.0,389.0,0:00,0.0,19.0,86.0,22.0,1054.0,208.0,0.0,0.0,0.0,145.0,1978.0,254.0,9.0,40.0
503,503,0.8,2015-05-19,22.7,9.5,0.0,72.0,297.0,2092.0,342.0,0:00,0.0,32.0,166.0,31.0,2677.0,535.0,0.0,0.0,0.0,112.0,4769.0,578.0,0.0,72.0
504,504,0.0,2015-05-20,26.8,13.2,0.0,80.0,293.0,2283.0,283.0,0:00,0.0,28.0,172.0,32.0,2776.0,551.0,0.0,0.0,0.0,146.0,5059.0,590.0,1.0,85.0
505,505,0.2,2015-05-21,25.2,9.2,0.0,74.0,235.0,1907.0,204.0,0:00,0.0,31.0,145.0,33.0,2390.0,521.0,0.0,0.0,0.0,79.0,4297.0,562.0,0.0,83.0
506,506,1.4,2015-05-22,19.9,15.1,0.0,58.0,284.0,1612.0,346.0,0:00,0.0,21.0,110.0,35.0,2120.0,362.0,0.0,0.0,0.0,196.0,3732.0,406.0,85.0,69.0
507,507,0.0,2015-05-23,22.8,13.9,0.0,63.0,426.0,1178.0,578.0,0:00,0.0,17.0,80.0,20.0,2090.0,227.0,0.0,0.0,1.0,195.0,3268.0,266.0,51.0,64.0
508,508,0.0,2015-05-24,23.6,14.3,0.0,75.0,542.0,1418.0,644.0,0:00,0.0,42.0,83.0,25.0,2325.0,289.0,0.0,0.0,0.0,266.0,3743.0,329.0,8.0,89.0
509,509,0.0,2015-05-25,23.5,12.3,0.0,65.0,385.0,1976.0,444.0,0:00,0.0,29.0,146.0,30.0,2372.0,431.0,0.0,0.0,0.0,243.0,4348.0,471.0,3.0,68.0
512,512,0.0,2015-05-28,25.1,13.8,0.0,69.0,425.0,2023.0,516.0,0:00,0.0,36.0,149.0,21.0,2495.0,424.0,0.0,0.0,0.0,321.0,4518.0,464.0,2.0,75.0
513,513,0.0,2015-05-29,25.5,13.6,0.0,70.0,308.0,1771.0,458.0,0:00,0.0,23.0,130.0,33.0,2495.0,368.0,0.0,0.0,0.0,279.0,4266.0,409.0,0.0,69.0
514,514,0.0,2015-05-30,27.6,13.4,0.0,68.0,532.0,1312.0,594.0,0:00,0.0,24.0,90.0,19.0,2201.0,223.0,0.0,0.0,0.0,248.0,3513.0,276.0,0.0,70.0
515,515,0.0,2015-05-31,26.1,9.5,0.0,95.0,471.0,806.0,601.0,0:00,422.0,26.0,64.0,20.0,1093.0,262.0,346.0,0.0,0.0,286.0,2667.0,309.0,0.0,89.0
516,516,0.0,2015-06-01,20.5,9.0,0.0,66.0,318.0,513.0,308.0,0:00,1709.0,21.0,148.0,23.0,570.0,470.0,1580.0,0.0,0.0,167.0,4372.0,515.0,0.0,75.0
517,517,0.0,2015-06-02,19.5,14.8,0.0,73.0,606.0,587.0,848.0,0:00,1832.0,29.0,156.0,27.0,662.0,176.0,1860.0,0.0,0.0,701.0,4941.0,201.0,0.0,91.0
518,518,0.0,2015-06-03,19.7,12.6,90.0,76.0,514.0,526.0,659.0,0:00,1739.0,18.0,177.0,25.0,597.0,288.0,1790.0,172.0,0.0,607.0,4652.0,132.0,1.0,82.0
519,519,0.0,2015-06-04,22.3,14.2,116.0,65.0,475.0,485.0,667.0,0:00,1642.0,26.0,136.0,27.0,535.0,279.0,1589.0,155.0,0.0,556.0,4251.0,129.0,0.0,69.0
520,520,0.0,2015-06-05,21.4,14.2,90.0,70.0,513.0,411.0,576.0,0:00,1370.0,30.0,100.0,20.0,433.0,203.0,1360.0,105.0,0.0,505.0,3574.0,118.0,38.0,76.0
521,521,0.0,2015-06-06,22.1,13.0,200.0,48.0,403.0,503.0,619.0,0:00,1037.0,31.0,63.0,23.0,550.0,143.0,1163.0,153.0,0.0,253.0,3253.0,265.0,1.0,51.0
522,522,0.0,2015-06-07,22.8,13.5,224.0,72.0,496.0,539.0,622.0,0:00,1085.0,41.0,97.0,27.0,541.0,160.0,1226.0,212.0,0.0,256.0,3391.0,255.0,3.0,90.0
523,523,0.2,2015-06-08,24.5,12.8,192.0,102.0,547.0,639.0,700.0,0:00,1391.0,42.0,75.0,34.0,643.0,219.0,1430.0,212.0,0.0,309.0,4103.0,330.0,15.0,95.0
524,524,0.0,2015-06-09,24.2,11.6,102.0,76.0,490.0,539.0,658.0,0:00,1739.0,21.0,146.0,25.0,597.0,287.0,1659.0,170.0,0.0,588.0,4534.0,129.0,0.0,78.0
525,525,0.0,2015-06-10,24.2,12.8,120.0,105.0,509.0,570.0,662.0,0:00,1847.0,37.0,142.0,35.0,596.0,321.0,1878.0,185.0,0.0,752.0,4891.0,117.0,2.0,115.0
526,526,0.0,2015-06-11,21.8,8.0,94.0,77.0,373.0,393.0,549.0,0:00,1604.0,30.0,132.0,29.0,384.0,226.0,1405.0,183.0,0.0,536.0,3786.0,122.0,0.0,68.0
527,527,4.6,2015-06-12,20.1,9.3,81.0,59.0,422.0,388.0,523.0,0:00,1266.0,17.0,106.0,22.0,405.0,180.0,1434.0,114.0,0.0,463.0,3493.0,87.0,0.0,59.0
528,528,1.2,2015-06-13,21.4,10.9,168.0,33.0,395.0,422.0,469.0,0:00,891.0,10.0,59.0,15.0,452.0,109.0,881.0,143.0,0.0,155.0,2646.0,175.0,2.0,58.0
529,529,4.2,2015-06-14,22.2,10.4,173.0,47.0,382.0,512.0,455.0,0:00,826.0,23.0,49.0,20.0,506.0,110.0,666.0,135.0,0.0,170.0,2510.0,153.0,58.0,60.0
530,530,4.0,2015-06-15,23.2,10.3,86.0,42.0,478.0,506.0,574.0,0:00,1262.0,35.0,109.0,29.0,562.0,205.0,1030.0,170.0,0.0,351.0,3360.0,137.0,133.0,49.0
531,531,1.0,2015-06-16,21.5,7.6,139.0,42.0,313.0,440.0,393.0,0:00,1425.0,22.0,132.0,18.0,463.0,278.0,1138.0,189.0,0.0,269.0,3466.0,276.0,0.0,43.0
532,532,3.4,2015-06-17,21.0,4.6,128.0,37.0,334.0,328.0,376.0,0:00,1027.0,21.0,102.0,19.0,381.0,210.0,814.0,159.0,0.0,178.0,2550.0,247.0,0.0,41.0
533,533,2.4,2015-06-18,22.7,13.5,404.0,71.0,279.0,543.0,286.0,0:00,1675.0,47.0,144.0,34.0,576.0,398.0,1445.0,310.0,0.0,107.0,4239.0,588.0,86.0,65.0
534,534,0.0,2015-06-19,21.6,13.2,286.0,68.0,284.0,419.0,340.0,0:00,1559.0,27.0,126.0,14.0,438.0,355.0,1551.0,261.0,0.0,223.0,3967.0,440.0,27.0,64.0
535,535,0.0,2015-06-20,20.9,13.8,256.0,40.0,539.0,602.0,600.0,0:00,997.0,33.0,75.0,29.0,602.0,183.0,1179.0,175.0,0.0,213.0,3380.0,287.0,15.0,50.0
536,536,0.0,2015-06-21,21.1,13.6,259.0,63.0,551.0,567.0,751.0,0:00,1229.0,36.0,78.0,25.0,579.0,188.0,1430.0,220.0,0.0,262.0,3805.0,308.0,33.0,50.0
537,537,0.0,2015-06-22,20.5,10.0,207.0,55.0,370.0,508.0,460.0,0:00,1478.0,21.0,122.0,20.0,580.0,319.0,1427.0,242.0,0.0,241.0,3993.0,339.0,0.0,63.0
538,538,0.0,2015-06-23,20.6,10.1,203.0,72.0,435.0,551.0,535.0,0:00,1699.0,26.0,137.0,30.0,574.0,366.0,1532.0,224.0,0.0,302.0,4356.0,419.0,0.0,64.0
539,539,0.0,2015-06-24,19.6,9.6,194.0,71.0,429.0,505.0,492.0,0:00,1552.0,38.0,137.0,30.0,564.0,347.0,1484.0,234.0,0.0,282.0,4105.0,390.0,0.0,69.0
540,540,0.0,2015-06-25,19.6,8.2,206.0,81.0,443.0,481.0,535.0,0:00,1514.0,40.0,142.0,35.0,537.0,346.0,1539.0,219.0,0.0,278.0,4071.0,383.0,0.0,74.0
541,541,0.2,2015-06-26,22.7,12.4,163.0,54.0,315.0,459.0,432.0,0:00,1380.0,29.0,106.0,30.0,449.0,269.0,1401.0,154.0,0.0,235.0,3689.0,328.0,0.0,53.0
542,542,0.0,2015-06-27,22.6,11.0,216.0,56.0,480.0,542.0,643.0,0:00,938.0,41.0,75.0,31.0,522.0,201.0,1163.0,178.0,0.0,224.0,3165.0,279.0,0.0,65.0
543,543,2.4,2015-06-28,22.2,10.5,194.0,64.0,533.0,635.0,604.0,0:00,1206.0,25.0,77.0,23.0,638.0,169.0,1058.0,196.0,0.0,224.0,3537.0,261.0,0.0,69.0
544,544,7.0,2015-06-29,18.4,7.3,101.0,28.0,274.0,273.0,303.0,0:00,655.0,12.0,63.0,9.0,331.0,126.0,546.0,142.0,0.0,115.0,1805.0,150.0,0.0,32.0
545,545,4.0,2015-06-30,23.1,12.3,97.0,66.0,505.0,578.0,716.0,0:00,1632.0,29.0,137.0,29.0,624.0,266.0,1325.0,169.0,0.0,589.0,4159.0,146.0,0.0,71.0
546,546,0.2,2015-07-01,23.3,12.7,107.0,65.0,600.0,575.0,690.0,0:00,1753.0,27.0,126.0,26.0,578.0,275.0,1547.0,204.0,0.0,631.0,4453.0,146.0,0.0,67.0
547,547,0.0,2015-07-02,19.6,13.0,94.0,76.0,593.0,535.0,764.0,0:00,1586.0,34.0,130.0,25.0,586.0,267.0,1539.0,165.0,0.0,596.0,4246.0,113.0,0.0,75.0
548,548,0.0,2015-07-03,20.7,14.1,72.0,59.0,502.0,409.0,650.0,0:00,1263.0,38.0,109.0,25.0,407.0,173.0,1387.0,95.0,0.0,517.0,3466.0,96.0,0.0,56.0
549,549,0.0,2015-07-04,21.3,13.5,175.0,49.0,466.0,463.0,534.0,0:00,1064.0,25.0,64.0,24.0,442.0,164.0,1193.0,168.0,0.0,249.0,3162.0,300.0,0.0,77.0
550,550,0.0,2015-07-05,22.8,13.6,754.0,46.0,1300.0,607.0,404.0,0:00,1143.0,13.0,68.0,16.0,584.0,151.0,1206.0,1630.0,0.0,42.0,3540.0,190.0,0.0,69.0
551,551,0.0,2015-07-06,24.1,14.0,84.0,62.0,618.0,566.0,722.0,0:00,1557.0,32.0,128.0,24.0,616.0,223.0,1230.0,178.0,0.0,539.0,3969.0,107.0,0.0,60.0
552,552,0.0,2015-07-07,23.0,14.5,100.0,81.0,550.0,634.0,707.0,0:00,1765.0,39.0,148.0,35.0,651.0,275.0,1647.0,161.0,0.0,650.0,4697.0,110.0,0.0,67.0
553,553,0.0,2015-07-08,20.4,10.8,92.0,52.0,500.0,486.0,673.0,0:00,1518.0,20.0,122.0,32.0,491.0,236.0,1546.0,187.0,0.0,534.0,4041.0,94.0,0.0,68.0
554,554,0.0,2015-07-09,19.4,9.8,76.0,45.0,485.0,522.0,590.0,0:00,1411.0,32.0,123.0,23.0,555.0,209.0,1312.0,153.0,0.0,601.0,3800.0,89.0,0.0,59.0
555,555,0.2,2015-07-10,20.2,10.2,63.0,61.0,471.0,378.0,508.0,0:00,1356.0,16.0,89.0,25.0,330.0,154.0,1125.0,115.0,0.0,488.0,3189.0,68.0,0.0,72.0
556,556,0.4,2015-07-11,21.2,11.3,181.0,61.0,489.0,519.0,570.0,0:00,1090.0,23.0,65.0,19.0,491.0,223.0,1010.0,176.0,1.0,226.0,3110.0,305.0,0.0,63.0
557,557,0.6,2015-07-12,18.3,14.9,152.0,19.0,541.0,596.0,635.0,0:00,603.0,17.0,55.0,20.0,549.0,105.0,940.0,172.0,30.0,208.0,2688.0,165.0,26.0,19.0
558,558,0.2,2015-07-13,18.2,14.4,71.0,66.0,487.0,488.0,588.0,0:00,1257.0,29.0,143.0,28.0,518.0,224.0,1124.0,152.0,34.0,471.0,3387.0,73.0,61.0,67.0
559,559,0.0,2015-07-14,19.2,14.8,88.0,56.0,532.0,523.0,692.0,0:00,1559.0,21.0,118.0,23.0,578.0,245.0,1472.0,180.0,63.0,600.0,4132.0,95.0,44.0,65.0
560,560,0.0,2015-07-15,18.2,12.0,76.0,58.0,491.0,493.0,618.0,0:00,1462.0,12.0,93.0,21.0,495.0,268.0,1408.0,179.0,57.0,514.0,3858.0,123.0,52.0,63.0
561,561,0.0,2015-07-16,17.4,11.0,83.0,66.0,568.0,437.0,640.0,0:00,1502.0,25.0,95.0,24.0,485.0,233.0,1368.0,124.0,53.0,532.0,3792.0,93.0,57.0,61.0
562,562,0.0,2015-07-17,16.1,14.9,62.0,45.0,396.0,348.0,463.0,0:00,1011.0,15.0,68.0,20.0,328.0,138.0,1037.0,106.0,48.0,381.0,2724.0,81.0,35.0,48.0
563,563,0.0,2015-07-18,19.4,15.0,232.0,45.0,481.0,537.0,579.0,0:00,943.0,32.0,55.0,20.0,473.0,153.0,970.0,165.0,34.0,182.0,2923.0,245.0,20.0,56.0
564,564,0.0,2015-07-19,19.3,11.8,215.0,52.0,493.0,601.0,563.0,0:00,1001.0,18.0,33.0,19.0,556.0,157.0,1063.0,191.0,26.0,227.0,3221.0,254.0,15.0,56.0
565,565,0.0,2015-07-20,20.9,12.9,69.0,46.0,521.0,526.0,622.0,0:00,1454.0,17.0,106.0,35.0,540.0,234.0,1351.0,174.0,56.0,548.0,3871.0,102.0,45.0,56.0
566,566,0.2,2015-07-21,21.6,10.3,90.0,85.0,489.0,517.0,624.0,0:00,1613.0,24.0,97.0,25.0,547.0,246.0,1372.0,178.0,60.0,529.0,4049.0,112.0,50.0,81.0
567,567,2.8,2015-07-22,18.7,8.9,68.0,51.0,362.0,351.0,423.0,0:00,1250.0,14.0,94.0,20.0,355.0,206.0,1110.0,155.0,42.0,419.0,3066.0,87.0,31.0,56.0
568,568,4.4,2015-07-23,23.1,10.8,413.0,59.0,266.0,486.0,249.0,0:00,1481.0,22.0,97.0,20.0,538.0,308.0,1091.0,289.0,70.0,96.0,3596.0,459.0,52.0,52.0
569,569,0.0,2015-07-24,24.4,10.4,360.0,62.0,204.0,489.0,190.0,0:00,1578.0,21.0,110.0,29.0,443.0,345.0,1299.0,264.0,38.0,124.0,3809.0,505.0,31.0,69.0
570,570,0.0,2015-07-25,24.3,11.8,251.0,48.0,519.0,607.0,614.0,0:00,1181.0,37.0,51.0,35.0,576.0,159.0,1049.0,173.0,44.0,189.0,3413.0,274.0,28.0,69.0
571,571,0.2,2015-07-26,25.1,13.3,219.0,61.0,534.0,695.0,625.0,0:00,1338.0,34.0,65.0,23.0,644.0,169.0,1388.0,208.0,43.0,231.0,4065.0,277.0,22.0,63.0
572,572,0.0,2015-07-27,22.9,13.9,360.0,81.0,284.0,678.0,247.0,0:00,1746.0,28.0,121.0,28.0,721.0,415.0,1510.0,325.0,80.0,104.0,4655.0,588.0,52.0,80.0
573,573,0.0,2015-07-28,21.4,15.5,462.0,94.0,262.0,663.0,291.0,0:00,1868.0,50.0,150.0,47.0,713.0,439.0,1849.0,348.0,75.0,123.0,5093.0,697.0,38.0,102.0
574,574,0.0,2015-07-29,21.7,15.7,394.0,104.0,256.0,589.0,227.0,0:00,1723.0,33.0,168.0,25.0,618.0,372.0,1746.0,351.0,75.0,99.0,4676.0,599.0,62.0,102.0
575,575,0.0,2015-07-30,22.8,15.2,386.0,77.0,262.0,647.0,229.0,0:00,1852.0,24.0,137.0,26.0,642.0,365.0,1505.0,330.0,66.0,115.0,4646.0,567.0,62.0,83.0
576,576,0.0,2015-07-31,24.1,14.8,326.0,70.0,213.0,516.0,198.0,0:00,1552.0,30.0,116.0,26.0,509.0,334.0,1530.0,270.0,66.0,105.0,4107.0,526.0,48.0,72.0
577,577,0.0,2015-08-01,23.6,15.9,240.0,77.0,423.0,672.0,605.0,0:00,1359.0,16.0,75.0,21.0,645.0,201.0,1211.0,185.0,64.0,252.0,3887.0,325.0,45.0,86.0
578,578,0.0,2015-08-02,25.7,16.0,195.0,74.0,2103.0,2833.0,628.0,0:00,753.0,26.0,64.0,29.0,525.0,215.0,600.0,201.0,24.0,284.0,4711.0,320.0,15.0,89.0
579,579,0.0,2015-08-03,26.7,15.8,209.0,88.0,424.0,684.0,459.0,0:00,1867.0,26.0,168.0,23.0,741.0,373.0,1490.0,209.0,58.0,356.0,4782.0,428.0,56.0,91.0
580,580,0.0,2015-08-04,21.8,12.2,216.0,86.0,468.0,637.0,577.0,0:00,2041.0,39.0,154.0,32.0,673.0,370.0,1768.0,238.0,84.0,304.0,5119.0,491.0,52.0,93.0
581,581,0.0,2015-08-05,19.1,17.0,200.0,86.0,414.0,612.0,447.0,0:00,1659.0,32.0,104.0,34.0,658.0,354.0,1639.0,229.0,83.0,304.0,4568.0,480.0,78.0,94.0
582,582,0.0,2015-08-06,21.1,16.7,203.0,70.0,472.0,578.0,497.0,0:00,1613.0,32.0,123.0,27.0,588.0,298.0,1642.0,205.0,62.0,283.0,4421.0,358.0,76.0,75.0
583,583,0.0,2015-08-07,21.4,16.6,1018.0,65.0,398.0,476.0,449.0,0:00,1460.0,34.0,97.0,25.0,468.0,263.0,1399.0,189.0,83.0,244.0,3803.0,363.0,66.0,70.0
584,584,0.0,2015-08-08,22.1,17.0,261.0,56.0,493.0,625.0,622.0,0:00,1211.0,23.0,59.0,18.0,590.0,185.0,1212.0,211.0,41.0,224.0,3638.0,324.0,21.0,71.0
585,585,0.0,2015-08-09,22.5,16.0,200.0,79.0,528.0,715.0,707.0,0:00,1383.0,19.0,59.0,26.0,665.0,236.0,1384.0,208.0,34.0,282.0,4147.0,319.0,30.0,90.0
586,586,0.0,2015-08-10,23.0,16.8,232.0,59.0,433.0,673.0,494.0,0:00,1728.0,20.0,168.0,22.0,718.0,337.0,1408.0,264.0,74.0,281.0,4527.0,400.0,67.0,78.0
587,587,0.0,2015-08-11,26.4,17.2,251.0,77.0,430.0,640.0,506.0,0:00,1852.0,16.0,147.0,23.0,636.0,335.0,1615.0,295.0,60.0,325.0,4743.0,425.0,73.0,84.0
588,588,0.2,2015-08-12,28.4,13.2,192.0,94.0,490.0,724.0,565.0,0:00,1468.0,27.0,74.0,29.0,648.0,176.0,1237.0,201.0,39.0,287.0,4077.0,326.0,20.0,87.0
589,589,3.6,2015-08-13,22.3,17.9,187.0,65.0,403.0,598.0,471.0,0:00,1486.0,31.0,127.0,35.0,615.0,349.0,1559.0,216.0,75.0,278.0,4258.0,357.0,61.0,72.0
590,590,0.0,2015-08-14,23.0,17.7,233.0,63.0,370.0,573.0,463.0,0:00,1646.0,25.0,104.0,24.0,561.0,275.0,1387.0,174.0,79.0,281.0,4167.0,382.0,71.0,62.0
591,591,0.0,2015-08-15,22.6,15.4,210.0,65.0,431.0,593.0,608.0,0:00,1171.0,27.0,46.0,27.0,575.0,174.0,1213.0,170.0,37.0,259.0,3552.0,282.0,28.0,60.0
592,592,0.0,2015-08-16,21.7,12.3,198.0,58.0,480.0,1428.0,590.0,0:00,1393.0,24.0,49.0,19.0,1402.0,206.0,1213.0,192.0,40.0,249.0,5436.0,281.0,28.0,67.0
593,593,0.0,2015-08-17,23.4,15.6,206.0,82.0,437.0,719.0,517.0,0:00,1835.0,25.0,145.0,30.0,726.0,336.0,1476.0,231.0,56.0,328.0,4756.0,405.0,72.0,82.0
594,594,0.0,2015-08-18,24.2,18.1,201.0,77.0,447.0,744.0,553.0,0:00,2070.0,34.0,178.0,36.0,760.0,376.0,1767.0,234.0,58.0,311.0,5341.0,485.0,69.0,90.0
595,595,0.0,2015-08-19,22.8,14.6,219.0,83.0,427.0,692.0,511.0,0:00,1938.0,28.0,137.0,24.0,707.0,342.0,1671.0,257.0,74.0,348.0,5008.0,435.0,73.0,80.0
596,596,0.0,2015-08-20,22.1,11.5,358.0,84.0,247.0,587.0,241.0,0:00,1739.0,26.0,112.0,22.0,612.0,376.0,1540.0,329.0,63.0,106.0,4478.0,553.0,60.0,90.0
597,597,0.4,2015-08-21,22.4,11.6,547.0,35.0,271.0,374.0,323.0,0:00,1340.0,23.0,74.0,22.0,366.0,185.0,977.0,150.0,71.0,163.0,3057.0,305.0,51.0,26.0
598,598,2.2,2015-08-22,24.5,15.1,208.0,40.0,397.0,644.0,478.0,0:00,1049.0,20.0,42.0,14.0,602.0,139.0,629.0,167.0,32.0,204.0,2924.0,185.0,42.0,33.0
599,599,0.0,2015-08-23,24.1,10.9,217.0,65.0,562.0,719.0,569.0,0:00,1730.0,24.0,88.0,28.0,697.0,199.0,1190.0,195.0,35.0,256.0,4336.0,276.0,23.0,68.0
600,600,0.0,2015-08-24,25.3,12.6,234.0,84.0,360.0,748.0,411.0,0:00,2116.0,34.0,148.0,31.0,812.0,370.0,1405.0,273.0,53.0,275.0,5081.0,525.0,52.0,95.0
601,601,2.2,2015-08-25,29.1,16.3,199.0,86.0,378.0,775.0,484.0,0:00,2084.0,35.0,168.0,40.0,811.0,356.0,1552.0,210.0,58.0,367.0,5222.0,469.0,46.0,84.0
602,602,0.0,2015-08-26,28.5,16.7,214.0,89.0,439.0,827.0,502.0,0:00,2201.0,32.0,168.0,20.0,832.0,345.0,1743.0,240.0,63.0,385.0,5603.0,473.0,61.0,99.0
603,603,0.0,2015-08-27,23.9,6.0,196.0,62.0,331.0,478.0,421.0,0:00,1576.0,21.0,105.0,24.0,453.0,247.0,1294.0,188.0,61.0,270.0,3801.0,412.0,45.0,60.0
604,604,5.0,2015-08-28,24.7,16.6,181.0,45.0,275.0,510.0,393.0,0:00,1286.0,17.0,81.0,16.0,479.0,246.0,1040.0,176.0,45.0,271.0,3315.0,301.0,51.0,48.0
605,605,0.2,2015-08-29,22.9,12.8,157.0,44.0,302.0,455.0,418.0,0:00,1130.0,19.0,35.0,17.0,414.0,138.0,1156.0,130.0,25.0,257.0,3155.0,306.0,16.0,52.0
606,606,13.6,2015-08-30,23.2,19.8,208.0,56.0,556.0,739.0,613.0,0:00,1305.0,29.0,69.0,20.0,674.0,190.0,1248.0,236.0,43.0,284.0,3966.0,395.0,17.0,62.0
607,607,0.2,2015-08-31,23.7,19.8,191.0,82.0,420.0,665.0,577.0,0:00,1875.0,33.0,173.0,23.0,738.0,359.0,1577.0,227.0,64.0,330.0,4855.0,436.0,48.0,93.0
608,608,0.0,2015-09-01,25.1,20.5,222.0,88.0,442.0,746.0,526.0,0:00,2158.0,28.0,182.0,28.0,786.0,411.0,1900.0,244.0,72.0,403.0,5590.0,513.0,65.0,103.0
610,610,2.4,2015-09-03,25.3,18.4,180.0,55.0,337.0,531.0,396.0,0:00,1437.0,29.0,116.0,26.0,607.0,276.0,1182.0,204.0,49.0,285.0,3757.0,336.0,43.0,43.0
611,611,0.2,2015-09-04,24.9,18.0,173.0,73.0,374.0,542.0,410.0,0:00,1672.0,28.0,141.0,26.0,537.0,246.0,1564.0,157.0,62.0,326.0,4315.0,434.0,52.0,65.0
612,612,0.0,2015-09-05,23.6,16.6,650.0,63.0,33.0,590.0,12.0,0:00,1351.0,25.0,58.0,18.0,561.0,249.0,1265.0,429.0,30.0,3.0,3767.0,585.0,33.0,79.0
613,613,0.0,2015-09-06,24.0,14.1,521.0,73.0,5.0,621.0,1.0,0:00,1310.0,34.0,74.0,24.0,578.0,301.0,1243.0,427.0,47.0,0.0,3752.0,537.0,37.0,93.0
614,614,0.0,2015-09-07,25.5,16.2,520.0,71.0,0.0,700.0,0.0,0:00,1936.0,31.0,173.0,27.0,771.0,502.0,1398.0,565.0,73.0,6.0,4805.0,726.0,68.0,77.0
615,615,0.0,2015-09-08,28.1,18.5,560.0,94.0,3.0,800.0,5.0,0:00,2170.0,37.0,187.0,30.0,837.0,605.0,1735.0,555.0,48.0,2.0,5542.0,777.0,43.0,103.0
616,616,0.0,2015-09-09,25.6,21.5,571.0,75.0,1.0,718.0,0.0,0:00,2092.0,30.0,154.0,24.0,772.0,444.0,1757.0,471.0,61.0,0.0,5339.0,945.0,67.0,84.0
617,617,0.0,2015-09-10,25.0,18.7,543.0,81.0,1.0,674.0,1.0,0:00,2025.0,24.0,160.0,30.0,713.0,449.0,1601.0,458.0,64.0,0.0,5013.0,842.0,55.0,92.0
618,618,0.0,2015-09-11,21.6,12.5,416.0,55.0,0.0,519.0,0.0,0:00,1647.0,19.0,93.0,13.0,511.0,400.0,1491.0,357.0,49.0,0.0,4168.0,625.0,47.0,59.0
619,619,0.0,2015-09-12,24.5,16.8,520.0,43.0,0.0,616.0,0.0,0:00,1339.0,21.0,64.0,20.0,605.0,272.0,1210.0,413.0,21.0,0.0,3770.0,509.0,19.0,47.0
620,620,0.0,2015-09-13,25.4,17.8,555.0,82.0,1.0,730.0,0.0,0:00,1449.0,36.0,61.0,34.0,644.0,297.0,1334.0,468.0,34.0,0.0,4157.0,542.0,26.0,105.0
621,621,0.0,2015-09-14,25.4,15.4,523.0,67.0,0.0,646.0,4.0,0:00,1896.0,26.0,157.0,27.0,785.0,561.0,1401.0,558.0,70.0,0.0,4728.0,713.0,61.0,75.0
622,622,0.0,2015-09-15,25.6,18.0,603.0,95.0,0.0,745.0,1.0,0:00,2183.0,38.0,174.0,34.0,807.0,573.0,1711.0,547.0,64.0,1.0,5446.0,817.0,79.0,112.0
623,623,0.0,2015-09-16,27.4,21.1,448.0,84.0,0.0,598.0,0.0,0:00,2068.0,28.0,170.0,19.0,614.0,392.0,1554.0,471.0,53.0,0.0,4834.0,830.0,61.0,80.0
624,624,10.2,2015-09-17,19.9,6.8,246.0,24.0,8.0,244.0,8.0,0:00,677.0,18.0,49.0,11.0,242.0,173.0,515.0,215.0,35.0,1.0,1678.0,307.0,30.0,25.0
625,625,18.0,2015-09-18,22.8,16.4,425.0,53.0,0.0,495.0,1.0,0:00,1396.0,18.0,101.0,23.0,492.0,329.0,1262.0,364.0,52.0,0.0,3645.0,613.0,56.0,51.0
626,626,0.6,2015-09-19,24.0,19.3,546.0,53.0,2.0,659.0,0.0,0:00,1258.0,28.0,68.0,14.0,642.0,282.0,1296.0,394.0,35.0,0.0,3855.0,604.0,46.0,46.0
627,627,0.0,2015-09-20,23.3,16.9,596.0,62.0,0.0,705.0,0.0,0:00,1434.0,25.0,59.0,26.0,659.0,285.0,1393.0,511.0,27.0,0.0,4191.0,562.0,30.0,68.0
628,628,1.6,2015-09-21,24.3,17.5,541.0,71.0,0.0,737.0,0.0,0:00,1899.0,22.0,174.0,28.0,809.0,491.0,1455.0,537.0,64.0,0.0,4900.0,675.0,55.0,81.0
629,629,0.0,2015-09-22,29.4,21.1,550.0,88.0,4.0,762.0,2.0,0:00,2252.0,23.0,182.0,21.0,786.0,567.0,1948.0,551.0,55.0,0.0,5748.0,759.0,73.0,95.0
630,630,0.0,2015-09-23,23.5,16.8,543.0,91.0,3.0,580.0,4.0,0:00,1935.0,31.0,140.0,25.0,586.0,444.0,1696.0,443.0,63.0,1.0,4797.0,822.0,112.0,79.0
631,631,0.6,2015-09-24,23.1,23.4,575.0,57.0,0.0,660.0,3.0,0:00,1866.0,24.0,148.0,29.0,723.0,405.0,1557.0,495.0,56.0,0.0,4806.0,798.0,70.0,69.0
632,632,0.2,2015-09-25,23.4,15.8,465.0,60.0,4.0,536.0,6.0,0:00,1581.0,25.0,88.0,15.0,551.0,317.0,1439.0,344.0,58.0,3.0,4107.0,644.0,65.0,68.0
633,633,0.0,2015-09-26,23.1,15.4,755.0,46.0,14.0,763.0,19.0,0:00,1300.0,19.0,48.0,10.0,682.0,226.0,1153.0,585.0,24.0,10.0,3898.0,480.0,20.0,52.0
634,634,0.4,2015-09-27,24.1,20.0,489.0,92.0,10.0,540.0,27.0,0:00,1157.0,39.0,56.0,37.0,518.0,201.0,991.0,460.0,38.0,2.0,3206.0,515.0,35.0,119.0
635,635,12.2,2015-09-28,24.8,22.2,575.0,79.0,3.0,731.0,8.0,0:00,1738.0,34.0,142.0,29.0,812.0,479.0,1433.0,575.0,70.0,1.0,4714.0,679.0,94.0,78.0
636,636,0.0,2015-09-29,25.7,18.4,545.0,87.0,8.0,594.0,13.0,0:00,1814.0,28.0,122.0,18.0,605.0,349.0,1455.0,435.0,53.0,5.0,4468.0,785.0,81.0,78.0
637,637,7.8,2015-09-30,26.6,23.7,579.0,78.0,9.0,713.0,13.0,0:00,1893.0,33.0,153.0,28.0,762.0,499.0,1550.0,561.0,69.0,4.0,4918.0,734.0,111.0,88.0
638,638,0.0,2015-10-01,27.7,23.5,581.0,67.0,6.0,726.0,15.0,0:00,1893.0,27.0,138.0,20.0,746.0,394.0,1510.0,455.0,72.0,2.0,4875.0,826.0,84.0,71.0
639,639,0.0,2015-10-02,29.3,25.0,542.0,66.0,1.0,594.0,2.0,0:00,1708.0,15.0,110.0,19.0,552.0,333.0,1504.0,378.0,55.0,1.0,4358.0,761.0,82.0,70.0
640,640,0.0,2015-10-03,27.8,25.0,534.0,53.0,3.0,658.0,0.0,0:00,1345.0,21.0,58.0,16.0,592.0,214.0,1257.0,406.0,17.0,0.0,3852.0,544.0,33.0,71.0
641,641,0.0,2015-10-04,29.0,25.4,529.0,43.0,3.0,574.0,2.0,0:00,1247.0,17.0,84.0,19.0,581.0,252.0,1105.0,418.0,22.0,0.0,3507.0,537.0,38.0,55.0
642,642,0.0,2015-10-05,33.8,25.5,475.0,65.0,3.0,799.0,0.0,0:00,1596.0,23.0,71.0,19.0,715.0,267.0,1399.0,389.0,18.0,0.0,4509.0,476.0,29.0,82.0
643,643,0.0,2015-10-06,30.7,25.7,526.0,81.0,10.0,755.0,18.0,0:00,2132.0,23.0,167.0,17.0,805.0,385.0,1620.0,466.0,52.0,4.0,5312.0,899.0,65.0,82.0
644,644,0.0,2015-10-07,28.3,25.6,507.0,113.0,0.0,797.0,1.0,0:00,2398.0,27.0,178.0,26.0,835.0,366.0,1925.0,429.0,68.0,0.0,5955.0,1021.0,87.0,115.0
645,645,0.0,2015-10-08,25.7,14.6,530.0,75.0,11.0,564.0,10.0,0:00,1928.0,18.0,143.0,26.0,601.0,361.0,1849.0,448.0,62.0,8.0,4942.0,883.0,63.0,95.0
646,646,5.8,2015-10-09,25.1,14.6,478.0,53.0,14.0,528.0,21.0,0:00,1510.0,14.0,106.0,22.0,503.0,305.0,1308.0,374.0,44.0,6.0,3849.0,697.0,50.0,62.0
647,647,0.2,2015-10-10,25.6,19.0,634.0,71.0,0.0,697.0,0.0,0:00,1601.0,30.0,95.0,22.0,652.0,276.0,1375.0,418.0,28.0,0.0,4325.0,657.0,42.0,76.0
648,648,0.0,2015-10-11,25.9,23.9,542.0,90.0,2.0,754.0,0.0,0:00,1837.0,36.0,92.0,36.0,724.0,282.0,1488.0,762.0,35.0,0.0,4803.0,648.0,42.0,100.0
649,649,0.0,2015-10-12,27.4,25.4,519.0,89.0,11.0,740.0,12.0,0:00,2136.0,18.0,201.0,33.0,824.0,394.0,1597.0,507.0,67.0,4.0,5297.0,988.0,78.0,105.0
650,650,0.0,2015-10-13,28.0,22.3,519.0,87.0,8.0,698.0,10.0,0:00,2269.0,29.0,176.0,29.0,725.0,333.0,1755.0,400.0,53.0,2.0,5447.0,985.0,60.0,86.0
651,651,0.2,2015-10-14,27.3,22.3,491.0,72.0,8.0,666.0,9.0,0:00,2094.0,40.0,148.0,34.0,738.0,299.0,1707.0,437.0,62.0,2.0,5205.0,923.0,65.0,75.0
652,652,4.4,2015-10-15,26.9,20.4,542.0,79.0,14.0,701.0,11.0,0:00,2043.0,45.0,151.0,43.0,721.0,324.0,1730.0,472.0,70.0,0.0,5195.0,965.0,85.0,80.0
653,653,0.0,2015-10-16,26.6,22.2,519.0,86.0,1.0,578.0,3.0,0:00,2025.0,26.0,129.0,27.0,568.0,300.0,1616.0,349.0,66.0,4.0,4787.0,930.0,85.0,88.0
654,654,0.0,2015-10-17,27.6,25.7,554.0,47.0,2.0,652.0,3.0,0:00,1376.0,525.0,92.0,195.0,619.0,229.0,1237.0,437.0,298.0,0.0,3884.0,546.0,546.0,66.0
655,655,0.0,2015-10-18,27.1,20.9,504.0,57.0,4.0,667.0,2.0,0:00,1638.0,29.0,63.0,23.0,598.0,283.0,1388.0,450.0,29.0,1.0,4291.0,620.0,28.0,72.0
656,656,0.0,2015-10-19,26.5,21.3,466.0,72.0,4.0,677.0,4.0,0:00,1859.0,68.0,94.0,21.0,755.0,339.0,1454.0,497.0,57.0,2.0,4745.0,849.0,66.0,73.0
657,657,0.0,2015-10-20,26.8,22.3,568.0,92.0,2.0,759.0,2.0,0:00,2262.0,38.0,111.0,45.0,853.0,467.0,1884.0,575.0,76.0,2.0,5758.0,965.0,82.0,111.0
658,658,0.0,2015-10-21,27.2,26.6,516.0,96.0,4.0,716.0,3.0,0:00,2283.0,31.0,127.0,28.0,766.0,434.0,1907.0,464.0,71.0,1.0,5672.0,990.0,86.0,91.0
659,659,0.0,2015-10-22,29.3,19.1,398.0,73.0,1.0,505.0,12.0,0:00,1766.0,27.0,132.0,21.0,467.0,325.0,1507.0,327.0,69.0,4.0,4245.0,789.0,67.0,62.0
660,660,20.8,2015-10-23,27.3,24.1,1570.0,37.0,4.0,552.0,8.0,0:00,1600.0,24.0,88.0,23.0,540.0,315.0,1583.0,441.0,64.0,1.0,4275.0,741.0,66.0,92.0
661,661,0.0,2015-10-24,24.3,9.0,544.0,53.0,0.0,521.0,0.0,0:00,1245.0,25.0,52.0,21.0,515.0,234.0,1151.0,426.0,38.0,0.0,3432.0,570.0,48.0,54.0
662,662,1.2,2015-10-25,25.4,15.5,571.0,86.0,1.0,744.0,0.0,0:00,1600.0,34.0,82.0,31.0,702.0,287.0,1371.0,507.0,39.0,0.0,4417.0,590.0,49.0,81.0
663,663,0.0,2015-10-26,28.4,24.4,437.0,91.0,19.0,662.0,7.0,0:00,1831.0,38.0,125.0,32.0,727.0,395.0,1359.0,467.0,88.0,3.0,4579.0,875.0,106.0,99.0
664,664,4.8,2015-10-27,30.7,25.2,506.0,80.0,7.0,628.0,6.0,0:00,2072.0,36.0,142.0,28.0,667.0,364.0,1659.0,389.0,61.0,4.0,5026.0,952.0,160.0,74.0
665,665,13.2,2015-10-28,22.3,7.2,342.0,40.0,2.0,366.0,2.0,0:00,1265.0,19.0,89.0,23.0,412.0,356.0,1063.0,331.0,69.0,2.0,3106.0,524.0,93.0,43.0
666,666,5.0,2015-10-29,23.1,8.4,457.0,49.0,11.0,456.0,10.0,0:00,1349.0,30.0,87.0,24.0,474.0,412.0,990.0,463.0,76.0,4.0,3269.0,544.0,91.0,47.0
667,667,0.2,2015-10-30,24.1,12.6,469.0,75.0,11.0,506.0,5.0,0:00,1711.0,36.0,107.0,27.0,516.0,445.0,1443.0,418.0,65.0,5.0,4176.0,711.0,99.0,70.0
668,668,0.0,2015-10-31,25.2,18.8,506.0,71.0,3.0,562.0,1.0,0:00,1450.0,34.0,50.0,33.0,526.0,281.0,1217.0,386.0,36.0,2.0,3755.0,523.0,65.0,69.0
669,669,0.0,2015-11-01,27.0,24.6,492.0,58.0,4.0,648.0,1.0,0:00,1368.0,35.0,70.0,34.0,650.0,246.0,1177.0,492.0,26.0,0.0,3843.0,495.0,40.0,93.0
670,670,0.0,2015-11-02,29.5,26.5,463.0,79.0,9.0,747.0,7.0,0:00,2060.0,33.0,132.0,32.0,853.0,424.0,1606.0,502.0,80.0,3.0,5266.0,887.0,88.0,96.0
671,671,0.0,2015-11-03,30.5,28.0,438.0,89.0,0.0,604.0,0.0,0:00,2125.0,26.0,139.0,22.0,664.0,378.0,1879.0,385.0,86.0,0.0,5272.0,1066.0,116.0,84.0
672,672,11.6,2015-11-04,29.8,25.2,454.0,80.0,5.0,651.0,13.0,0:00,2027.0,27.0,144.0,30.0,665.0,317.0,1745.0,407.0,81.0,3.0,5088.0,946.0,99.0,81.0
673,673,0.0,2015-11-05,29.1,18.2,444.0,78.0,3.0,571.0,5.0,0:00,2038.0,19.0,128.0,21.0,619.0,349.0,1569.0,422.0,77.0,7.0,4797.0,980.0,104.0,85.0
674,674,19.0,2015-11-06,29.3,20.0,453.0,65.0,8.0,546.0,9.0,0:00,1538.0,17.0,87.0,25.0,534.0,327.0,1273.0,418.0,62.0,1.0,3891.0,659.0,97.0,70.0
675,675,0.0,2015-11-07,33.3,25.5,388.0,53.0,10.0,532.0,24.0,0:00,1244.0,23.0,45.0,22.0,475.0,221.0,1159.0,387.0,20.0,3.0,3410.0,442.0,53.0,77.0
676,676,0.4,2015-11-08,25.0,11.4,414.0,70.0,3.0,494.0,3.0,0:00,985.0,26.0,42.0,21.0,446.0,146.0,1038.0,348.0,30.0,8.0,2963.0,487.0,33.0,89.0
677,677,14.0,2015-11-09,25.9,20.4,484.0,56.0,45.0,691.0,59.0,0:00,1595.0,30.0,115.0,35.0,765.0,321.0,1336.0,464.0,97.0,24.0,4387.0,778.0,99.0,58.0
678,678,0.0,2015-11-10,26.6,27.3,3.0,119.0,710.0,714.0,750.0,0:00,2287.0,36.0,136.0,27.0,803.0,3.0,2047.0,3.0,109.0,1044.0,5851.0,1.0,150.0,107.0
679,679,0.0,2015-11-11,26.5,18.1,16.0,84.0,623.0,706.0,710.0,0:00,2105.0,33.0,149.0,22.0,741.0,0.0,1927.0,17.0,77.0,947.0,5479.0,2.0,107.0,95.0
680,680,0.0,2015-11-12,26.4,18.9,2.0,73.0,608.0,614.0,691.0,0:00,1987.0,25.0,110.0,31.0,656.0,0.0,1725.0,1.0,80.0,916.0,4982.0,0.0,95.0,92.0
681,681,0.0,2015-11-13,28.1,26.4,7.0,71.0,573.0,613.0,528.0,0:00,1773.0,17.0,114.0,27.0,576.0,1.0,1662.0,5.0,72.0,817.0,4624.0,1.0,95.0,93.0
682,682,1.0,2015-11-14,26.7,12.1,5.0,57.0,478.0,408.0,638.0,0:00,1026.0,14.0,60.0,21.0,384.0,0.0,971.0,0.0,22.0,377.0,2789.0,0.0,25.0,75.0
683,683,10.6,2015-11-15,27.3,19.0,2.0,46.0,613.0,716.0,719.0,0:00,1273.0,30.0,55.0,34.0,667.0,1.0,1272.0,7.0,46.0,534.0,3928.0,1.0,149.0,74.0
684,684,0.2,2015-11-16,27.0,20.3,2.0,82.0,622.0,650.0,681.0,0:00,1900.0,31.0,135.0,30.0,730.0,0.0,1610.0,3.0,100.0,813.0,4890.0,0.0,310.0,93.0
685,685,0.6,2015-11-17,26.0,23.2,5.0,90.0,712.0,711.0,767.0,0:00,2253.0,51.0,140.0,39.0,758.0,0.0,1922.0,3.0,112.0,922.0,5644.0,0.0,180.0,100.0
686,686,0.0,2015-11-18,28.2,30.2,4.0,100.0,650.0,625.0,684.0,0:00,2211.0,38.0,151.0,22.0,711.0,0.0,1912.0,6.0,90.0,1005.0,5459.0,4.0,212.0,104.0
687,687,0.0,2015-11-19,33.4,30.2,2.0,80.0,526.0,564.0,616.0,0:00,2008.0,39.0,134.0,22.0,620.0,1.0,1753.0,2.0,86.0,1009.0,4945.0,0.0,144.0,114.0
688,688,0.0,2015-11-20,30.9,30.4,0.0,70.0,478.0,516.0,562.0,0:00,1819.0,22.0,91.0,26.0,509.0,0.0,1526.0,5.0,68.0,817.0,4370.0,0.0,143.0,68.0
689,689,0.0,2015-11-21,33.3,29.9,5.0,57.0,475.0,474.0,606.0,0:00,1200.0,21.0,41.0,20.0,457.0,0.0,1079.0,3.0,23.0,513.0,3210.0,0.0,51.0,61.0
690,690,0.0,2015-11-22,28.4,6.5,5.0,72.0,695.0,585.0,737.0,0:00,1355.0,33.0,62.0,25.0,556.0,0.0,1161.0,9.0,38.0,531.0,3657.0,1.0,39.0,93.0
691,691,0.0,2015-11-23,29.9,25.3,4.0,59.0,547.0,604.0,491.0,0:00,1892.0,27.0,144.0,24.0,679.0,1.0,1418.0,5.0,79.0,917.0,4593.0,1.0,97.0,80.0
692,692,0.0,2015-11-24,30.5,19.8,8.0,105.0,531.0,655.0,661.0,0:00,2228.0,28.0,153.0,25.0,758.0,1.0,1826.0,12.0,106.0,1107.0,5467.0,1.0,86.0,109.0
693,693,0.0,2015-11-25,31.0,23.0,16.0,100.0,465.0,621.0,543.0,0:00,2134.0,31.0,139.0,27.0,659.0,3.0,1737.0,18.0,90.0,944.0,5151.0,10.0,91.0,114.0
694,694,0.0,2015-11-26,31.8,29.9,9.0,85.0,429.0,576.0,547.0,0:00,2022.0,20.0,145.0,31.0,612.0,22.0,1673.0,9.0,70.0,944.0,4883.0,31.0,77.0,97.0
695,695,0.0,2015-11-27,31.1,28.4,3.0,64.0,358.0,437.0,488.0,0:00,1812.0,21.0,96.0,19.0,431.0,1.0,1429.0,2.0,80.0,784.0,4109.0,1.0,63.0,85.0
696,696,0.0,2015-11-28,30.4,19.0,8.0,52.0,399.0,455.0,490.0,0:00,1297.0,19.0,47.0,21.0,413.0,0.0,1064.0,1.0,29.0,544.0,3229.0,0.0,29.0,52.0
697,697,0.2,2015-11-29,31.0,23.6,14.0,50.0,443.0,381.0,497.0,0:00,1145.0,24.0,61.0,14.0,368.0,0.0,988.0,8.0,21.0,461.0,2882.0,0.0,17.0,96.0
698,698,16.6,2015-11-30,31.8,26.5,10.0,74.0,420.0,607.0,511.0,0:00,1830.0,32.0,134.0,32.0,688.0,1.0,1414.0,10.0,66.0,909.0,4539.0,1.0,86.0,91.0
699,699,0.0,2015-12-01,31.3,25.1,8.0,110.0,538.0,622.0,601.0,0:00,2290.0,35.0,136.0,36.0,720.0,2.0,1808.0,9.0,83.0,1052.0,5440.0,3.0,138.0,121.0
700,700,0.4,2015-12-02,27.9,4.0,5.0,59.0,531.0,443.0,637.0,0:00,1321.0,21.0,86.0,23.0,459.0,0.0,1016.0,4.0,67.0,610.0,3239.0,2.0,79.0,64.0
701,701,2.0,2015-12-03,27.9,18.5,6.0,106.0,536.0,643.0,703.0,0:00,1914.0,26.0,108.0,24.0,645.0,3.0,1737.0,11.0,86.0,933.0,4939.0,3.0,96.0,119.0
702,702,0.2,2015-12-04,25.6,16.7,3.0,85.0,546.0,497.0,640.0,0:00,1650.0,85.0,90.0,19.0,472.0,1.0,1644.0,5.0,58.0,741.0,4263.0,1.0,98.0,88.0
703,703,0.0,2015-12-05,28.4,26.9,1.0,67.0,522.0,553.0,675.0,0:00,1228.0,29.0,42.0,20.0,533.0,0.0,1165.0,7.0,31.0,514.0,3479.0,0.0,115.0,84.0
704,704,0.0,2015-12-06,29.1,28.5,6.0,80.0,588.0,572.0,665.0,0:00,1362.0,39.0,52.0,23.0,549.0,2.0,1310.0,3.0,26.0,531.0,3793.0,4.0,147.0,97.0
705,705,0.0,2015-12-07,29.8,28.8,0.0,80.0,475.0,636.0,546.0,0:00,1958.0,30.0,116.0,21.0,725.0,0.0,1561.0,6.0,84.0,886.0,4880.0,0.0,191.0,99.0
706,706,0.0,2015-12-08,30.7,27.5,20.0,101.0,464.0,696.0,614.0,0:00,2156.0,31.0,140.0,29.0,781.0,25.0,1842.0,18.0,73.0,1064.0,5475.0,28.0,136.0,125.0
707,707,0.0,2015-12-09,30.8,21.8,6.0,89.0,452.0,590.0,547.0,0:00,2174.0,32.0,127.0,26.0,632.0,8.0,1765.0,13.0,77.0,932.0,5161.0,6.0,87.0,118.0
708,708,0.0,2015-12-10,32.3,24.0,6.0,73.0,383.0,459.0,547.0,0:00,1891.0,17.0,89.0,20.0,492.0,2.0,1500.0,6.0,66.0,893.0,4342.0,2.0,69.0,90.0
709,709,0.6,2015-12-11,32.5,26.6,2.0,66.0,389.0,402.0,461.0,0:00,1523.0,14.0,109.0,13.0,403.0,0.0,1443.0,3.0,49.0,765.0,3771.0,1.0,73.0,88.0
710,710,1.0,2015-12-12,22.4,2.9,2.0,19.0,439.0,293.0,490.0,0:00,421.0,11.0,12.0,10.0,265.0,1.0,385.0,1.0,28.0,185.0,1364.0,1.0,18.0,26.0
711,711,9.8,2015-12-13,27.3,12.3,0.0,29.0,579.0,563.0,602.0,0:00,885.0,17.0,20.0,22.0,515.0,0.0,755.0,6.0,33.0,338.0,2718.0,0.0,35.0,25.0
712,712,0.8,2015-12-14,29.1,30.1,1.0,83.0,432.0,643.0,567.0,0:00,1974.0,44.0,122.0,33.0,715.0,1.0,1586.0,2.0,74.0,926.0,4918.0,1.0,208.0,95.0
713,713,0.0,2015-12-15,29.9,25.8,22.0,86.0,511.0,618.0,702.0,0:00,2097.0,30.0,122.0,26.0,675.0,0.0,1733.0,17.0,82.0,963.0,5123.0,0.0,110.0,114.0
714,714,0.0,2015-12-16,27.3,9.0,2.0,106.0,463.0,570.0,630.0,0:00,1975.0,22.0,95.0,26.0,618.0,0.0,1621.0,2.0,78.0,861.0,4784.0,1.0,75.0,111.0
715,715,3.8,2015-12-17,29.7,24.2,2.0,76.0,356.0,501.0,546.0,0:00,1675.0,22.0,111.0,26.0,518.0,0.0,1338.0,2.0,62.0,785.0,4032.0,0.0,81.0,97.0
716,716,3.2,2015-12-18,28.6,19.8,5.0,67.0,454.0,464.0,471.0,0:00,1648.0,123.0,84.0,27.0,430.0,0.0,1413.0,6.0,47.0,713.0,3955.0,3.0,69.0,89.0
717,717,0.0,2015-12-19,28.7,28.1,22.0,69.0,458.0,566.0,568.0,0:00,1224.0,25.0,65.0,25.0,436.0,1.0,1178.0,16.0,29.0,512.0,3404.0,0.0,55.0,88.0
718,718,0.0,2015-12-20,30.1,28.9,6.0,69.0,544.0,497.0,506.0,0:00,1256.0,30.0,72.0,20.0,578.0,0.0,1164.0,11.0,26.0,514.0,3495.0,0.0,37.0,81.0
719,719,0.0,2015-12-21,31.2,31.0,73.0,74.0,293.0,508.0,374.0,0:00,1667.0,25.0,109.0,23.0,559.0,84.0,1269.0,74.0,69.0,500.0,4003.0,262.0,88.0,79.0
720,720,0.0,2015-12-22,30.5,21.9,84.0,67.0,263.0,538.0,345.0,0:00,1771.0,19.0,100.0,26.0,560.0,117.0,1522.0,86.0,61.0,445.0,4391.0,325.0,77.0,89.0
721,721,0.0,2015-12-23,30.6,26.7,86.0,73.0,182.0,407.0,280.0,0:00,1557.0,22.0,101.0,22.0,421.0,121.0,1450.0,74.0,47.0,392.0,3835.0,289.0,43.0,81.0
722,722,3.2,2015-12-24,28.1,8.2,61.0,32.0,131.0,268.0,248.0,0:00,922.0,20.0,54.0,9.0,241.0,70.0,858.0,46.0,23.0,184.0,2289.0,190.0,40.0,46.0
723,723,9.2,2015-12-25,28.4,20.4,77.0,20.0,150.0,385.0,258.0,0:00,538.0,99.0,24.0,7.0,332.0,41.0,478.0,58.0,46.0,107.0,1733.0,103.0,292.0,30.0
724,724,0.4,2015-12-26,32.0,29.1,87.0,61.0,202.0,405.0,306.0,0:00,916.0,20.0,32.0,22.0,361.0,89.0,897.0,63.0,21.0,213.0,2579.0,207.0,269.0,67.0
725,725,0.8,2015-12-27,31.2,13.3,92.0,54.0,233.0,431.0,275.0,0:00,924.0,12.0,28.0,20.0,367.0,68.0,741.0,97.0,15.0,193.0,2463.0,182.0,49.0,49.0
726,726,0.8,2015-12-28,29.0,14.6,121.0,70.0,281.0,525.0,414.0,0:00,1135.0,26.0,53.0,7.0,482.0,101.0,1254.0,88.0,50.0,275.0,3396.0,262.0,98.0,81.0
727,727,0.0,2015-12-29,26.5,15.5,164.0,49.0,343.0,526.0,511.0,0:00,1328.0,72.0,68.0,15.0,498.0,118.0,1309.0,106.0,48.0,316.0,3661.0,305.0,91.0,61.0
728,728,0.0,2015-12-30,29.8,25.5,81.0,60.0,241.0,562.0,377.0,0:00,1291.0,59.0,83.0,21.0,547.0,103.0,1318.0,105.0,43.0,308.0,3718.0,252.0,265.0,74.0
729,729,0.0,2015-12-31,29.9,26.5,154.0,64.0,283.0,653.0,367.0,0:00,1194.0,37.0,63.0,23.0,494.0,89.0,1309.0,123.0,44.0,228.0,3650.0,239.0,116.0,91.0
730,730,0.0,2016-01-01,30.8,25.5,130.0,38.0,454.0,542.0,507.0,0:00,899.0,30.0,43.0,19.0,565.0,85.0,886.0,189.0,31.0,220.0,2892.0,188.0,114.0,48.0
731,731,0.0,2016-01-02,30.1,29.9,90.0,60.0,299.0,584.0,367.0,0:00,1344.0,38.0,55.0,25.0,524.0,113.0,1212.0,90.0,32.0,313.0,3664.0,250.0,107.0,72.0
732,732,0.0,2016-01-03,28.0,14.9,125.0,53.0,333.0,585.0,514.0,0:00,1090.0,32.0,53.0,20.0,516.0,98.0,969.0,133.0,42.0,267.0,3160.0,286.0,44.0,84.0
733,733,8.8,2016-01-04,26.8,10.6,95.0,58.0,279.0,384.0,378.0,0:00,1163.0,22.0,105.0,22.0,378.0,114.0,889.0,94.0,56.0,265.0,2814.0,307.0,88.0,60.0
736,736,0.0,2016-01-07,30.0,26.9,136.0,88.0,216.0,589.0,408.0,0:00,1942.0,28.0,159.0,25.0,679.0,181.0,1684.0,162.0,0.0,407.0,4894.0,555.0,0.0,112.0
737,737,0.0,2016-01-08,29.5,22.6,156.0,84.0,244.0,545.0,393.0,0:00,1799.0,38.0,140.0,24.0,561.0,169.0,1710.0,140.0,0.0,435.0,4615.0,491.0,0.0,90.0
738,738,0.0,2016-01-09,30.3,27.4,157.0,80.0,327.0,561.0,434.0,0:00,1514.0,34.0,83.0,14.0,524.0,140.0,1365.0,107.0,0.0,291.0,3964.0,366.0,0.0,119.0
739,739,0.0,2016-01-10,30.7,26.6,122.0,67.0,302.0,660.0,480.0,0:00,1582.0,41.0,105.0,28.0,622.0,157.0,1416.0,126.0,0.0,300.0,4280.0,397.0,670.0,101.0
740,740,0.0,2016-01-11,30.4,30.6,144.0,85.0,295.0,689.0,416.0,0:00,2045.0,49.0,194.0,36.0,776.0,198.0,1628.0,139.0,0.0,454.0,5138.0,583.0,5.0,108.0
741,741,0.0,2016-01-12,31.4,30.3,174.0,102.0,284.0,756.0,439.0,0:00,2292.0,21.0,168.0,29.0,810.0,267.0,1940.0,137.0,0.0,510.0,5798.0,686.0,0.0,142.0
742,742,0.0,2016-01-13,30.9,29.6,138.0,115.0,309.0,688.0,433.0,0:00,2260.0,23.0,184.0,29.0,764.0,271.0,1861.0,145.0,0.0,464.0,5573.0,540.0,6.0,136.0
743,743,0.0,2016-01-14,31.1,29.0,143.0,111.0,209.0,679.0,393.0,0:00,2020.0,42.0,161.0,24.0,750.0,218.0,1748.0,115.0,0.0,461.0,5197.0,575.0,3.0,126.0
744,744,0.0,2016-01-15,31.9,25.3,143.0,96.0,215.0,489.0,437.0,0:00,1737.0,54.0,132.0,23.0,487.0,239.0,1754.0,120.0,0.0,383.0,4467.0,478.0,5.0,105.0
745,745,1.0,2016-01-16,26.4,6.4,132.0,37.0,381.0,503.0,449.0,0:00,783.0,78.0,58.0,18.0,448.0,91.0,796.0,119.0,0.0,233.0,2530.0,219.0,0.0,46.0
746,746,0.0,2016-01-17,28.3,22.9,179.0,78.0,398.0,732.0,604.0,0:00,1783.0,41.0,118.0,39.0,696.0,202.0,1653.0,124.0,0.0,364.0,4864.0,492.0,4.0,99.0
747,747,0.0,2016-01-18,28.6,22.7,141.0,97.0,338.0,777.0,418.0,0:00,2125.0,44.0,185.0,33.0,860.0,198.0,1657.0,163.0,0.0,485.0,5419.0,580.0,1.0,113.0
748,748,0.0,2016-01-19,29.9,28.5,171.0,124.0,301.0,775.0,463.0,0:00,2404.0,42.0,162.0,27.0,862.0,240.0,1971.0,160.0,0.0,522.0,6012.0,736.0,0.0,135.0
749,749,0.0,2016-01-20,30.5,30.4,164.0,99.0,312.0,685.0,410.0,0:00,2270.0,20.0,141.0,27.0,754.0,212.0,1911.0,150.0,0.0,461.0,5620.0,680.0,0.0,111.0
750,750,0.0,2016-01-21,30.7,29.8,155.0,94.0,308.0,639.0,400.0,0:00,2225.0,24.0,145.0,40.0,720.0,210.0,1749.0,137.0,0.0,499.0,5333.0,614.0,1.0,122.0
751,751,0.0,2016-01-22,32.7,27.6,118.0,74.0,277.0,532.0,354.0,0:00,2001.0,33.0,109.0,23.0,562.0,186.0,1678.0,107.0,0.0,441.0,4773.0,603.0,0.0,67.0
752,752,0.0,2016-01-23,30.1,7.1,76.0,59.0,294.0,531.0,322.0,0:00,1418.0,12.0,58.0,27.0,503.0,142.0,1136.0,112.0,0.0,241.0,3588.0,311.0,0.0,77.0
753,753,10.2,2016-01-24,31.8,21.9,119.0,76.0,244.0,671.0,379.0,0:00,1392.0,25.0,72.0,28.0,618.0,134.0,1266.0,131.0,0.0,319.0,3947.0,335.0,2.0,119.0
754,754,0.0,2016-01-25,30.8,18.0,108.0,80.0,259.0,591.0,369.0,0:00,1681.0,21.0,94.0,22.0,601.0,197.0,1306.0,96.0,0.0,419.0,4179.0,385.0,0.0,105.0
755,755,2.0,2016-01-26,28.5,7.2,119.0,54.0,414.0,599.0,536.0,0:00,1248.0,26.0,48.0,15.0,523.0,100.0,1010.0,101.0,0.0,228.0,3380.0,292.0,0.0,60.0
756,756,0.4,2016-01-27,29.4,15.9,140.0,97.0,266.0,668.0,340.0,0:00,2087.0,38.0,124.0,28.0,764.0,186.0,1622.0,150.0,0.0,434.0,5141.0,636.0,0.0,109.0
757,757,0.2,2016-01-28,29.9,5.8,146.0,85.0,294.0,578.0,338.0,0:00,2046.0,22.0,110.0,29.0,654.0,272.0,1617.0,157.0,0.0,439.0,4895.0,531.0,0.0,97.0
758,758,1.8,2016-01-29,35.7,18.6,142.0,66.0,212.0,388.0,290.0,0:00,1785.0,10.0,89.0,22.0,405.0,154.0,1402.0,106.0,0.0,369.0,3980.0,467.0,0.0,68.0
759,759,1.2,2016-01-30,30.8,8.6,128.0,69.0,263.0,464.0,339.0,0:00,1320.0,27.0,48.0,25.0,440.0,130.0,1142.0,108.0,0.0,210.0,3366.0,321.0,0.0,76.0
760,760,2.6,2016-01-31,34.0,21.8,145.0,77.0,307.0,624.0,378.0,0:00,1976.0,15.0,60.0,20.0,594.0,184.0,1579.0,136.0,0.0,298.0,4773.0,393.0,0.0,104.0
761,761,0.0,2016-02-01,35.0,24.1,110.0,93.0,180.0,611.0,322.0,0:00,2143.0,24.0,124.0,27.0,677.0,252.0,1546.0,132.0,0.0,438.0,4977.0,508.0,0.0,93.0
762,762,0.0,2016-02-02,36.2,13.5,153.0,105.0,155.0,449.0,323.0,0:00,2152.0,22.0,139.0,24.0,360.0,243.0,1864.0,133.0,0.0,491.0,4825.0,570.0,0.0,83.0
763,763,0.2,2016-02-03,34.1,16.5,105.0,91.0,202.0,555.0,321.0,0:00,2164.0,17.0,144.0,13.0,583.0,258.0,1740.0,97.0,0.0,435.0,5042.0,574.0,0.0,111.0
766,766,1.2,2016-02-06,29.9,18.3,139.0,54.0,273.0,481.0,399.0,0:00,1147.0,23.0,56.0,21.0,437.0,84.0,965.0,95.0,0.0,183.0,3030.0,251.0,29.0,67.0
767,767,7.8,2016-02-07,28.6,12.5,193.0,112.0,433.0,702.0,528.0,0:00,1683.0,42.0,86.0,30.0,640.0,124.0,1578.0,165.0,0.0,337.0,4603.0,374.0,1.0,135.0
768,768,0.2,2016-02-08,30.9,23.6,169.0,102.0,270.0,682.0,404.0,0:00,2220.0,51.0,162.0,35.0,751.0,215.0,1693.0,177.0,0.0,472.0,5346.0,601.0,1.0,113.0
769,769,0.0,2016-02-09,30.4,24.9,168.0,116.0,304.0,710.0,496.0,0:00,2421.0,49.0,76.0,43.0,782.0,269.0,2119.0,154.0,0.0,515.0,6032.0,729.0,29.0,142.0
770,770,0.0,2016-02-10,30.9,23.6,141.0,116.0,270.0,702.0,418.0,0:00,2384.0,52.0,20.0,30.0,739.0,234.0,2003.0,154.0,0.0,456.0,5828.0,670.0,1.0,126.0
771,771,0.0,2016-02-11,31.0,24.8,172.0,130.0,380.0,657.0,638.0,0:00,2337.0,88.0,114.0,30.0,722.0,233.0,2014.0,143.0,0.0,472.0,5730.0,670.0,2.0,155.0
772,772,0.0,2016-02-12,30.6,25.4,163.0,90.0,248.0,564.0,373.0,0:00,2046.0,80.0,122.0,29.0,536.0,213.0,1723.0,125.0,0.0,390.0,4869.0,546.0,2.0,98.0
773,773,0.0,2016-02-13,28.9,14.5,163.0,56.0,340.0,544.0,471.0,0:00,1437.0,68.0,64.0,21.0,533.0,110.0,1406.0,131.0,0.0,280.0,3920.0,406.0,0.0,94.0
774,774,0.2,2016-02-14,32.5,26.1,138.0,62.0,284.0,630.0,486.0,0:00,1539.0,63.0,59.0,18.0,566.0,168.0,1451.0,144.0,0.0,342.0,4186.0,337.0,0.0,77.0
775,775,0.0,2016-02-15,34.3,28.1,164.0,89.0,183.0,661.0,393.0,0:00,2152.0,55.0,156.0,35.0,769.0,226.0,1648.0,170.0,0.0,424.0,5230.0,586.0,0.0,113.0
776,776,0.0,2016-02-16,36.0,27.7,170.0,95.0,219.0,673.0,369.0,0:00,2415.0,59.0,180.0,33.0,725.0,316.0,1993.0,183.0,0.0,463.0,5806.0,628.0,1.0,118.0
777,777,0.0,2016-02-17,33.8,23.6,147.0,88.0,220.0,665.0,328.0,0:00,2387.0,18.0,159.0,21.0,738.0,395.0,1896.0,161.0,0.0,464.0,5686.0,483.0,0.0,114.0
778,778,0.0,2016-02-18,32.6,26.2,138.0,94.0,251.0,611.0,311.0,0:00,2309.0,18.0,159.0,26.0,667.0,286.0,1829.0,137.0,0.0,465.0,5416.0,552.0,2.0,108.0
779,779,0.4,2016-02-19,32.7,18.9,92.0,60.0,168.0,345.0,237.0,0:00,1612.0,16.0,100.0,15.0,370.0,207.0,1268.0,105.0,0.0,307.0,3595.0,417.0,7.0,84.0
780,780,3.6,2016-02-20,32.3,23.0,104.0,63.0,246.0,562.0,343.0,0:00,1362.0,22.0,49.0,28.0,511.0,142.0,1130.0,114.0,0.0,281.0,3565.0,343.0,108.0,105.0
781,781,0.0,2016-02-21,31.8,26.6,109.0,105.0,305.0,754.0,404.0,0:00,1601.0,50.0,93.0,25.0,655.0,158.0,1378.0,89.0,0.0,303.0,4388.0,369.0,81.0,130.0
782,782,0.2,2016-02-22,31.8,25.6,158.0,82.0,234.0,720.0,400.0,0:00,2219.0,22.0,166.0,22.0,788.0,225.0,1718.0,155.0,0.0,449.0,5445.0,577.0,11.0,93.0
783,783,0.0,2016-02-23,31.7,23.6,181.0,95.0,255.0,762.0,407.0,0:00,2524.0,27.0,168.0,30.0,839.0,237.0,1981.0,148.0,0.0,483.0,6106.0,738.0,8.0,124.0
784,784,0.0,2016-02-24,32.0,22.7,164.0,100.0,257.0,714.0,420.0,0:00,2457.0,29.0,155.0,29.0,815.0,264.0,1933.0,164.0,0.0,458.0,5919.0,639.0,15.0,116.0
785,785,0.0,2016-02-25,31.9,26.8,156.0,102.0,231.0,694.0,340.0,0:00,2332.0,33.0,165.0,30.0,752.0,285.0,1849.0,142.0,0.0,429.0,5627.0,555.0,12.0,123.0
786,786,0.0,2016-02-26,32.8,26.0,130.0,86.0,217.0,530.0,299.0,0:00,2004.0,23.0,122.0,25.0,542.0,226.0,1695.0,127.0,0.0,358.0,4771.0,486.0,1.0,97.0
787,787,0.0,2016-02-27,35.5,26.3,141.0,64.0,261.0,580.0,441.0,0:00,1334.0,29.0,74.0,20.0,542.0,148.0,1309.0,104.0,0.0,273.0,3765.0,298.0,10.0,70.0
788,788,0.0,2016-02-28,32.9,15.3,86.0,61.0,275.0,677.0,336.0,0:00,1432.0,15.0,81.0,18.0,596.0,172.0,1375.0,81.0,0.0,292.0,4080.0,407.0,0.0,102.0
789,789,0.0,2016-02-29,32.9,20.2,127.0,75.0,175.0,713.0,397.0,0:00,2215.0,26.0,157.0,24.0,776.0,243.0,1789.0,143.0,0.0,440.0,5493.0,587.0,4.0,96.0
790,790,0.4,2016-03-01,30.5,13.5,147.0,78.0,200.0,533.0,308.0,0:00,1998.0,25.0,143.0,29.0,500.0,204.0,1661.0,124.0,0.0,389.0,4692.0,555.0,1.0,116.0
791,791,20.8,2016-03-02,29.8,18.1,172.0,69.0,263.0,667.0,370.0,0:00,2234.0,25.0,136.0,23.0,708.0,195.0,1688.0,183.0,0.0,402.0,5297.0,545.0,162.0,96.0
792,792,6.6,2016-03-03,30.3,20.6,141.0,81.0,234.0,730.0,345.0,0:00,2391.0,24.0,147.0,30.0,766.0,208.0,1980.0,136.0,0.0,452.0,5867.0,675.0,57.0,94.0
793,793,0.4,2016-03-04,29.9,18.3,110.0,65.0,257.0,611.0,308.0,0:00,2090.0,32.0,128.0,22.0,569.0,176.0,1631.0,123.0,0.0,371.0,4901.0,521.0,11.0,75.0
794,794,0.0,2016-03-05,28.6,13.1,148.0,81.0,289.0,573.0,443.0,0:00,1415.0,212.0,59.0,27.0,545.0,114.0,1320.0,112.0,0.0,235.0,3853.0,383.0,0.0,107.0
795,795,1.8,2016-03-06,30.5,18.4,140.0,90.0,286.0,752.0,384.0,0:00,1491.0,187.0,69.0,26.0,665.0,161.0,1265.0,141.0,0.0,326.0,4173.0,460.0,0.0,125.0
796,796,3.2,2016-03-07,30.4,16.5,130.0,68.0,237.0,639.0,382.0,0:00,1979.0,38.0,127.0,26.0,697.0,133.0,1427.0,120.0,0.0,325.0,4742.0,461.0,2.0,68.0
797,797,1.2,2016-03-08,30.1,14.9,156.0,86.0,263.0,726.0,378.0,0:00,2276.0,36.0,134.0,29.0,764.0,199.0,1582.0,174.0,0.0,425.0,5348.0,552.0,35.0,109.0
821,821,0.0,2016-04-01,29.5,18.6,125.0,64.0,232.0,594.0,385.0,0:00,1982.0,31.0,133.0,25.0,558.0,177.0,1552.0,125.0,13.0,376.0,4686.0,547.0,15.0,78.0
822,822,0.0,2016-04-02,30.4,20.8,139.0,103.0,373.0,642.0,466.0,0:00,1561.0,31.0,87.0,31.0,589.0,150.0,1249.0,128.0,4.0,282.0,4041.0,414.0,0.0,128.0
823,823,0.0,2016-04-03,30.1,21.2,156.0,100.0,334.0,761.0,418.0,0:00,1705.0,44.0,58.0,37.0,680.0,165.0,1401.0,152.0,7.0,322.0,4547.0,466.0,4.0,149.0
824,824,0.0,2016-04-04,30.0,18.3,160.0,78.0,272.0,717.0,444.0,0:00,2103.0,35.0,143.0,32.0,793.0,192.0,1619.0,175.0,25.0,444.0,5232.0,576.0,12.0,88.0
825,825,0.0,2016-04-05,29.1,20.3,213.0,99.0,301.0,854.0,426.0,0:00,2616.0,80.0,197.0,36.0,908.0,212.0,2071.0,196.0,23.0,439.0,6449.0,689.0,10.0,117.0
826,826,0.0,2016-04-06,29.6,20.3,195.0,105.0,274.0,774.0,381.0,0:00,2490.0,57.0,173.0,34.0,830.0,232.0,2007.0,192.0,17.0,446.0,6101.0,691.0,9.0,99.0
827,827,0.0,2016-04-07,30.8,20.9,202.0,102.0,266.0,750.0,326.0,0:00,2200.0,33.0,157.0,25.0,766.0,198.0,1863.0,165.0,24.0,433.0,5579.0,645.0,15.0,109.0
828,828,0.0,2016-04-08,29.8,15.7,148.0,75.0,209.0,611.0,324.0,0:00,2033.0,25.0,124.0,21.0,612.0,194.0,1742.0,155.0,22.0,365.0,4998.0,544.0,11.0,85.0
829,829,0.0,2016-04-09,30.1,18.1,141.0,78.0,361.0,724.0,447.0,0:00,1494.0,36.0,71.0,32.0,671.0,122.0,1338.0,134.0,8.0,266.0,4227.0,422.0,11.0,111.0
830,830,0.0,2016-04-10,29.7,19.6,178.0,92.0,390.0,870.0,474.0,0:00,1804.0,22.0,78.0,31.0,705.0,162.0,1406.0,144.0,7.0,325.0,4785.0,433.0,5.0,84.0
831,831,0.0,2016-04-11,30.5,9.1,178.0,88.0,238.0,694.0,342.0,0:00,2216.0,23.0,148.0,30.0,734.0,224.0,1633.0,200.0,22.0,388.0,5277.0,563.0,13.0,88.0
832,832,0.0,2016-04-12,27.6,9.7,196.0,89.0,314.0,732.0,471.0,0:00,2405.0,42.0,164.0,27.0,817.0,212.0,1967.0,195.0,29.0,464.0,5921.0,717.0,7.0,95.0
833,833,0.0,2016-04-13,28.5,16.7,177.0,95.0,353.0,829.0,434.0,0:00,2492.0,34.0,173.0,33.0,816.0,171.0,2086.0,156.0,34.0,518.0,6223.0,596.0,7.0,99.0
834,834,1.4,2016-04-14,27.3,12.7,146.0,63.0,347.0,612.0,428.0,0:00,1845.0,23.0,130.0,20.0,534.0,176.0,1487.0,163.0,30.0,422.0,4478.0,426.0,13.0,70.0
835,835,0.6,2016-04-15,26.5,13.6,177.0,60.0,327.0,493.0,422.0,0:00,1993.0,34.0,132.0,17.0,508.0,165.0,1705.0,141.0,40.0,387.0,4699.0,429.0,12.0,80.0
836,836,0.4,2016-04-16,27.3,15.8,201.0,96.0,412.0,645.0,547.0,0:00,1434.0,46.0,49.0,24.0,660.0,107.0,1286.0,148.0,17.0,281.0,4025.0,373.0,12.0,91.0
837,837,0.0,2016-04-17,28.2,16.0,185.0,101.0,542.0,879.0,606.0,0:00,1706.0,22.0,59.0,26.0,826.0,141.0,1443.0,184.0,9.0,373.0,4854.0,378.0,4.0,110.0
838,838,0.0,2016-04-18,28.3,17.0,161.0,84.0,378.0,772.0,507.0,0:00,2275.0,53.0,154.0,36.0,842.0,182.0,1711.0,166.0,63.0,504.0,5600.0,474.0,22.0,86.0
839,839,0.0,2016-04-19,28.7,15.8,185.0,104.0,424.0,856.0,455.0,0:00,2653.0,40.0,169.0,24.0,937.0,182.0,2021.0,163.0,67.0,595.0,6467.0,596.0,35.0,113.0
840,840,0.0,2016-04-20,30.1,15.7,189.0,101.0,366.0,743.0,502.0,0:00,2331.0,49.0,168.0,25.0,816.0,155.0,1975.0,142.0,47.0,545.0,5865.0,499.0,27.0,101.0
841,841,0.0,2016-04-21,27.7,10.8,136.0,84.0,348.0,656.0,481.0,0:00,2242.0,49.0,146.0,36.0,675.0,207.0,1822.0,145.0,58.0,528.0,5395.0,426.0,36.0,96.0
842,842,4.0,2016-04-22,30.4,18.2,154.0,80.0,281.0,627.0,372.0,0:00,2041.0,28.0,140.0,19.0,614.0,161.0,1709.0,151.0,30.0,458.0,4991.0,468.0,37.0,94.0
843,843,0.0,2016-04-23,30.1,16.3,182.0,97.0,372.0,648.0,414.0,0:00,1363.0,43.0,54.0,26.0,604.0,115.0,1232.0,110.0,47.0,267.0,3847.0,367.0,153.0,104.0
844,844,0.0,2016-04-24,28.4,16.1,159.0,108.0,431.0,784.0,592.0,0:00,1411.0,61.0,59.0,33.0,709.0,127.0,1359.0,132.0,19.0,343.0,4263.0,378.0,22.0,118.0
845,845,0.0,2016-04-25,27.6,13.5,152.0,78.0,430.0,841.0,520.0,0:00,1334.0,37.0,58.0,26.0,746.0,107.0,1216.0,138.0,47.0,278.0,4137.0,275.0,32.0,96.0
846,846,1.8,2016-04-26,26.9,13.0,158.0,80.0,369.0,739.0,476.0,0:00,2084.0,29.0,130.0,34.0,790.0,260.0,1668.0,176.0,90.0,475.0,5281.0,433.0,86.0,80.0
847,847,0.0,2016-04-27,27.1,13.6,38.0,79.0,512.0,633.0,673.0,0:00,2263.0,32.0,130.0,27.0,603.0,26.0,1735.0,19.0,86.0,873.0,5234.0,41.0,104.0,82.0
848,848,1.4,2016-04-28,28.3,13.1,3.0,74.0,608.0,667.0,668.0,0:00,1964.0,23.0,120.0,28.0,678.0,1.0,1389.0,1.0,77.0,781.0,4698.0,0.0,81.0,90.0
849,849,0.6,2016-04-29,25.6,7.3,1.0,67.0,504.0,480.0,573.0,0:00,1684.0,19.0,94.0,25.0,451.0,0.0,1372.0,2.0,62.0,681.0,3987.0,0.0,56.0,78.0
850,850,2.6,2016-04-30,29.3,14.2,130.0,91.0,393.0,624.0,455.0,0:00,1244.0,19.0,56.0,23.0,638.0,108.0,998.0,109.0,28.0,282.0,3504.0,204.0,20.0,101.0
851,851,1.4,2016-05-01,24.6,6.7,143.0,14.0,343.0,504.0,415.0,0:00,592.0,14.0,30.0,13.0,463.0,59.0,455.0,104.0,14.0,142.0,2014.0,136.0,106.0,30.0
852,852,15.0,2016-05-02,27.4,12.4,186.0,104.0,540.0,995.0,738.0,0:00,1839.0,36.0,101.0,34.0,902.0,163.0,1528.0,161.0,4.0,442.0,5264.0,308.0,5.0,139.0
853,853,10.6,2016-05-03,29.6,16.6,162.0,85.0,375.0,659.0,450.0,0:00,1977.0,36.0,149.0,32.0,683.0,258.0,1476.0,172.0,1.0,504.0,4795.0,322.0,2.0,81.0
854,854,0.0,2016-05-04,28.9,17.6,201.0,99.0,386.0,802.0,514.0,0:00,2470.0,25.0,162.0,32.0,832.0,221.0,1895.0,182.0,0.0,555.0,5999.0,453.0,0.0,106.0
855,855,0.0,2016-05-05,28.0,16.7,197.0,83.0,404.0,756.0,480.0,0:00,2293.0,34.0,156.0,31.0,790.0,223.0,1789.0,208.0,0.0,515.0,5628.0,440.0,0.0,99.0
856,856,0.0,2016-05-06,28.5,16.6,160.0,88.0,351.0,650.0,384.0,0:00,1968.0,36.0,96.0,38.0,635.0,217.0,1690.0,174.0,62.0,529.0,4943.0,394.0,73.0,95.0
857,857,0.0,2016-05-07,27.7,15.7,198.0,72.0,416.0,636.0,563.0,0:00,1444.0,34.0,75.0,30.0,621.0,181.0,1391.0,133.0,38.0,303.0,4092.0,331.0,42.0,88.0
858,858,0.0,2016-05-08,27.3,14.4,187.0,82.0,391.0,783.0,573.0,0:00,1381.0,27.0,50.0,11.0,730.0,156.0,1160.0,144.0,36.0,333.0,4054.0,272.0,38.0,78.0
859,859,0.6,2016-05-09,28.2,14.1,196.0,97.0,414.0,802.0,423.0,0:00,2207.0,33.0,137.0,37.0,838.0,262.0,1480.0,207.0,72.0,508.0,5327.0,363.0,100.0,113.0
860,860,0.0,2016-05-10,28.4,10.0,203.0,111.0,421.0,843.0,526.0,0:00,2514.0,41.0,160.0,36.0,887.0,300.0,1962.0,218.0,89.0,614.0,6206.0,455.0,103.0,112.0
861,861,0.0,2016-05-11,25.6,10.8,194.0,86.0,442.0,797.0,596.0,0:00,2343.0,39.0,145.0,35.0,850.0,236.0,1872.0,176.0,68.0,522.0,5862.0,409.0,91.0,100.0
862,862,0.0,2016-05-12,26.4,16.8,198.0,86.0,479.0,763.0,520.0,0:00,2053.0,61.0,125.0,32.0,801.0,277.0,1773.0,196.0,77.0,452.0,5390.0,370.0,91.0,94.0
863,863,0.0,2016-05-13,27.0,16.7,182.0,73.0,371.0,620.0,409.0,0:00,1925.0,35.0,109.0,27.0,624.0,238.0,1593.0,195.0,47.0,461.0,4762.0,368.0,68.0,85.0
864,864,0.0,2016-05-14,26.9,14.3,224.0,73.0,449.0,641.0,599.0,0:00,1361.0,32.0,54.0,16.0,662.0,180.0,1227.0,160.0,30.0,291.0,3891.0,308.0,33.0,103.0
865,865,0.0,2016-05-15,27.3,16.5,256.0,94.0,498.0,933.0,685.0,0:00,1816.0,37.0,44.0,36.0,938.0,188.0,1564.0,223.0,23.0,381.0,5251.0,338.0,25.0,100.0
866,866,0.0,2016-05-16,28.1,15.2,165.0,87.0,436.0,769.0,503.0,0:00,2069.0,39.0,158.0,27.0,836.0,250.0,1555.0,180.0,74.0,510.0,5229.0,350.0,79.0,95.0
867,867,0.0,2016-05-17,28.0,15.2,195.0,108.0,401.0,800.0,502.0,0:00,2371.0,36.0,136.0,39.0,827.0,302.0,1927.0,215.0,110.0,570.0,5925.0,422.0,98.0,94.0
868,868,0.0,2016-05-18,27.7,15.1,209.0,83.0,425.0,787.0,519.0,0:00,2360.0,32.0,129.0,37.0,857.0,278.0,1790.0,235.0,90.0,558.0,5794.0,391.0,120.0,91.0
869,869,0.0,2016-05-19,27.7,11.9,210.0,95.0,386.0,754.0,600.0,0:00,2270.0,27.0,141.0,22.0,776.0,288.0,1759.0,197.0,80.0,543.0,5559.0,386.0,108.0,104.0
870,870,0.0,2016-05-20,29.2,15.0,187.0,72.0,367.0,618.0,461.0,0:00,2109.0,40.0,109.0,26.0,621.0,244.0,1613.0,179.0,64.0,507.0,4961.0,359.0,67.0,81.0
871,871,0.0,2016-05-21,26.6,13.5,190.0,78.0,396.0,678.0,627.0,0:00,1411.0,34.0,47.0,23.0,683.0,180.0,1286.0,143.0,40.0,321.0,4058.0,327.0,42.0,87.0
872,872,0.0,2016-05-22,26.5,10.2,198.0,94.0,476.0,846.0,631.0,0:00,1683.0,37.0,61.0,23.0,788.0,181.0,1355.0,213.0,37.0,332.0,4672.0,296.0,32.0,96.0
873,873,0.0,2016-05-23,28.1,14.7,197.0,86.0,407.0,766.0,495.0,0:00,2158.0,34.0,143.0,32.0,837.0,276.0,1556.0,226.0,89.0,489.0,5317.0,348.0,92.0,93.0
874,874,0.0,2016-05-24,27.4,14.7,194.0,109.0,435.0,808.0,534.0,0:00,2495.0,35.0,148.0,39.0,885.0,315.0,1953.0,201.0,78.0,573.0,6141.0,439.0,100.0,117.0
875,875,0.0,2016-05-25,25.6,14.6,196.0,89.0,454.0,742.0,519.0,0:00,2245.0,33.0,131.0,29.0,765.0,276.0,1777.0,200.0,87.0,524.0,5529.0,370.0,95.0,88.0
876,876,0.0,2016-05-26,28.2,14.5,210.0,86.0,430.0,692.0,500.0,0:00,2094.0,33.0,137.0,36.0,745.0,288.0,1711.0,193.0,64.0,540.0,5242.0,357.0,87.0,107.0
877,877,0.0,2016-05-27,25.6,14.2,167.0,69.0,402.0,648.0,506.0,0:00,1765.0,47.0,100.0,31.0,642.0,250.0,1617.0,164.0,62.0,433.0,4672.0,318.0,61.0,76.0
878,878,0.0,2016-05-28,23.6,14.4,207.0,56.0,436.0,683.0,610.0,0:00,1091.0,52.0,48.0,28.0,648.0,168.0,1214.0,151.0,42.0,295.0,3636.0,315.0,44.0,73.0
879,879,0.0,2016-05-29,23.8,14.0,201.0,96.0,520.0,750.0,649.0,0:00,1339.0,38.0,49.0,39.0,754.0,224.0,1399.0,172.0,43.0,351.0,4242.0,282.0,44.0,82.0
880,880,0.0,2016-05-30,23.7,14.2,184.0,83.0,472.0,738.0,536.0,0:00,1942.0,36.0,124.0,23.0,821.0,277.0,1468.0,187.0,73.0,430.0,4969.0,361.0,93.0,95.0
881,881,0.0,2016-05-31,24.9,12.1,215.0,108.0,467.0,775.0,532.0,0:00,2179.0,43.0,116.0,29.0,840.0,294.0,1783.0,228.0,76.0,470.0,5577.0,387.0,95.0,111.0
882,882,0.0,2016-06-01,22.4,8.9,167.0,83.0,408.0,685.0,499.0,0:00,2148.0,36.0,111.0,40.0,704.0,254.0,1790.0,221.0,65.0,448.0,5327.0,309.0,89.0,92.0
883,883,0.0,2016-06-02,20.6,10.1,154.0,70.0,340.0,498.0,381.0,0:00,1755.0,21.0,96.0,21.0,510.0,226.0,1177.0,162.0,56.0,374.0,3940.0,268.0,78.0,80.0
884,884,1.2,2016-06-03,21.2,9.0,139.0,40.0,268.0,469.0,315.0,0:00,1214.0,17.0,58.0,17.0,452.0,145.0,894.0,114.0,42.0,284.0,3029.0,186.0,64.0,41.0
885,885,48.6,2016-06-04,21.6,4.1,51.0,5.0,110.0,111.0,102.0,0:00,80.0,14.0,1.0,13.0,111.0,16.0,75.0,55.0,6.0,38.0,377.0,30.0,5.0,11.0
886,886,88.2,2016-06-05,19.5,13.5,186.0,35.0,500.0,714.0,606.0,0:00,808.0,39.0,44.0,25.0,690.0,127.0,823.0,157.0,51.0,214.0,3035.0,190.0,46.0,50.0
887,887,0.0,2016-06-06,18.7,10.1,143.0,56.0,397.0,629.0,458.0,0:00,1370.0,25.0,96.0,21.0,647.0,250.0,1360.0,177.0,71.0,346.0,4006.0,265.0,69.0,61.0
888,888,0.0,2016-06-07,22.4,14.0,205.0,81.0,487.0,757.0,554.0,0:00,2171.0,38.0,139.0,40.0,779.0,297.0,1786.0,203.0,85.0,442.0,5493.0,375.0,81.0,92.0
889,889,0.0,2016-06-08,24.0,14.0,181.0,71.0,474.0,718.0,538.0,0:00,2060.0,27.0,136.0,27.0,772.0,256.0,1701.0,207.0,79.0,474.0,5251.0,338.0,81.0,85.0
890,890,0.0,2016-06-09,28.1,13.9,190.0,90.0,438.0,725.0,482.0,0:00,2033.0,30.0,132.0,28.0,776.0,301.0,1610.0,175.0,78.0,463.0,5144.0,353.0,94.0,111.0
891,891,0.0,2016-06-10,25.2,13.8,163.0,63.0,360.0,625.0,530.0,0:00,1799.0,30.0,109.0,26.0,630.0,229.0,1462.0,157.0,71.0,456.0,4516.0,322.0,58.0,62.0
892,892,0.0,2016-06-11,23.7,12.9,203.0,88.0,497.0,684.0,663.0,0:00,1232.0,28.0,65.0,30.0,654.0,185.0,1377.0,159.0,37.0,283.0,3947.0,334.0,32.0,85.0
893,893,0.0,2016-06-12,21.8,8.7,176.0,107.0,475.0,653.0,616.0,0:00,1081.0,38.0,39.0,57.0,607.0,178.0,1191.0,169.0,34.0,239.0,3532.0,295.0,38.0,101.0
894,894,1.2,2016-06-13,20.6,10.7,140.0,66.0,360.0,512.0,423.0,0:00,1269.0,26.0,120.0,17.0,566.0,191.0,930.0,150.0,62.0,346.0,3277.0,245.0,74.0,64.0
895,895,2.0,2016-06-14,23.0,11.7,159.0,65.0,380.0,713.0,502.0,0:00,1704.0,40.0,117.0,39.0,773.0,264.0,1205.0,192.0,61.0,416.0,4395.0,315.0,95.0,85.0
896,896,1.6,2016-06-15,21.4,10.1,138.0,64.0,410.0,566.0,396.0,0:00,1626.0,27.0,115.0,27.0,602.0,193.0,1246.0,181.0,65.0,375.0,4040.0,284.0,77.0,72.0
897,897,2.4,2016-06-16,23.2,11.0,160.0,69.0,378.0,612.0,452.0,0:00,1839.0,19.0,111.0,21.0,633.0,229.0,1371.0,170.0,67.0,412.0,4455.0,304.0,79.0,73.0
898,898,0.0,2016-06-17,22.9,11.8,155.0,67.0,332.0,578.0,456.0,0:00,1785.0,32.0,92.0,29.0,539.0,225.0,1344.0,147.0,54.0,392.0,4246.0,292.0,60.0,66.0
899,899,0.0,2016-06-18,22.5,8.3,222.0,51.0,432.0,674.0,582.0,0:00,1296.0,28.0,48.0,30.0,663.0,174.0,1121.0,166.0,34.0,263.0,3754.0,295.0,46.0,61.0
900,900,3.8,2016-06-19,22.5,4.6,65.0,11.0,218.0,277.0,215.0,0:00,226.0,3.0,16.0,4.0,261.0,45.0,179.0,85.0,7.0,54.0,943.0,49.0,12.0,20.0
901,901,110.6,2016-06-20,20.5,13.2,449.0,48.0,80.0,694.0,124.0,0:00,1490.0,28.0,83.0,41.0,724.0,429.0,1118.0,499.0,58.0,67.0,4026.0,458.0,68.0,67.0
902,902,0.2,2016-06-21,20.6,12.7,539.0,81.0,28.0,737.0,30.0,0:00,1969.0,28.0,105.0,28.0,774.0,562.0,1594.0,521.0,60.0,9.0,5074.0,670.0,83.0,95.0
903,903,0.0,2016-06-22,21.5,9.2,477.0,74.0,31.0,648.0,22.0,0:00,1863.0,27.0,107.0,31.0,673.0,522.0,1588.0,463.0,58.0,3.0,4772.0,667.0,93.0,74.0
904,904,2.4,2016-06-23,19.0,6.0,371.0,40.0,25.0,419.0,22.0,0:00,958.0,34.0,65.0,29.0,493.0,318.0,684.0,406.0,55.0,2.0,2554.0,392.0,52.0,49.0
905,905,0.0,2016-06-24,23.5,12.3,449.0,66.0,11.0,540.0,7.0,0:00,1522.0,28.0,91.0,26.0,518.0,430.0,1405.0,380.0,44.0,3.0,3985.0,549.0,46.0,72.0
906,906,0.2,2016-06-25,18.1,13.9,526.0,35.0,0.0,655.0,0.0,0:00,1009.0,31.0,30.0,25.0,581.0,282.0,1129.0,471.0,47.0,0.0,3374.0,437.0,39.0,48.0
907,907,0.0,2016-06-26,17.3,10.3,573.0,59.0,2.0,601.0,2.0,0:00,904.0,24.0,35.0,22.0,543.0,217.0,883.0,429.0,171.0,0.0,2931.0,388.0,176.0,61.0
908,908,1.0,2016-06-27,17.4,7.7,385.0,34.0,3.0,434.0,3.0,0:00,799.0,25.0,54.0,15.0,485.0,289.0,627.0,371.0,51.0,0.0,2345.0,342.0,50.0,40.0
909,909,1.2,2016-06-28,18.5,14.0,492.0,59.0,6.0,651.0,4.0,0:00,1437.0,26.0,98.0,23.0,710.0,503.0,1413.0,442.0,66.0,0.0,4211.0,609.0,88.0,54.0
910,910,0.2,2016-06-29,21.7,14.0,510.0,71.0,8.0,656.0,6.0,0:00,1585.0,53.0,115.0,47.0,661.0,470.0,1445.0,576.0,70.0,3.0,4347.0,578.0,71.0,80.0
911,911,0.0,2016-06-30,22.4,12.8,355.0,74.0,298.0,617.0,286.0,0:00,1555.0,27.0,95.0,24.0,639.0,318.0,1268.0,228.0,63.0,132.0,4079.0,472.0,88.0,72.0
912,912,0.0,2016-07-01,22.6,14.0,182.0,69.0,346.0,565.0,407.0,0:00,1446.0,36.0,86.0,25.0,545.0,241.0,1317.0,155.0,51.0,262.0,3873.0,372.0,39.0,73.0
913,913,0.0,2016-07-02,21.6,14.1,189.0,64.0,374.0,572.0,465.0,0:00,974.0,39.0,53.0,31.0,505.0,171.0,1028.0,139.0,45.0,200.0,3079.0,259.0,49.0,78.0
914,914,0.0,2016-07-03,22.1,14.1,184.0,54.0,567.0,685.0,536.0,0:00,1154.0,25.0,57.0,23.0,616.0,173.0,1184.0,171.0,58.0,279.0,3639.0,274.0,50.0,68.0
915,915,0.0,2016-07-04,22.7,13.6,210.0,57.0,400.0,703.0,483.0,0:00,1534.0,26.0,104.0,27.0,769.0,266.0,1176.0,201.0,75.0,297.0,4182.0,341.0,94.0,70.0
916,916,2.0,2016-07-05,19.4,5.9,176.0,37.0,342.0,490.0,326.0,0:00,907.0,18.0,52.0,16.0,528.0,165.0,674.0,191.0,35.0,215.0,2599.0,209.0,42.0,44.0
917,917,6.8,2016-07-06,16.6,14.2,174.0,58.0,365.0,629.0,451.0,0:00,1691.0,45.0,115.0,27.0,631.0,244.0,1239.0,174.0,79.0,288.0,4190.0,312.0,83.0,69.0
918,918,0.2,2016-07-07,20.2,14.3,187.0,65.0,413.0,641.0,449.0,0:00,1549.0,34.0,110.0,30.0,644.0,266.0,1256.0,166.0,58.0,329.0,4090.0,310.0,72.0,69.0
919,919,0.0,2016-07-08,23.1,14.3,181.0,65.0,367.0,625.0,425.0,0:00,1529.0,22.0,93.0,22.0,546.0,210.0,1437.0,166.0,74.0,333.0,4137.0,314.0,66.0,82.0
920,920,0.0,2016-07-09,23.0,14.4,214.0,62.0,523.0,724.0,558.0,0:00,1228.0,50.0,55.0,33.0,620.0,233.0,1226.0,148.0,69.0,265.0,3798.0,352.0,45.0,90.0
921,921,0.0,2016-07-10,23.6,14.4,211.0,85.0,495.0,900.0,617.0,0:00,1513.0,47.0,63.0,30.0,830.0,196.0,1389.0,204.0,107.0,264.0,4632.0,342.0,70.0,94.0
922,922,0.0,2016-07-11,21.3,9.9,211.0,64.0,409.0,631.0,484.0,0:00,1713.0,26.0,130.0,28.0,674.0,264.0,1252.0,239.0,65.0,340.0,4270.0,311.0,68.0,74.0
923,923,0.0,2016-07-12,23.5,8.2,224.0,73.0,438.0,741.0,489.0,0:00,2024.0,35.0,145.0,34.0,805.0,296.0,1381.0,243.0,82.0,399.0,4951.0,377.0,100.0,79.0
924,924,0.2,2016-07-13,21.1,12.7,172.0,93.0,457.0,768.0,486.0,0:00,1834.0,40.0,135.0,32.0,748.0,275.0,1505.0,195.0,74.0,389.0,4855.0,375.0,93.0,91.0
925,925,0.0,2016-07-14,17.8,9.9,194.0,72.0,391.0,606.0,450.0,0:00,1626.0,30.0,118.0,32.0,649.0,225.0,1354.0,168.0,66.0,356.0,4235.0,332.0,76.0,81.0
926,926,0.0,2016-07-15,18.9,11.7,169.0,63.0,351.0,498.0,415.0,0:00,1384.0,20.0,93.0,20.0,477.0,200.0,1148.0,162.0,43.0,275.0,3507.0,278.0,64.0,69.0
927,927,0.0,2016-07-16,18.2,4.9,124.0,42.0,293.0,380.0,395.0,0:00,616.0,15.0,33.0,10.0,352.0,70.0,507.0,121.0,15.0,100.0,1855.0,112.0,23.0,41.0
928,928,12.6,2016-07-17,23.1,11.2,200.0,60.0,552.0,813.0,542.0,0:00,979.0,36.0,45.0,39.0,744.0,146.0,801.0,185.0,59.0,210.0,3337.0,183.0,61.0,79.0
929,929,6.0,2016-07-18,23.5,11.0,176.0,53.0,411.0,713.0,494.0,0:00,1457.0,29.0,124.0,22.0,768.0,248.0,1000.0,171.0,62.0,346.0,3938.0,256.0,91.0,64.0
930,930,0.4,2016-07-19,24.7,14.4,197.0,89.0,485.0,813.0,574.0,0:00,2211.0,32.0,152.0,41.0,879.0,301.0,1668.0,241.0,97.0,455.0,5571.0,366.0,158.0,90.0
931,931,0.0,2016-07-20,25.6,14.0,187.0,73.0,388.0,783.0,481.0,0:00,2107.0,31.0,126.0,19.0,837.0,289.0,1769.0,188.0,66.0,459.0,5496.0,409.0,100.0,89.0
932,932,0.0,2016-07-21,27.1,14.4,257.0,88.0,470.0,788.0,447.0,0:00,1963.0,28.0,137.0,35.0,809.0,288.0,1544.0,241.0,73.0,368.0,5104.0,469.0,94.0,95.0
933,933,0.0,2016-07-22,27.6,14.8,211.0,95.0,396.0,649.0,424.0,0:00,1845.0,22.0,119.0,18.0,629.0,263.0,1438.0,167.0,63.0,408.0,4561.0,404.0,80.0,98.0
934,934,0.0,2016-07-23,29.1,14.8,228.0,54.0,406.0,806.0,445.0,0:00,1377.0,35.0,70.0,24.0,688.0,181.0,1298.0,145.0,31.0,296.0,4169.0,277.0,32.0,69.0
935,935,0.0,2016-07-24,22.8,15.4,222.0,133.0,617.0,935.0,678.0,0:00,1661.0,34.0,75.0,43.0,939.0,186.0,1421.0,195.0,60.0,322.0,4956.0,332.0,68.0,107.0
936,936,0.0,2016-07-25,23.0,15.3,210.0,82.0,428.0,749.0,494.0,0:00,1861.0,51.0,129.0,36.0,804.0,245.0,1461.0,221.0,91.0,383.0,4875.0,311.0,93.0,78.0
937,937,0.0,2016-07-26,19.4,11.0,234.0,78.0,508.0,783.0,543.0,0:00,2141.0,25.0,134.0,36.0,843.0,304.0,1686.0,229.0,97.0,373.0,5453.0,395.0,91.0,90.0
938,938,0.0,2016-07-27,20.3,8.2,175.0,91.0,421.0,791.0,479.0,0:00,1971.0,32.0,130.0,33.0,787.0,273.0,1628.0,172.0,59.0,379.0,5177.0,388.0,80.0,101.0
939,939,0.0,2016-07-28,22.6,15.6,182.0,79.0,416.0,703.0,464.0,0:00,1861.0,29.0,112.0,24.0,742.0,290.0,1614.0,212.0,65.0,446.0,4920.0,387.0,78.0,82.0
940,940,0.0,2016-07-29,24.0,15.9,169.0,85.0,394.0,684.0,463.0,0:00,1810.0,33.0,96.0,24.0,671.0,259.0,1468.0,172.0,68.0,401.0,4633.0,338.0,78.0,87.0
941,941,0.0,2016-07-30,23.4,16.0,204.0,97.0,440.0,763.0,611.0,0:00,1380.0,40.0,41.0,25.0,707.0,192.0,1301.0,181.0,42.0,326.0,4151.0,276.0,32.0,111.0
942,942,0.0,2016-07-31,24.5,16.1,235.0,63.0,564.0,934.0,702.0,0:00,1482.0,26.0,37.0,25.0,869.0,202.0,1418.0,210.0,44.0,329.0,4703.0,279.0,44.0,81.0
943,943,0.0,2016-08-01,25.6,16.1,203.0,99.0,465.0,836.0,555.0,0:00,1908.0,46.0,120.0,39.0,870.0,264.0,1497.0,223.0,77.0,447.0,5111.0,345.0,100.0,86.0
944,944,0.0,2016-08-02,23.8,9.6,184.0,87.0,361.0,660.0,411.0,0:00,1989.0,34.0,111.0,32.0,640.0,248.0,1449.0,165.0,71.0,460.0,4738.0,382.0,91.0,85.0
945,945,8.6,2016-08-03,19.3,16.1,174.0,62.0,430.0,742.0,450.0,0:00,1549.0,49.0,94.0,31.0,770.0,225.0,1347.0,193.0,82.0,363.0,4408.0,306.0,78.0,72.0
946,946,0.8,2016-08-04,20.8,11.3,142.0,53.0,356.0,501.0,433.0,0:00,1309.0,33.0,86.0,19.0,512.0,206.0,1318.0,172.0,52.0,336.0,3640.0,310.0,59.0,50.0
947,947,0.2,2016-08-05,20.9,14.2,983.0,69.0,352.0,649.0,457.0,0:00,1698.0,27.0,102.0,22.0,617.0,243.0,1618.0,203.0,72.0,358.0,4582.0,343.0,95.0,75.0
948,948,0.0,2016-08-06,22.4,14.1,175.0,73.0,477.0,651.0,547.0,0:00,1194.0,43.0,48.0,33.0,621.0,138.0,1183.0,141.0,41.0,264.0,3649.0,242.0,41.0,109.0
949,949,0.0,2016-08-07,22.4,15.9,179.0,72.0,2178.0,3328.0,621.0,0:00,720.0,41.0,63.0,30.0,568.0,157.0,573.0,185.0,59.0,235.0,5189.0,285.0,48.0,91.0
950,950,0.0,2016-08-08,22.8,15.0,186.0,89.0,494.0,780.0,515.0,0:00,1910.0,35.0,143.0,35.0,822.0,245.0,1523.0,230.0,75.0,448.0,5035.0,342.0,89.0,81.0
951,951,0.0,2016-08-09,23.3,16.0,209.0,92.0,430.0,694.0,516.0,0:00,1996.0,40.0,120.0,32.0,701.0,298.0,1674.0,210.0,99.0,475.0,5065.0,390.0,101.0,95.0
952,952,0.0,2016-08-10,24.4,16.9,233.0,99.0,521.0,958.0,600.0,0:00,1644.0,33.0,75.0,40.0,885.0,187.0,1544.0,208.0,286.0,345.0,5031.0,304.0,270.0,129.0
953,953,0.0,2016-08-11,26.4,15.6,196.0,65.0,302.0,561.0,360.0,0:00,1777.0,30.0,106.0,34.0,522.0,241.0,1370.0,188.0,61.0,392.0,4230.0,334.0,67.0,66.0
954,954,5.0,2016-08-12,22.7,15.3,178.0,47.0,387.0,659.0,455.0,0:00,1693.0,22.0,93.0,21.0,655.0,231.0,1436.0,173.0,273.0,376.0,4443.0,307.0,291.0,59.0
955,955,0.0,2016-08-13,23.7,16.4,208.0,62.0,466.0,742.0,619.0,0:00,1263.0,28.0,66.0,16.0,684.0,170.0,1283.0,200.0,55.0,289.0,3972.0,288.0,56.0,71.0
956,956,0.0,2016-08-14,23.6,17.2,216.0,89.0,576.0,922.0,670.0,0:00,1497.0,37.0,80.0,34.0,848.0,217.0,1422.0,199.0,49.0,335.0,4689.0,352.0,55.0,105.0
957,957,0.2,2016-08-15,22.7,13.7,150.0,64.0,637.0,710.0,611.0,0:00,1624.0,34.0,118.0,26.0,777.0,55.0,1233.0,78.0,66.0,484.0,4344.0,211.0,77.0,64.0
958,958,0.2,2016-08-16,22.9,16.5,25.0,100.0,773.0,803.0,871.0,0:00,2147.0,40.0,146.0,35.0,890.0,1.0,1832.0,15.0,62.0,936.0,5672.0,4.0,78.0,98.0
959,959,0.0,2016-08-17,22.7,15.3,70.0,81.0,583.0,791.0,700.0,0:00,2112.0,35.0,128.0,33.0,795.0,148.0,1686.0,102.0,65.0,804.0,5384.0,71.0,101.0,80.0
960,960,1.0,2016-08-18,21.4,11.7,182.0,68.0,431.0,643.0,446.0,0:00,1740.0,49.0,96.0,35.0,613.0,237.0,1348.0,183.0,55.0,481.0,4344.0,282.0,78.0,83.0
961,961,0.4,2016-08-19,23.3,16.3,179.0,67.0,437.0,639.0,430.0,0:00,1826.0,34.0,105.0,28.0,620.0,229.0,1441.0,163.0,78.0,449.0,4526.0,287.0,76.0,64.0
962,962,0.0,2016-08-20,25.3,13.8,193.0,63.0,399.0,630.0,519.0,0:00,1432.0,31.0,77.0,28.0,582.0,138.0,1390.0,521.0,34.0,277.0,4034.0,260.0,29.0,75.0
963,963,4.4,2016-08-21,22.9,18.5,200.0,85.0,647.0,918.0,697.0,0:00,1490.0,28.0,52.0,35.0,877.0,179.0,1430.0,230.0,59.0,342.0,4715.0,330.0,48.0,104.0
964,964,0.2,2016-08-22,24.5,16.6,175.0,77.0,457.0,755.0,520.0,0:00,2020.0,31.0,141.0,30.0,806.0,273.0,1400.0,196.0,64.0,488.0,4981.0,331.0,88.0,97.0
965,965,0.0,2016-08-23,26.3,15.0,184.0,69.0,377.0,862.0,492.0,0:00,1939.0,36.0,132.0,38.0,888.0,279.0,1571.0,214.0,81.0,547.0,5260.0,329.0,88.0,89.0
966,966,1.0,2016-08-24,21.8,4.9,116.0,44.0,253.0,398.0,357.0,0:00,1023.0,18.0,71.0,17.0,438.0,149.0,768.0,122.0,55.0,310.0,2627.0,221.0,70.0,39.0
967,967,9.6,2016-08-25,20.8,19.1,185.0,78.0,423.0,736.0,549.0,0:00,1826.0,49.0,118.0,22.0,751.0,235.0,1581.0,214.0,67.0,425.0,4894.0,341.0,74.0,74.0
968,968,0.0,2016-08-26,21.0,16.3,168.0,80.0,387.0,610.0,474.0,0:00,1735.0,34.0,106.0,43.0,600.0,244.0,1612.0,153.0,66.0,394.0,4557.0,349.0,75.0,76.0
969,969,0.0,2016-08-27,21.8,19.3,172.0,87.0,456.0,707.0,520.0,0:00,1235.0,35.0,45.0,12.0,652.0,145.0,1247.0,143.0,48.0,277.0,3841.0,326.0,48.0,77.0
970,970,0.0,2016-08-28,23.7,19.5,246.0,78.0,2974.0,802.0,690.0,0:00,1217.0,48.0,46.0,33.0,758.0,139.0,1166.0,286.0,54.0,259.0,3943.0,289.0,49.0,86.0
971,971,0.0,2016-08-29,23.7,19.1,153.0,77.0,673.0,778.0,557.0,0:00,1937.0,47.0,129.0,46.0,825.0,77.0,1496.0,74.0,80.0,599.0,5036.0,272.0,90.0,83.0
972,972,0.0,2016-08-30,23.3,17.8,123.0,98.0,671.0,738.0,733.0,0:00,2234.0,34.0,152.0,38.0,793.0,75.0,1826.0,65.0,82.0,679.0,5591.0,256.0,98.0,112.0
973,973,0.0,2016-08-31,23.7,12.9,106.0,81.0,659.0,698.0,642.0,0:00,2051.0,40.0,132.0,31.0,725.0,69.0,1807.0,44.0,79.0,651.0,5281.0,244.0,96.0,88.0
974,974,0.0,2016-09-01,26.1,15.9,86.0,97.0,617.0,794.0,604.0,0:00,2149.0,41.0,125.0,32.0,794.0,80.0,1527.0,54.0,83.0,652.0,5264.0,204.0,109.0,106.0
975,975,0.0,2016-09-02,25.6,14.9,132.0,72.0,430.0,578.0,482.0,0:00,1710.0,35.0,98.0,21.0,581.0,183.0,1238.0,106.0,59.0,496.0,4107.0,236.0,73.0,81.0
976,976,9.6,2016-09-03,23.2,19.7,153.0,37.0,366.0,608.0,484.0,0:00,851.0,58.0,43.0,21.0,571.0,130.0,872.0,111.0,45.0,278.0,2902.0,199.0,28.0,62.0
977,977,0.0,2016-09-04,24.2,20.4,183.0,84.0,484.0,770.0,568.0,0:00,1602.0,32.0,63.0,24.0,708.0,151.0,1532.0,166.0,52.0,376.0,4612.0,325.0,43.0,94.0
978,978,0.0,2016-09-05,23.3,17.4,2.0,81.0,703.0,773.0,860.0,0:00,1933.0,26.0,148.0,29.0,850.0,0.0,1587.0,13.0,72.0,831.0,5143.0,1.0,92.0,84.0
979,979,0.2,2016-09-06,23.3,15.5,71.0,94.0,551.0,843.0,731.0,0:00,2219.0,41.0,172.0,40.0,892.0,132.0,1821.0,130.0,89.0,852.0,5775.0,65.0,91.0,107.0
980,980,0.0,2016-09-07,23.7,11.7,173.0,68.0,416.0,748.0,513.0,0:00,2100.0,30.0,118.0,36.0,769.0,230.0,1720.0,161.0,82.0,518.0,5337.0,283.0,100.0,90.0
981,981,0.2,2016-09-08,24.4,18.2,179.0,82.0,405.0,714.0,502.0,0:00,2115.0,27.0,151.0,32.0,767.0,226.0,1613.0,184.0,79.0,556.0,5209.0,325.0,75.0,91.0
982,982,0.0,2016-09-09,22.2,8.7,144.0,64.0,297.0,416.0,381.0,0:00,1665.0,22.0,89.0,21.0,371.0,183.0,1107.0,113.0,46.0,393.0,3559.0,248.0,51.0,59.0
983,983,7.2,2016-09-10,23.3,11.7,134.0,33.0,254.0,423.0,384.0,0:00,518.0,11.0,18.0,8.0,439.0,73.0,400.0,105.0,20.0,139.0,1780.0,129.0,35.0,38.0
984,984,14.0,2016-09-11,24.0,21.4,218.0,98.0,476.0,852.0,585.0,0:00,1666.0,28.0,48.0,35.0,832.0,162.0,1474.0,198.0,53.0,435.0,4824.0,352.0,55.0,114.0
985,985,0.0,2016-09-12,25.3,20.8,185.0,72.0,459.0,817.0,498.0,0:00,2043.0,35.0,147.0,45.0,866.0,222.0,1465.0,171.0,89.0,507.0,5191.0,333.0,95.0,86.0
986,986,0.0,2016-09-13,26.5,19.6,220.0,95.0,457.0,812.0,524.0,0:00,2264.0,44.0,163.0,52.0,897.0,273.0,1857.0,201.0,104.0,591.0,5830.0,369.0,102.0,109.0
987,987,0.0,2016-09-14,25.9,19.4,175.0,84.0,425.0,794.0,469.0,0:00,2238.0,40.0,150.0,42.0,866.0,256.0,1779.0,197.0,90.0,562.0,5677.0,405.0,97.0,92.0
988,988,0.0,2016-09-15,26.7,9.4,172.0,73.0,284.0,473.0,366.0,0:00,1391.0,15.0,111.0,28.0,462.0,159.0,1029.0,110.0,66.0,387.0,3355.0,290.0,74.0,75.0
989,989,3.0,2016-09-16,25.7,19.7,155.0,56.0,333.0,671.0,382.0,0:00,1431.0,27.0,127.0,28.0,608.0,173.0,1276.0,140.0,75.0,416.0,3986.0,295.0,86.0,73.0
990,990,0.2,2016-09-17,25.5,19.9,218.0,69.0,460.0,677.0,484.0,0:00,1393.0,52.0,63.0,26.0,658.0,135.0,1345.0,154.0,53.0,306.0,4073.0,343.0,55.0,87.0
991,991,3.0,2016-09-18,22.5,8.1,101.0,13.0,403.0,421.0,313.0,0:00,333.0,13.0,20.0,15.0,417.0,54.0,267.0,138.0,26.0,98.0,1438.0,90.0,25.0,30.0
992,992,3.4,2016-09-19,22.3,13.5,174.0,70.0,456.0,760.0,548.0,0:00,1742.0,33.0,155.0,38.0,795.0,210.0,1355.0,218.0,80.0,409.0,4652.0,279.0,86.0,70.0
993,993,0.0,2016-09-20,25.3,21.2,169.0,99.0,452.0,816.0,560.0,0:00,2256.0,53.0,191.0,40.0,879.0,207.0,1833.0,180.0,121.0,536.0,5784.0,439.0,109.0,105.0
994,994,0.6,2016-09-21,21.4,6.1,122.0,37.0,301.0,484.0,380.0,0:00,1041.0,22.0,86.0,26.0,505.0,125.0,824.0,128.0,69.0,289.0,2854.0,193.0,61.0,52.0
995,995,4.6,2016-09-22,24.7,21.3,204.0,97.0,437.0,788.0,530.0,0:00,1917.0,65.0,186.0,36.0,799.0,293.0,1934.0,205.0,90.0,515.0,5438.0,422.0,105.0,96.0
996,996,0.0,2016-09-23,25.2,23.5,457.0,88.0,12.0,671.0,18.0,0:00,1737.0,36.0,157.0,30.0,656.0,419.0,1612.0,382.0,84.0,11.0,4676.0,665.0,95.0,96.0
997,997,0.0,2016-09-24,26.3,23.5,673.0,98.0,11.0,934.0,10.0,0:00,1389.0,35.0,139.0,29.0,840.0,323.0,1329.0,598.0,51.0,11.0,4492.0,614.0,56.0,99.0
998,998,0.0,2016-09-25,28.8,19.0,289.0,94.0,334.0,727.0,370.0,0:00,1147.0,27.0,64.0,35.0,659.0,159.0,1086.0,297.0,49.0,226.0,3619.0,318.0,45.0,99.0
999,999,0.0,2016-09-26,27.6,23.8,194.0,75.0,389.0,857.0,462.0,0:00,1836.0,42.0,183.0,36.0,939.0,210.0,1513.0,208.0,130.0,374.0,5145.0,443.0,118.0,93.0
1000,1000,0.0,2016-09-27,26.6,20.8,243.0,108.0,418.0,872.0,548.0,0:00,2021.0,27.0,197.0,31.0,939.0,281.0,1864.0,240.0,123.0,477.0,5696.0,535.0,120.0,125.0
1001,1001,0.0,2016-09-28,27.0,24.0,215.0,101.0,435.0,753.0,496.0,0:00,2115.0,36.0,186.0,38.0,797.0,205.0,1855.0,228.0,112.0,480.0,5520.0,522.0,91.0,111.0
1002,1002,0.0,2016-09-29,24.1,7.3,168.0,74.0,330.0,609.0,387.0,0:00,1598.0,38.0,147.0,33.0,620.0,213.0,1275.0,171.0,87.0,331.0,4102.0,380.0,84.0,81.0
1003,1003,5.8,2016-09-30,25.7,24.4,203.0,70.0,337.0,638.0,464.0,0:00,1418.0,46.0,137.0,27.0,631.0,228.0,1323.0,219.0,82.0,382.0,4010.0,391.0,91.0,80.0
1004,1004,0.2,2016-10-01,27.0,24.7,179.0,54.0,439.0,662.0,494.0,0:00,1152.0,57.0,79.0,22.0,603.0,153.0,1273.0,162.0,63.0,242.0,3690.0,349.0,55.0,80.0
1005,1005,0.0,2016-10-02,26.9,24.5,152.0,80.0,414.0,730.0,448.0,0:00,1439.0,26.0,109.0,24.0,669.0,140.0,1265.0,176.0,43.0,290.0,4103.0,350.0,64.0,89.0
1006,1006,0.0,2016-10-03,26.7,7.5,110.0,63.0,267.0,463.0,326.0,0:00,915.0,34.0,52.0,34.0,417.0,77.0,860.0,142.0,48.0,141.0,2655.0,165.0,46.0,85.0
1007,1007,16.2,2016-10-04,26.2,24.9,209.0,92.0,451.0,871.0,569.0,0:00,2143.0,44.0,190.0,41.0,927.0,299.0,1725.0,257.0,100.0,385.0,5666.0,432.0,110.0,102.0
1008,1008,0.0,2016-10-05,28.7,25.3,211.0,105.0,375.0,867.0,519.0,0:00,2395.0,33.0,228.0,31.0,926.0,260.0,2025.0,218.0,121.0,445.0,6213.0,573.0,103.0,112.0
1009,1009,0.0,2016-10-06,29.1,25.4,229.0,125.0,321.0,868.0,448.0,0:00,2203.0,42.0,232.0,34.0,920.0,255.0,1826.0,198.0,102.0,460.0,5817.0,536.0,135.0,118.0
1010,1010,0.0,2016-10-07,29.0,25.3,206.0,92.0,281.0,702.0,395.0,0:00,1922.0,30.0,178.0,27.0,679.0,251.0,1589.0,189.0,82.0,436.0,4892.0,471.0,102.0,102.0
1011,1011,0.0,2016-10-08,32.2,25.3,168.0,82.0,347.0,739.0,473.0,0:00,1529.0,28.0,98.0,36.0,682.0,175.0,1280.0,158.0,55.0,258.0,4230.0,357.0,67.0,116.0
1012,1012,0.0,2016-10-09,25.5,14.0,187.0,70.0,390.0,762.0,459.0,0:00,1465.0,35.0,109.0,22.0,725.0,180.0,1368.0,284.0,49.0,290.0,4320.0,383.0,64.0,95.0
1013,1013,0.0,2016-10-10,26.4,24.8,179.0,97.0,404.0,844.0,485.0,0:00,2149.0,34.0,228.0,29.0,921.0,211.0,1550.0,210.0,104.0,445.0,5464.0,555.0,101.0,109.0
1014,1014,0.0,2016-10-11,29.2,21.7,196.0,108.0,392.0,834.0,485.0,0:00,2346.0,46.0,222.0,36.0,906.0,260.0,1953.0,207.0,116.0,478.0,6039.0,653.0,126.0,126.0
1015,1015,0.0,2016-10-12,24.5,21.3,199.0,103.0,394.0,832.0,534.0,0:00,2405.0,45.0,213.0,39.0,852.0,226.0,1910.0,196.0,107.0,459.0,5999.0,625.0,127.0,113.0
1016,1016,0.0,2016-10-13,26.1,20.2,201.0,89.0,369.0,715.0,447.0,0:00,2019.0,39.0,190.0,32.0,751.0,224.0,1870.0,176.0,102.0,437.0,5355.0,607.0,106.0,99.0
1017,1017,0.0,2016-10-14,23.4,19.9,191.0,73.0,324.0,582.0,436.0,0:00,1812.0,116.0,142.0,26.0,599.0,239.0,1575.0,158.0,74.0,356.0,4568.0,518.0,73.0,83.0
1018,1018,0.0,2016-10-15,24.1,23.1,230.0,64.0,409.0,702.0,478.0,0:00,1441.0,33.0,82.0,30.0,658.0,206.0,1206.0,162.0,55.0,284.0,4007.0,371.0,70.0,71.0
1019,1019,0.0,2016-10-16,25.4,26.6,181.0,104.0,505.0,1000.0,503.0,0:00,1642.0,39.0,112.0,29.0,946.0,200.0,1354.0,170.0,52.0,303.0,4942.0,361.0,66.0,108.0
1020,1020,0.0,2016-10-17,28.3,21.8,175.0,91.0,240.0,599.0,303.0,0:00,1787.0,28.0,184.0,31.0,597.0,172.0,1238.0,170.0,79.0,333.0,4221.0,456.0,82.0,89.0
1021,1021,10.8,2016-10-18,25.7,27.1,220.0,103.0,422.0,883.0,565.0,0:00,2303.0,46.0,198.0,38.0,1003.0,260.0,1920.0,212.0,132.0,466.0,6109.0,627.0,133.0,108.0
1022,1022,0.0,2016-10-19,29.4,27.2,206.0,115.0,385.0,824.0,456.0,0:00,2249.0,38.0,201.0,38.0,863.0,240.0,2031.0,200.0,99.0,490.0,5967.0,608.0,117.0,116.0
1023,1023,0.0,2016-10-20,27.0,22.3,201.0,88.0,311.0,746.0,424.0,0:00,2035.0,29.0,183.0,35.0,754.0,210.0,1872.0,173.0,104.0,476.0,5407.0,590.0,104.0,97.0
1024,1024,0.0,2016-10-21,26.8,26.2,189.0,87.0,344.0,654.0,1427.0,0:00,1994.0,28.0,162.0,23.0,628.0,216.0,1575.0,185.0,85.0,374.0,4851.0,617.0,95.0,89.0
1025,1025,0.0,2016-10-22,27.6,21.6,151.0,94.0,330.0,549.0,325.0,0:00,1414.0,30.0,101.0,31.0,538.0,152.0,1253.0,142.0,50.0,252.0,3754.0,398.0,41.0,110.0
1026,1026,3.0,2016-10-23,21.6,11.8,161.0,77.0,452.0,752.0,541.0,0:00,1099.0,24.0,99.0,23.0,686.0,153.0,996.0,132.0,56.0,258.0,3533.0,357.0,66.0,76.0
1027,1027,0.0,2016-10-24,25.3,27.5,193.0,102.0,417.0,797.0,459.0,0:00,2103.0,35.0,189.0,28.0,859.0,252.0,1604.0,258.0,124.0,425.0,5363.0,547.0,123.0,119.0
1028,1028,0.0,2016-10-25,27.5,27.5,191.0,119.0,374.0,933.0,505.0,0:00,2431.0,30.0,210.0,41.0,1006.0,275.0,2004.0,208.0,117.0,492.0,6374.0,678.0,149.0,127.0
1029,1029,0.0,2016-10-26,28.0,27.7,177.0,114.0,377.0,823.0,477.0,0:00,2370.0,39.0,218.0,33.0,847.0,253.0,1932.0,197.0,95.0,506.0,5972.0,614.0,127.0,124.0
1030,1030,0.0,2016-10-27,29.2,25.9,298.0,95.0,217.0,752.0,229.0,0:00,2116.0,23.0,203.0,21.0,791.0,284.0,1766.0,269.0,87.0,264.0,5425.0,783.0,114.0,99.0
1031,1031,0.0,2016-10-28,28.6,25.9,168.0,70.0,301.0,664.0,387.0,0:00,1907.0,19.0,181.0,26.0,603.0,181.0,1597.0,152.0,65.0,404.0,4771.0,590.0,80.0,74.0
1032,1032,0.0,2016-10-29,28.2,25.6,166.0,89.0,412.0,646.0,453.0,0:00,1332.0,31.0,109.0,30.0,631.0,164.0,1172.0,150.0,52.0,282.0,3781.0,403.0,55.0,98.0
1033,1033,0.0,2016-10-30,27.7,27.7,139.0,102.0,462.0,747.0,448.0,0:00,1493.0,29.0,117.0,28.0,717.0,205.0,1263.0,191.0,35.0,322.0,4220.0,378.0,45.0,133.0
1034,1034,0.0,2016-10-31,28.3,13.8,215.0,84.0,294.0,732.0,346.0,0:00,1962.0,30.0,221.0,27.0,808.0,263.0,1450.0,255.0,99.0,370.0,4952.0,639.0,106.0,96.0
1035,1035,1.4,2016-11-01,26.3,10.7,422.0,75.0,49.0,698.0,64.0,0:00,1890.0,24.0,144.0,24.0,734.0,441.0,1589.0,402.0,104.0,46.0,4911.0,783.0,112.0,86.0
1036,1036,1.2,2016-11-02,28.9,28.8,454.0,101.0,4.0,814.0,13.0,0:00,2228.0,35.0,249.0,22.0,857.0,401.0,2015.0,409.0,104.0,24.0,5914.0,1054.0,103.0,110.0
1037,1037,0.0,2016-11-03,27.5,21.5,348.0,95.0,179.0,761.0,169.0,0:00,2202.0,34.0,213.0,29.0,831.0,292.0,1810.0,295.0,96.0,182.0,5604.0,947.0,120.0,104.0
1038,1038,0.0,2016-11-04,29.3,28.8,286.0,77.0,227.0,632.0,225.0,0:00,1895.0,30.0,210.0,27.0,646.0,263.0,1646.0,223.0,70.0,195.0,4819.0,797.0,84.0,88.0
1039,1039,0.0,2016-11-05,34.4,29.1,176.0,74.0,285.0,597.0,407.0,0:00,1316.0,17.0,108.0,24.0,586.0,176.0,1247.0,148.0,42.0,276.0,3746.0,404.0,50.0,88.0
1040,1040,0.0,2016-11-06,33.3,29.2,167.0,98.0,355.0,743.0,437.0,0:00,1390.0,33.0,91.0,34.0,679.0,154.0,1381.0,159.0,38.0,301.0,4193.0,371.0,36.0,121.0
1041,1041,0.0,2016-11-07,28.9,24.9,104.0,83.0,453.0,748.0,421.0,0:00,2138.0,30.0,243.0,25.0,849.0,120.0,1584.0,58.0,87.0,623.0,5319.0,365.0,115.0,106.0
1042,1042,0.0,2016-11-08,32.5,25.9,88.0,95.0,317.0,589.0,360.0,0:00,2148.0,21.0,227.0,20.0,585.0,116.0,1741.0,50.0,74.0,664.0,5063.0,341.0,87.0,129.0
1043,1043,1.0,2016-11-09,31.7,25.7,83.0,77.0,380.0,594.0,410.0,0:00,2106.0,29.0,186.0,24.0,611.0,80.0,1628.0,45.0,79.0,712.0,4939.0,312.0,105.0,103.0
1044,1044,3.6,2016-11-10,32.5,25.7,110.0,105.0,368.0,695.0,508.0,0:00,1912.0,20.0,235.0,12.0,748.0,90.0,1537.0,56.0,86.0,667.0,4892.0,275.0,137.0,100.0
1045,1045,0.0,2016-11-11,31.8,27.0,121.0,99.0,253.0,531.0,332.0,0:00,1913.0,23.0,177.0,22.0,517.0,199.0,1693.0,107.0,52.0,453.0,4654.0,535.0,72.0,109.0
1046,1046,0.0,2016-11-12,31.6,19.4,50.0,51.0,346.0,498.0,415.0,0:00,1347.0,12.0,86.0,19.0,486.0,55.0,1027.0,57.0,33.0,391.0,3358.0,136.0,36.0,80.0
1047,1047,19.6,2016-11-13,36.0,22.8,1.0,80.0,441.0,591.0,507.0,0:00,1368.0,22.0,107.0,30.0,535.0,1.0,1131.0,4.0,29.0,605.0,3625.0,1.0,57.0,127.0
1048,1048,0.2,2016-11-14,30.1,28.1,23.0,96.0,590.0,771.0,776.0,0:00,1876.0,54.0,199.0,28.0,866.0,2.0,1653.0,17.0,88.0,937.0,5166.0,2.0,104.0,93.0
1049,1049,0.0,2016-11-15,27.4,26.0,8.0,116.0,642.0,839.0,767.0,0:00,2317.0,50.0,224.0,38.0,932.0,0.0,2028.0,5.0,108.0,1119.0,6116.0,0.0,150.0,129.0
1050,1050,0.0,2016-11-16,28.1,29.0,9.0,106.0,573.0,775.0,624.0,0:00,2271.0,43.0,201.0,40.0,849.0,4.0,1804.0,9.0,83.0,1158.0,5699.0,4.0,98.0,111.0
1051,1051,0.0,2016-11-17,28.3,25.5,13.0,69.0,539.0,710.0,640.0,0:00,2003.0,30.0,165.0,36.0,756.0,3.0,1664.0,6.0,84.0,1007.0,5133.0,7.0,96.0,90.0
1052,1052,0.0,2016-11-18,27.3,27.2,70.0,101.0,396.0,711.0,485.0,0:00,1881.0,36.0,196.0,35.0,672.0,114.0,1607.0,81.0,80.0,794.0,4871.0,201.0,104.0,106.0
1053,1053,0.0,2016-11-19,28.1,21.2,134.0,63.0,322.0,538.0,435.0,0:00,1507.0,48.0,91.0,27.0,507.0,137.0,1278.0,148.0,41.0,330.0,3830.0,411.0,41.0,94.0
1054,1054,0.0,2016-11-20,28.6,30.0,155.0,86.0,413.0,657.0,390.0,0:00,1599.0,37.0,109.0,29.0,608.0,155.0,1463.0,152.0,49.0,350.0,4327.0,374.0,37.0,108.0
1055,1055,0.0,2016-11-21,29.7,30.2,165.0,101.0,305.0,745.0,415.0,0:00,2117.0,46.0,251.0,30.0,889.0,205.0,1594.0,155.0,88.0,526.0,5345.0,596.0,86.0,121.0
1056,1056,0.0,2016-11-22,28.8,28.7,164.0,117.0,322.0,807.0,442.0,0:00,2437.0,67.0,274.0,47.0,869.0,228.0,2009.0,165.0,94.0,534.0,6122.0,703.0,118.0,136.0
1057,1057,0.0,2016-11-23,31.2,28.2,183.0,106.0,250.0,797.0,380.0,0:00,2281.0,214.0,270.0,37.0,863.0,208.0,1913.0,173.0,89.0,489.0,5854.0,657.0,126.0,134.0
1058,1058,0.0,2016-11-24,35.1,30.5,178.0,93.0,237.0,630.0,360.0,0:00,1967.0,35.0,241.0,33.0,698.0,294.0,1756.0,153.0,70.0,485.0,5051.0,514.0,98.0,141.0
1059,1059,0.0,2016-11-25,29.0,28.4,134.0,81.0,267.0,563.0,348.0,0:00,1982.0,149.0,174.0,30.0,546.0,206.0,1486.0,156.0,61.0,409.0,4577.0,571.0,85.0,106.0
1060,1060,0.0,2016-11-26,27.0,15.2,122.0,48.0,273.0,472.0,321.0,0:00,1102.0,25.0,56.0,23.0,441.0,108.0,876.0,118.0,39.0,260.0,2891.0,316.0,38.0,49.0
1061,1061,1.0,2016-11-27,29.7,26.7,127.0,112.0,326.0,675.0,426.0,0:00,1428.0,31.0,105.0,31.0,628.0,138.0,1141.0,161.0,41.0,352.0,3872.0,373.0,45.0,91.0
1062,1062,0.0,2016-11-28,29.9,29.3,184.0,90.0,251.0,777.0,403.0,0:00,2031.0,35.0,230.0,37.0,942.0,202.0,1468.0,175.0,102.0,457.0,5218.0,619.0,97.0,111.0
1063,1063,0.0,2016-11-29,30.7,30.8,296.0,140.0,56.0,775.0,151.0,0:00,2332.0,43.0,278.0,38.0,821.0,397.0,1904.0,307.0,92.0,285.0,5832.0,905.0,121.0,134.0
1064,1064,0.0,2016-11-30,31.3,26.7,270.0,104.0,62.0,584.0,181.0,0:00,1994.0,27.0,183.0,38.0,586.0,305.0,1664.0,232.0,81.0,261.0,4828.0,820.0,112.0,111.0
1065,1065,16.6,2016-12-01,30.2,27.2,185.0,101.0,195.0,559.0,275.0,0:00,1975.0,27.0,210.0,37.0,546.0,157.0,1435.0,162.0,78.0,362.0,4515.0,641.0,100.0,107.0
1066,1066,0.4,2016-12-02,30.4,31.0,157.0,97.0,206.0,495.0,253.0,0:00,1802.0,15.0,213.0,33.0,474.0,188.0,1478.0,135.0,46.0,373.0,4249.0,575.0,64.0,119.0
1067,1067,0.0,2016-12-03,30.8,20.8,112.0,86.0,249.0,351.0,270.0,0:00,1134.0,22.0,91.0,19.0,350.0,122.0,983.0,123.0,35.0,223.0,2818.0,303.0,38.0,112.0
1068,1068,21.2,2016-12-04,30.3,31.0,92.0,50.0,333.0,553.0,358.0,0:00,1232.0,25.0,99.0,23.0,537.0,149.0,1062.0,110.0,41.0,277.0,3384.0,320.0,50.0,85.0
1069,1069,0.0,2016-12-05,30.3,30.3,146.0,85.0,211.0,714.0,239.0,0:00,1872.0,21.0,245.0,20.0,817.0,185.0,1505.0,133.0,75.0,452.0,4908.0,605.0,85.0,102.0
1070,1070,5.4,2016-12-06,33.8,24.2,112.0,77.0,172.0,581.0,237.0,0:00,1722.0,22.0,227.0,26.0,666.0,163.0,1242.0,131.0,70.0,381.0,4211.0,483.0,93.0,87.0
1071,1071,11.0,2016-12-07,31.3,16.0,95.0,56.0,158.0,483.0,213.0,0:00,1416.0,25.0,156.0,22.0,491.0,176.0,1046.0,90.0,81.0,375.0,3436.0,453.0,101.0,119.0
1072,1072,20.4,2016-12-08,28.4,8.8,88.0,78.0,224.0,490.0,287.0,0:00,1833.0,341.0,158.0,14.0,504.0,283.0,1363.0,144.0,84.0,412.0,4190.0,431.0,118.0,116.0
1073,1073,3.2,2016-12-09,28.6,4.5,145.0,76.0,231.0,491.0,307.0,0:00,1432.0,79.0,111.0,22.0,426.0,229.0,1273.0,149.0,73.0,358.0,3622.0,407.0,82.0,102.0
1074,1074,1.4,2016-12-10,27.7,20.0,153.0,72.0,310.0,502.0,381.0,0:00,1187.0,21.0,73.0,18.0,487.0,131.0,1093.0,156.0,47.0,257.0,3269.0,427.0,56.0,88.0
1075,1075,0.0,2016-12-11,27.2,20.5,153.0,89.0,347.0,596.0,397.0,0:00,1426.0,94.0,90.0,24.0,569.0,145.0,1108.0,143.0,52.0,282.0,3699.0,330.0,71.0,139.0
1076,1076,0.0,2016-12-12,28.1,27.9,144.0,108.0,191.0,706.0,356.0,0:00,1969.0,106.0,221.0,20.0,761.0,177.0,1533.0,130.0,88.0,411.0,4969.0,635.0,88.0,112.0
1077,1077,0.0,2016-12-13,28.8,30.6,162.0,124.0,205.0,712.0,331.0,0:00,2325.0,916.0,228.0,23.0,755.0,219.0,1849.0,191.0,107.0,518.0,5641.0,693.0,123.0,125.0
1078,1078,0.0,2016-12-14,29.5,30.2,129.0,76.0,218.0,644.0,264.0,0:00,2169.0,1760.0,222.0,12.0,680.0,218.0,1729.0,134.0,91.0,476.0,5222.0,664.0,122.0,106.0
1079,1079,0.0,2016-12-15,30.6,31.4,140.0,73.0,212.0,559.0,366.0,0:00,1891.0,966.0,233.0,2.0,597.0,177.0,1550.0,129.0,79.0,427.0,4597.0,574.0,84.0,111.0
1080,1080,0.0,2016-12-16,30.0,26.3,122.0,77.0,198.0,497.0,322.0,0:00,1682.0,230.0,156.0,0.0,465.0,197.0,1254.0,111.0,58.0,325.0,3898.0,519.0,79.0,117.0
1081,1081,0.0,2016-12-17,31.0,31.1,99.0,66.0,267.0,485.0,336.0,0:00,1206.0,109.0,79.0,0.0,455.0,131.0,1086.0,123.0,38.0,264.0,3232.0,327.0,49.0,102.0
1082,1082,1.6,2016-12-18,32.3,20.0,97.0,86.0,252.0,444.0,269.0,0:00,1040.0,0.0,74.0,0.0,437.0,116.0,948.0,112.0,41.0,202.0,2869.0,269.0,39.0,114.0
1083,1083,12.4,2016-12-19,27.8,16.8,134.0,75.0,221.0,592.0,316.0,0:00,1748.0,0.0,165.0,0.0,667.0,172.0,1314.0,132.0,90.0,433.0,4321.0,511.0,90.0,101.0
1084,1084,0.2,2016-12-20,29.6,21.9,134.0,82.0,218.0,612.0,283.0,0:00,2070.0,0.0,228.0,0.0,614.0,211.0,1614.0,142.0,100.0,427.0,4910.0,623.0,111.0,123.0
1085,1085,0.0,2016-12-21,34.1,25.9,105.0,73.0,174.0,419.0,260.0,0:00,1738.0,0.0,161.0,0.0,371.0,202.0,1455.0,88.0,71.0,389.0,3983.0,474.0,81.0,107.0
1086,1086,0.6,2016-12-22,31.5,20.9,120.0,83.0,145.0,479.0,237.0,0:00,1587.0,0.0,165.0,0.0,472.0,153.0,1430.0,111.0,77.0,373.0,3968.0,504.0,79.0,115.0
1087,1087,0.0,2016-12-23,27.7,13.0,113.0,55.0,190.0,417.0,251.0,0:00,1503.0,0.0,119.0,0.0,394.0,156.0,1237.0,93.0,60.0,290.0,3551.0,473.0,74.0,97.0
1088,1088,0.0,2016-12-24,29.2,26.7,102.0,62.0,197.0,414.0,244.0,0:00,1181.0,0.0,53.0,0.0,384.0,85.0,1075.0,97.0,39.0,190.0,3054.0,301.0,51.0,97.0
1089,1089,0.0,2016-12-25,27.5,11.2,78.0,7.0,233.0,312.0,206.0,0:00,403.0,0.0,42.0,0.0,317.0,28.0,355.0,48.0,37.0,73.0,1387.0,87.0,33.0,26.0
1090,1090,6.0,2016-12-26,29.3,24.0,82.0,62.0,168.0,400.0,259.0,0:00,860.0,0.0,70.0,0.0,370.0,92.0,701.0,75.0,57.0,180.0,2331.0,188.0,61.0,97.0
1091,1091,1.4,2016-12-27,28.9,24.4,98.0,77.0,236.0,606.0,359.0,0:00,1200.0,1.0,86.0,0.0,545.0,116.0,1079.0,83.0,52.0,256.0,3430.0,266.0,53.0,108.0
1092,1092,0.2,2016-12-28,29.8,30.6,125.0,84.0,198.0,592.0,297.0,0:00,1322.0,0.0,115.0,0.0,563.0,134.0,1131.0,96.0,52.0,278.0,3608.0,340.0,50.0,116.0
1093,1093,0.0,2016-12-29,30.8,30.3,103.0,79.0,170.0,574.0,280.0,0:00,1404.0,0.0,147.0,0.0,523.0,110.0,1093.0,68.0,56.0,301.0,3594.0,334.0,51.0,118.0
1094,1094,0.0,2016-12-30,32.4,31.3,103.0,78.0,218.0,460.0,279.0,0:00,1161.0,0.0,111.0,0.0,409.0,123.0,1005.0,81.0,41.0,247.0,3035.0,325.0,52.0,106.0
1095,1095,0.0,2016-12-31,33.9,31.4,90.0,67.0,287.0,447.0,282.0,0:00,1056.0,0.0,55.0,0.0,392.0,90.0,956.0,79.0,21.0,174.0,2851.0,249.0,28.0,93.0
